<?xml version="1.0" encoding="utf-8"?>
<TEI xmlns="http://www.tei-c.org/ns/1.0" xmlns:xi="http://www.w3.org/2001/XInclude">
 <teiHeader>
  <fileDesc>
   <titleStmt>
    <title>
     Произведения, написанные для «Азбуки» и не включенные в нее
    </title>
    <author>
     Толстой Л.Н.
    </author>
    <respStmt>
     <resp>
      подготовка TEI/XML
     </resp>
     <name>
      Мария Картышева, Евгений Можаев, Даниил Скоринкин, Елена Сидорова, Вероника Файнберг, Кирилл Милинцевич
     </name>
    </respStmt>
    <respStmt>
     <name>
      Анастасия Бонч-Осмоловская, Фёкла Толстая, Борис Орехов
     </name>
     <resp>
      Идея, постановка задач, руководство
     </resp>
    </respStmt>
   </titleStmt>
   <publicationStmt>
    <idno>
     Азбука  | Произведения, написанные для «Азбуки» и не включенные в нее
    </idno>
    <publisher>
     <orgName>
      Школа лингвистики НИУ ВШЭ
     </orgName>
    </publisher>
    <availability>
     <p>
      Тексты и метатекстовая разметка доступны для свободного использования и распространения по лицензии Creative Commons Attribution Share-Alike (cc by-sa)
     </p>
    </availability>
   </publicationStmt>
   <sourceDesc>
    <biblStruct>
     <analytic>
      <author>
       Толстой Л.Н.
      </author>
      <title level="a">
       Произведения, написанные для «Азбуки» и не включенные в нее
      </title>
     </analytic>
     <monogr>
      <title level="m">
       Полное собрание сочинений. Том 21
      </title>
      <imprint>
       <pubPlace>
        Москва
       </pubPlace>
       <publisher>
        Государственное издательство "Художественная литература"
       </publisher>
       <date when="1871-1872"/>
      </imprint>
     </monogr>
     <series>
      <title level="s">
       Л.Н. Толстой. Полное собрание сочинений
      </title>
      <biblScope unit="vol">
       21
      </biblScope>
     </series>
    </biblStruct>
   </sourceDesc>
  </fileDesc>
  <encodingDesc>
   <classDecl>
    <xi:include href="taxonomy.xml"/>
   </classDecl>
  </encodingDesc>
  <profileDesc>
   <creation>
    <date notAfter="1872" notBefore="1871">
     1871-1872
    </date>
    <rs/>
   </creation>
   <textClass>
    <catRef target="#fiction" type="sphere"/>
    <catRef target="#произведения для детей" type="type"/>
    <catRef target="#works" type="works_letters_diaries"/>
    <catRef target="#сборник" type="ninetyDef"/>
    <catRef target="#Неопубликованное, неотделанное, неоконченное" type="main_var"/>
    <catRef target="#сборник" type="type_short"/>
    <catRef target="None" type="translation"/>
    <catRef target="None" type="translation_origin"/>
    <catRef target="#да" type="tolstoy_or_not"/>
    <catRef target="None" type="name_status"/>
   </textClass>
   <preparedness>
    finished
   </preparedness>
   <settingDesc>
    <time>
     XIX век
    </time>
   </settingDesc>
  </profileDesc>
  <xenoData>
   <cyclusName/>
   <p>
    Проект
    <title>
     Толстой.Digital
    </title>
    разрабатывается сотрудниками и студентами
    <orgName>
     Высшей школы экономики
    </orgName>
    в сотрудничестве с
    <orgName>
     Государственным музеем Л.Н. Толстого
    </orgName>
    . Источник текстов –
    <bibl>
     90-томное собрание сочинений Л.Н.Толстого
    </bibl>
    . Разметка основана на стандарте
    <ref target="http://www.tei-c.org">
     TEI (Text Encoding Initiative)
    </ref>
    .
   </p>
   <versionNumber/>
   <isFinished/>
   <isEdited/>
   <fullBibliographicDescription/>
  </xenoData>
 </teiHeader>
 <p rend="left emptyline">
  <pb n="162"/>
 </p>
 <div type="section" xml:id="h000012034">
  <head rend="center">
   1000 ЗОЛОТЫХ
  </head>
  <p id="8baac350-ccc0-4bc5-88ae-a914dd78e31b" rend="center">
   <hi rend="italic">
    (Быль)
   </hi>
  </p>
  <p id="e81d5c90-1052-495b-b540-064443a51aed" rend="left">
   Богатый человек захотел отдать 1000 золотых бедным, но не знал, каким бедным дать эти деньги.
  </p>
  <p id="6e7125f5-0d08-4209-a960-3d51d7e95b63" rend="left">
   Он пришел к священнику и говорит: «Хочу дать 1000 золотых бедным, да не знаю, кому дать. Возьмите деньги и раздайте, кому знаете».
  </p>
  <p id="f5e88c32-3e84-41b4-88a5-3bfa026e6d1e" rend="left">
   Священник сказал: «Деньги большие, я тоже не знаю, кому дать: может быть, я одному дам много, а другому мало. Скажите, каким бедным и по скольку дать ваших денег?».
  </p>
  <p id="ac991d1a-83d7-4b0f-85fa-8da000c9b763" rend="left">
   Богатый сказал: «Если вы не знаете, кому дать деньги, то бог знает: кто первый бедный придет к вам, тому и отдайте деньги».
  </p>
  <p id="cfab4784-06e0-41af-a030-e0bc322b41db" rend="left">
   В том же приходе жил бедный человек. У него было много детей, а сам он был болен и не мог работать. Бедный человек читал раз псалтырь и прочел эти слова:
   <hi rend="italic">
    я был молод и состарелся и не видал праведного оставленного и детей его просящих хлеба
   </hi>
   .
  </p>
  <p id="d5e88125-39b7-463e-8695-c57d6e98435e" rend="left">
   Бедный подумал: «Я вот оставлен богом! а я дурного ничего не сделал. Дай пойду к священнику, спрошу его, как так неправда сказана в Писании».
  </p>
  <p id="46266f8c-561a-4e0a-b551-a771e6795575" rend="left">
   Он пошел к священнику.
  </p>
  <p id="f8426fdc-a4ad-4bdf-af94-41a42e5d3106" rend="left">
   Священник увидал его и сказал: «Этот бедный первый пришел ко мне», и отдал ему все 1000 золотых богатого человека.
  </p>
 </div>
</TEI>