<?xml version="1.0" encoding="utf-8"?>
<TEI xmlns="http://www.tei-c.org/ns/1.0" xmlns:xi="http://www.w3.org/2001/XInclude">
 <teiHeader>
  <fileDesc>
   <titleStmt>
    <title>
     7 ГРЕЧЕСКИХ МУДРЕЦОВ
    </title>
    <author>
     Толстой Л.Н.
    </author>
    <respStmt>
     <resp>
      подготовка TEI/XML
     </resp>
     <name>
      Мария Картышева, Евгений Можаев, Даниил Скоринкин, Елена Сидорова, Вероника Файнберг, Кирилл Милинцевич
     </name>
    </respStmt>
    <respStmt>
     <resp>
      Идея, постановка задач, руководство
     </resp>
     <name>
      Анастасия Бонч-Осмоловская, Фёкла Толстая, Борис Орехов
     </name>
    </respStmt>
   </titleStmt>
   <publicationStmt>
    <idno>
     7 ГРЕЧЕСКИХ МУДРЕЦОВ
    </idno>
    <publisher>
     <orgName>
      Школа лингвистики НИУ ВШЭ
     </orgName>
    </publisher>
    <availability>
     <p>
      Тексты и метатекстовая разметка доступны для свободного использования и распространения по лицензии Creative Commons Attribution Share-Alike (cc by-sa)
     </p>
    </availability>
   </publicationStmt>
   <sourceDesc>
    <biblStruct>
     <analytic>
      <author>
       Толстой Л.Н.
      </author>
     </analytic>
     <monogr>
      <title level="m">
       Полное собрание сочинений. Том 21
      </title>
      <imprint>
       <pubPlace>
        Москва
       </pubPlace>
       <publisher>
        Государственное издательство "Художественная литература"
       </publisher>
      </imprint>
     </monogr>
     <series>
      <title level="s">
       Л.Н. Толстой. Полное собрание сочинений
      </title>
      <biblScope unit="vol">
       90
      </biblScope>
     </series>
    </biblStruct>
   </sourceDesc>
  </fileDesc>
  <encodingDesc>
   <classDecl>
    <xi:include href="taxonomy.xml"/>
   </classDecl>
  </encodingDesc>
  <profileDesc>
   <creation>
    <date/>
    <rs type="country">
     Россия
    </rs>
   </creation>
   <textClass/>
   <preparedness>
    not finished
   </preparedness>
  </profileDesc>
 </teiHeader>
 <p rend="left emptyline">
  <pb n="354"/>
 </p>
 <text>
  <head rend="center">
   ** 7 ГРЕЧЕСКИХ МУДРЕЦОВ
  </head>
  <p rend="left">
   У греков считалось 7 мудрецов: Фалес, Солон, Питтак, Бион, Клеобул, Периандр и Хилон. У мудрецов этих было много ума и учености, и многим наукам и премудростям они
   <hi style="opdelimiter">
    научили
   </hi>
   <hi style="opnumber">
    354
   </hi>
   <hi style="npnumber">
    355
   </hi>
   <pb n="355"/>
   <hi style="npdelimiter">
    народ;
   </hi>
   но их считали мудрецами не за то, что они много знали, а вот за что:
  </p>
  <p rend="left">
   Подле города Милета рыбаки ловили рыбу. Подошел богатый человек и купил у рыбаков тоню. — Они продали — взяли деньги, и обещали отдать всё, что попадется в эту тоню. Закинули сеть и вместо рыбы вытащили золотой треножник. Богатый человек хотел взять треножник, а рыбаки не давали ему. Они говорили, что продали рыбу, а не золото. Стали спорить и послали спросить у оракула, кому надо отдать треножник. Пифия сказала: надо отдать треножник мудрейшему из греков. Тогда все жители Милета сказали, что надо отдать Фалесу. Послали треножник к Фалесу. Но Фалес сказал: я не мудрее всех. Много есть людей мудрее меня. И не взял треножника. Тогда послали к Солону, и тот то же сказал, и послали к третьему, и третий отказался. И таких нашлось 7 человек. Все они не считали себя мудрыми. За то их и прозвали 7-ю греческими мудрецами.
  </p>
 </text>
</TEI>