<?xml version="1.0" encoding="utf-8"?>
<TEI xmlns="http://www.tei-c.org/ns/1.0" xmlns:xi="http://www.w3.org/2001/XInclude">
 <teiHeader>
  <fileDesc>
   <titleStmt>
    <title>
     Произведения, написанные для «Азбуки» и не включенные в нее
    </title>
    <author>
     Толстой Л.Н.
    </author>
    <respStmt>
     <resp>
      подготовка TEI/XML
     </resp>
     <name>
      Мария Картышева, Евгений Можаев, Даниил Скоринкин, Елена Сидорова, Вероника Файнберг, Кирилл Милинцевич
     </name>
    </respStmt>
    <respStmt>
     <name>
      Анастасия Бонч-Осмоловская, Фёкла Толстая, Борис Орехов
     </name>
     <resp>
      Идея, постановка задач, руководство
     </resp>
    </respStmt>
   </titleStmt>
   <publicationStmt>
    <idno>
     Азбука  | Произведения, написанные для «Азбуки» и не включенные в нее
    </idno>
    <publisher>
     <orgName>
      Школа лингвистики НИУ ВШЭ
     </orgName>
    </publisher>
    <availability>
     <p>
      Тексты и метатекстовая разметка доступны для свободного использования и распространения по лицензии Creative Commons Attribution Share-Alike (cc by-sa)
     </p>
    </availability>
   </publicationStmt>
   <sourceDesc>
    <biblStruct>
     <analytic>
      <author>
       Толстой Л.Н.
      </author>
      <title level="a">
       Произведения, написанные для «Азбуки» и не включенные в нее
      </title>
     </analytic>
     <monogr>
      <title level="m">
       Полное собрание сочинений. Том 21
      </title>
      <imprint>
       <pubPlace>
        Москва
       </pubPlace>
       <publisher>
        Государственное издательство "Художественная литература"
       </publisher>
       <date when="1871-1872"/>
      </imprint>
     </monogr>
     <series>
      <title level="s">
       Л.Н. Толстой. Полное собрание сочинений
      </title>
      <biblScope unit="vol">
       21
      </biblScope>
     </series>
    </biblStruct>
   </sourceDesc>
  </fileDesc>
  <encodingDesc>
   <classDecl>
    <xi:include href="taxonomy.xml"/>
   </classDecl>
  </encodingDesc>
  <profileDesc>
   <creation>
    <date notAfter="1872" notBefore="1871">
     1871-1872
    </date>
    <rs/>
   </creation>
   <textClass>
    <catRef target="#fiction" type="sphere"/>
    <catRef target="#произведения для детей" type="type"/>
    <catRef target="#works" type="works_letters_diaries"/>
    <catRef target="#сборник" type="ninetyDef"/>
    <catRef target="#Неопубликованное, неотделанное, неоконченное" type="main_var"/>
    <catRef target="#сборник" type="type_short"/>
    <catRef target="None" type="translation"/>
    <catRef target="None" type="translation_origin"/>
    <catRef target="#да" type="tolstoy_or_not"/>
    <catRef target="None" type="name_status"/>
   </textClass>
   <preparedness>
    finished
   </preparedness>
   <settingDesc>
    <time>
     XIX век
    </time>
   </settingDesc>
  </profileDesc>
  <xenoData>
   <cyclusName/>
   <p>
    Проект
    <title>
     Толстой.Digital
    </title>
    разрабатывается сотрудниками и студентами
    <orgName>
     Высшей школы экономики
    </orgName>
    в сотрудничестве с
    <orgName>
     Государственным музеем Л.Н. Толстого
    </orgName>
    . Источник текстов –
    <bibl>
     90-томное собрание сочинений Л.Н.Толстого
    </bibl>
    . Разметка основана на стандарте
    <ref target="http://www.tei-c.org">
     TEI (Text Encoding Initiative)
    </ref>
    .
   </p>
   <versionNumber/>
   <isFinished/>
   <isEdited/>
   <fullBibliographicDescription/>
  </xenoData>
 </teiHeader>
 <p rend="left emptyline">
  <pb n="122"/>
 </p>
 <div type="section" xml:id="h000011044">
  <head rend="center">
   КОТЕНОК
  </head>
  <p rend="center" uuid="a2110bf2-3c25-43ec-9db0-4f31c2a21751">
   <hi rend="italic">
    (Быль)
   </hi>
  </p>
  <p rend="left" uuid="a59123c7-497e-4869-b1ea-8406117c8b1c">
   Были брат и сестра — Вася и Катя; и у них была кошка. Весной кошка пропала. Дети искали ее везде, но не могли найти. Один раз они играли подле амбара и услыхали, над головой что-то мяучит тонкими голосами. Вася влез по лестнице под крышу амбара. А Катя стояла внизу и всё спрашивала: «Нашел? Нашел?» Но Вася не отвечал ей. Наконец, Вася закричал ей: «Нашел! наша кошка... и у нее котята; такие чудесные; иди сюда скорее». Катя побежала домой, достала молока и принесла кошке.
  </p>
  <p rend="left" uuid="f4010628-c5a6-470c-8a5e-e2eef4a9db97">
   Котят было пять. Когда они выросли немножко и стали вылезать из-под угла, где вывелись, дети выбрали себе одного котенка, серого с белыми лапками, и принесли в дом. Мать раздала всех остальных котят, а этого оставила детям. Дети кормили его, играли с ним и клали с собой спать.
  </p>
  <p rend="left" uuid="dec40178-0a2f-4323-a4d8-51b7c2a16d39">
   Один раз дети пошли играть на дорогу и взяли с собой котенка.
  </p>
  <p rend="left" uuid="6b25ac10-592a-4191-8934-f39d3f09173e">
   Ветер шевелил солому по дороге, а котенок играл с соломой, и дети радовались на него. Потом они нашли подле дороги щавель, пошли собирать его и забыли про котенка. Вдруг они услыхали, что кто-то громко кричит: «Назад, назад!» и увидали, что скачет охотник, а впереди его две собаки увидали котенка и хотят схватить его. А котенок глупый, вместо того чтобы бежать, присел к земле, сгорбил спину и смотрит на собак.
  </p>
  <p rend="left" uuid="2ffd0518-4269-4b5f-9b41-319442f29aa0">
   <pb n="123"/>
   Катя испугалась собак, закричала и побежала прочь от них. А Вася что было духу пустился к котенку и в одно время с собаками подбежал к нему. Собаки хотели схватить котенка, но Вася упал животом на котенка и закрыл его от собак.
  </p>
  <p rend="left" uuid="93222cb6-77a9-4175-b8d5-1614970aebee">
   Охотник подскакал и отогнал собак; а Вася принес домой котенка и уж больше не брал его с собой в поле.
  </p>
 </div>
</TEI>