<?xml version="1.0" encoding="utf-8"?>
<TEI xmlns="http://www.tei-c.org/ns/1.0" xmlns:xi="http://www.w3.org/2001/XInclude">
 <teiHeader>
  <fileDesc>
   <titleStmt>
    <title>
     Произведения, написанные для «Азбуки» и не включенные в нее
    </title>
    <author>
     Толстой Л.Н.
    </author>
    <respStmt>
     <resp>
      подготовка TEI/XML
     </resp>
     <name>
      Мария Картышева, Евгений Можаев, Даниил Скоринкин, Елена Сидорова, Вероника Файнберг, Кирилл Милинцевич
     </name>
    </respStmt>
    <respStmt>
     <name>
      Анастасия Бонч-Осмоловская, Фёкла Толстая, Борис Орехов
     </name>
     <resp>
      Идея, постановка задач, руководство
     </resp>
    </respStmt>
   </titleStmt>
   <publicationStmt>
    <idno>
     Азбука  | Произведения, написанные для «Азбуки» и не включенные в нее
    </idno>
    <publisher>
     <orgName>
      Школа лингвистики НИУ ВШЭ
     </orgName>
    </publisher>
    <availability>
     <p>
      Тексты и метатекстовая разметка доступны для свободного использования и распространения по лицензии Creative Commons Attribution Share-Alike (cc by-sa)
     </p>
    </availability>
   </publicationStmt>
   <sourceDesc>
    <biblStruct>
     <analytic>
      <author>
       Толстой Л.Н.
      </author>
      <title level="a">
       Произведения, написанные для «Азбуки» и не включенные в нее
      </title>
     </analytic>
     <monogr>
      <title level="m">
       Полное собрание сочинений. Том 21
      </title>
      <imprint>
       <pubPlace>
        Москва
       </pubPlace>
       <publisher>
        Государственное издательство "Художественная литература"
       </publisher>
       <date when="1871-1872"/>
      </imprint>
     </monogr>
     <series>
      <title level="s">
       Л.Н. Толстой. Полное собрание сочинений
      </title>
      <biblScope unit="vol">
       21
      </biblScope>
     </series>
    </biblStruct>
   </sourceDesc>
  </fileDesc>
  <encodingDesc>
   <classDecl>
    <xi:include href="taxonomy.xml"/>
   </classDecl>
  </encodingDesc>
  <profileDesc>
   <creation>
    <date notAfter="1872" notBefore="1871">
     1871-1872
    </date>
    <rs/>
   </creation>
   <textClass>
    <catRef target="#fiction" type="sphere"/>
    <catRef target="#произведения для детей" type="type"/>
    <catRef target="#works" type="works_letters_diaries"/>
    <catRef target="#сборник" type="ninetyDef"/>
    <catRef target="#Неопубликованное, неотделанное, неоконченное" type="main_var"/>
    <catRef target="#сборник" type="type_short"/>
    <catRef target="None" type="translation"/>
    <catRef target="None" type="translation_origin"/>
    <catRef target="#да" type="tolstoy_or_not"/>
    <catRef target="None" type="name_status"/>
   </textClass>
   <preparedness>
    finished
   </preparedness>
   <settingDesc>
    <time>
     XIX век
    </time>
   </settingDesc>
  </profileDesc>
  <xenoData>
   <cyclusName/>
   <p>
    Проект
    <title>
     Толстой.Digital
    </title>
    разрабатывается сотрудниками и студентами
    <orgName>
     Высшей школы экономики
    </orgName>
    в сотрудничестве с
    <orgName>
     Государственным музеем Л.Н. Толстого
    </orgName>
    . Источник текстов –
    <bibl>
     90-томное собрание сочинений Л.Н.Толстого
    </bibl>
    . Разметка основана на стандарте
    <ref target="http://www.tei-c.org">
     TEI (Text Encoding Initiative)
    </ref>
    .
   </p>
   <versionNumber/>
   <isFinished/>
   <isEdited/>
   <fullBibliographicDescription/>
  </xenoData>
 </teiHeader>
 <p rend="left emptyline">
  <pb n="119"/>
 </p>
 <div type="section" xml:id="h000011040">
  <head rend="center">
   МЫШЬ-ДЕВОЧКА
  </head>
  <p rend="center" uuid="c3086124-122a-457c-bbd2-32c7e2b3f99f">
   <hi rend="italic">
    (Сказка)
   </hi>
  </p>
  <p rend="left" uuid="866ea908-2474-4e74-9174-97cf447fcb1c">
   Один человек шел подле реки и увидал, что ворон несет мышь. Он бросил в него камень, и ворон выпустил мышь; мышь упала в воду. Человек достал ее из воды и принес домой. У него не было детей, и он сказал: «Ах! если б эта мышь сделалась
   <pb n="120"/>
   девочкой!» И мышь сделалась девочкой. Когда девочка выросла, человек спросил ее: «За кого ты хочешь замуж?» Девочка сказала: «Хочу выйти за того, кто сильнее всех на свете». Человек пошел к солнцу и сказал: «Солнце! моя девочка хочет выйти замуж за того, кто сильнее всех на свете. Ты сильнее всех; женись на моей девочке». Солнце сказало: «Я не сильнее всех: тучи заслоняют меня».
  </p>
  <p rend="left" uuid="3a032439-6cca-4d01-9c8b-aeeb3e02acfb">
   Человек пошел к тучам и сказал: «Тучи! вы сильнее всех; женитесь на моей девочке». Тучи сказали: «Нет, мы не сильнее всех, ветер гоняет нас».
  </p>
  <p rend="left" uuid="8043d6ca-ed46-4a95-a227-1054e8b959a0">
   Человек пошел к ветру и сказал: «Ветер! ты сильнее всех; женись на моей девочке». Ветер сказал: «Я не сильнее всех: горы останавливают меня».
  </p>
  <p rend="left" uuid="ab8dfe17-8ae5-4e67-a0d9-cb6470252be6">
   Человек пошел к горам и сказал: «Горы! женитесь на моей девочке; вы сильнее всех». Горы сказали: «Сильнее нас крыса: она грызет нас».
  </p>
  <p rend="left" uuid="3c4c90a3-d42f-48ee-987f-fd4d36779e8a">
   Тогда человек пошел к крысе и сказал: «Крыса! ты сильнее всех; женись на моей девочке». Крыса согласилась. Человек вернулся к девочке и сказал: «Крыса сильнее всех: она грызет горы, горы останавливают ветер, ветер гонит тучи, а тучи заслоняют солнце, и крыса хочет жениться на тебе». Но девочка сказала: «Ах! что мне теперь делать! как же я выйду замуж за крысу?» Тогда человек сказал: «Ах! если б моя девочка сделалась опять мышью!»
  </p>
  <p rend="left" uuid="f967f44e-fa0b-4859-8bec-d887d595ec8b">
   Из девочки сделалась мышь, и мышь вышла замуж за крысу.
  </p>
 </div>
</TEI>