<?xml version="1.0" encoding="utf-8"?>
<TEI xmlns="http://www.tei-c.org/ns/1.0" xmlns:xi="http://www.w3.org/2001/XInclude">
 <teiHeader>
  <fileDesc>
   <titleStmt>
    <title>
     ПРОБКА
    </title>
    <author>
     Толстой Л.Н.
    </author>
    <respStmt>
     <resp>
      подготовка TEI/XML
     </resp>
     <name>
      Мария Картышева, Евгений Можаев, Даниил Скоринкин, Елена Сидорова, Вероника Файнберг, Кирилл Милинцевич
     </name>
    </respStmt>
    <respStmt>
     <resp>
      Идея, постановка задач, руководство
     </resp>
     <name>
      Анастасия Бонч-Осмоловская, Фёкла Толстая, Борис Орехов
     </name>
    </respStmt>
   </titleStmt>
   <publicationStmt>
    <idno>
     ПРОБКА
    </idno>
    <publisher>
     <orgName>
      Школа лингвистики НИУ ВШЭ
     </orgName>
    </publisher>
    <availability>
     <p>
      Тексты и метатекстовая разметка доступны для свободного использования и распространения по лицензии Creative Commons Attribution Share-Alike (cc by-sa)
     </p>
    </availability>
   </publicationStmt>
   <sourceDesc>
    <biblStruct>
     <analytic>
      <author>
       Толстой Л.Н.
      </author>
     </analytic>
     <monogr>
      <title level="m">
       Полное собрание сочинений. Том 21
      </title>
      <imprint>
       <pubPlace>
        Москва
       </pubPlace>
       <publisher>
        Государственное издательство "Художественная литература"
       </publisher>
      </imprint>
     </monogr>
     <series>
      <title level="s">
       Л.Н. Толстой. Полное собрание сочинений
      </title>
      <biblScope unit="vol">
       90
      </biblScope>
     </series>
    </biblStruct>
   </sourceDesc>
  </fileDesc>
  <encodingDesc>
   <classDecl>
    <xi:include href="taxonomy.xml"/>
   </classDecl>
  </encodingDesc>
  <profileDesc>
   <creation>
    <date/>
    <rs type="country">
     Россия
    </rs>
   </creation>
   <textClass/>
   <preparedness>
    not finished
   </preparedness>
  </profileDesc>
 </teiHeader>
 <p rend="left emptyline">
  <pb n="364"/>
 </p>
 <text>
  <head rend="center">
   * ПРОБКА
  </head>
  <p rend="left">
   Пробки делают из древесной коры. В Италии, в Испании, во Франции и еще в других местах растут деревья, похожие на дуб. Деревья эти не бывают так высоки, как дуб. Эти деревья бывают всегда зеленые. И когда они вырастут большие, на них делается толстая кора. Эту кору снимают и из нее делают пробку. Когда с дерева снимут кору, на том месте опять
   <hi style="opdelimiter">
    нарастает
   </hi>
   <hi style="opnumber">
    364
   </hi>
   <hi style="npnumber">
    365
   </hi>
   <pb n="365"/>
   <hi style="npdelimiter">
    кора.
   </hi>
   И ее опять снимают. Когда наберут много пробки,
   <del>
    ее
   </del>
   кладут в воду, а потом разгибают и делают из нее дощечки. Потом делают из нее пробки. Вода не может пройти сквозь пробку. И пробка так легка на воде, что если сделать из пробки пояс и надеть на человека, так этот человек не может потонуть.
  </p>
 </text>
</TEI>