<?xml version="1.0" encoding="utf-8"?>
<TEI xmlns="http://www.tei-c.org/ns/1.0" xmlns:xi="http://www.w3.org/2001/XInclude">
 <teiHeader>
  <fileDesc>
   <titleStmt>
    <title>
     Произведения, написанные для «Азбуки» и не включенные в нее
    </title>
    <author>
     Толстой Л.Н.
    </author>
    <respStmt>
     <resp>
      подготовка TEI/XML
     </resp>
     <name>
      Мария Картышева, Евгений Можаев, Даниил Скоринкин, Елена Сидорова, Вероника Файнберг, Кирилл Милинцевич
     </name>
    </respStmt>
    <respStmt>
     <name>
      Анастасия Бонч-Осмоловская, Фёкла Толстая, Борис Орехов
     </name>
     <resp>
      Идея, постановка задач, руководство
     </resp>
    </respStmt>
   </titleStmt>
   <publicationStmt>
    <idno>
     Азбука  | Произведения, написанные для «Азбуки» и не включенные в нее
    </idno>
    <publisher>
     <orgName>
      Школа лингвистики НИУ ВШЭ
     </orgName>
    </publisher>
    <availability>
     <p>
      Тексты и метатекстовая разметка доступны для свободного использования и распространения по лицензии Creative Commons Attribution Share-Alike (cc by-sa)
     </p>
    </availability>
   </publicationStmt>
   <sourceDesc>
    <biblStruct>
     <analytic>
      <author>
       Толстой Л.Н.
      </author>
      <title level="a">
       Произведения, написанные для «Азбуки» и не включенные в нее
      </title>
     </analytic>
     <monogr>
      <title level="m">
       Полное собрание сочинений. Том 21
      </title>
      <imprint>
       <pubPlace>
        Москва
       </pubPlace>
       <publisher>
        Государственное издательство "Художественная литература"
       </publisher>
       <date when="1871-1872"/>
      </imprint>
     </monogr>
     <series>
      <title level="s">
       Л.Н. Толстой. Полное собрание сочинений
      </title>
      <biblScope unit="vol">
       21
      </biblScope>
     </series>
    </biblStruct>
   </sourceDesc>
  </fileDesc>
  <encodingDesc>
   <classDecl>
    <xi:include href="taxonomy.xml"/>
   </classDecl>
  </encodingDesc>
  <profileDesc>
   <creation>
    <date notAfter="1872" notBefore="1871">
     1871-1872
    </date>
    <rs/>
   </creation>
   <textClass>
    <catRef target="#fiction" type="sphere"/>
    <catRef target="#произведения для детей" type="type"/>
    <catRef target="#works" type="works_letters_diaries"/>
    <catRef target="#сборник" type="ninetyDef"/>
    <catRef target="#Неопубликованное, неотделанное, неоконченное" type="main_var"/>
    <catRef target="#сборник" type="type_short"/>
    <catRef target="None" type="translation"/>
    <catRef target="None" type="translation_origin"/>
    <catRef target="#да" type="tolstoy_or_not"/>
    <catRef target="None" type="name_status"/>
   </textClass>
   <preparedness>
    finished
   </preparedness>
   <settingDesc>
    <time>
     XIX век
    </time>
   </settingDesc>
  </profileDesc>
  <xenoData>
   <cyclusName/>
   <p>
    Проект
    <title>
     Толстой.Digital
    </title>
    разрабатывается сотрудниками и студентами
    <orgName>
     Высшей школы экономики
    </orgName>
    в сотрудничестве с
    <orgName>
     Государственным музеем Л.Н. Толстого
    </orgName>
    . Источник текстов –
    <bibl>
     90-томное собрание сочинений Л.Н.Толстого
    </bibl>
    . Разметка основана на стандарте
    <ref target="http://www.tei-c.org">
     TEI (Text Encoding Initiative)
    </ref>
    .
   </p>
   <versionNumber/>
   <isFinished/>
   <isEdited/>
   <fullBibliographicDescription/>
  </xenoData>
 </teiHeader>
 <p rend="left emptyline">
  <pb n="292"/>
 </p>
 <div type="section" xml:id="h000014024">
  <head rend="center">
   КАК ХОДЯТ ДЕРЕВЬЯ
  </head>
  <p rend="center" uuid="a4e9eeff-cf2c-4678-a9b7-df7815aa6e09">
   <hi rend="italic">
    (Рассказ)
   </hi>
  </p>
  <p rend="left" uuid="e072c602-2c2b-44bf-8e90-b514d8b375b4">
   Раз мы вычищали на полубугре подле пруда заросшую дорожку, много нарубили шиповника, лозины, тополя, потом пришла черемуха. Росла она на самой дороге и была такая старая и толстая, что ей не могло быть меньше 10 лет. А пять лет тому назад, я знал, что сад был чищен. Я никак не мог понять, как могла тут вырасти такая старая черемуха. Мы срубили ее и прошли дальше. Дальше, в другой чаще, росла другая такая же черемуха, даже еще потолще. Я осмотрел ее корень и нашел, что она росла под старой липой. Липа своими сучьями заглушила ее, и черемуха протянулась аршин на пять прямым стеблем по земле; а когда выбралась на свет, подняла голову и стала цвести. Я срубил ее в корне и подивился тому, как она была свежа и как гнил был корень. Когда я срубил ее, мы с мужиками стали ее оттаскивать; но сколько мы ни тащили, не могли ее сдвинуть: она как будто прилипла. Я сказал: «Посмотри, не зацепили ли где?» Работник подлез под нее и закричал: «Да у ней другой корень, вот на дороге!» Я подошел к нему и увидал, что это была правда.
  </p>
  <p rend="left" uuid="d3e60e53-0495-4082-a3ae-fba846f5386f">
   Черемуха, чтобы ее не глушила липа, перешла из-под липы на дорожку, за три аршина от прежнего корня. Тот корень, что я срубил, был гнилой и сухой, а новый был свежий. Она почуяла, видно, что ей не жить под липой, вытянулась, вцепилась сучком за землю, сделала из сучка корень, а тот корень бросила. Тогда только я понял, как выросла та первая черемуха на дороге. Она тоже, верно, сделала, — но успела уже совсем отбросить старый корень, так что я не нашел его.
  </p>
  <p rend="left emptyline" uuid="3acd52cd-f108-44f8-b7ef-97bc7180f356">
   <pb n="293"/>
  </p>
 </div>
</TEI>