<?xml version="1.0" encoding="utf-8"?>
<TEI xmlns="http://www.tei-c.org/ns/1.0" xmlns:xi="http://www.w3.org/2001/XInclude">
 <teiHeader>
  <fileDesc>
   <titleStmt>
    <title>
     Произведения, написанные для «Азбуки» и не включенные в нее
    </title>
    <author>
     Толстой Л.Н.
    </author>
    <respStmt>
     <resp>
      подготовка TEI/XML
     </resp>
     <name>
      Мария Картышева, Евгений Можаев, Даниил Скоринкин, Елена Сидорова, Вероника Файнберг, Кирилл Милинцевич
     </name>
    </respStmt>
    <respStmt>
     <name>
      Анастасия Бонч-Осмоловская, Фёкла Толстая, Борис Орехов
     </name>
     <resp>
      Идея, постановка задач, руководство
     </resp>
    </respStmt>
   </titleStmt>
   <publicationStmt>
    <idno>
     Азбука  | Произведения, написанные для «Азбуки» и не включенные в нее
    </idno>
    <publisher>
     <orgName>
      Школа лингвистики НИУ ВШЭ
     </orgName>
    </publisher>
    <availability>
     <p>
      Тексты и метатекстовая разметка доступны для свободного использования и распространения по лицензии Creative Commons Attribution Share-Alike (cc by-sa)
     </p>
    </availability>
   </publicationStmt>
   <sourceDesc>
    <biblStruct>
     <analytic>
      <author>
       Толстой Л.Н.
      </author>
      <title level="a">
       Произведения, написанные для «Азбуки» и не включенные в нее
      </title>
     </analytic>
     <monogr>
      <title level="m">
       Полное собрание сочинений. Том 21
      </title>
      <imprint>
       <pubPlace>
        Москва
       </pubPlace>
       <publisher>
        Государственное издательство "Художественная литература"
       </publisher>
       <date when="1871-1872"/>
      </imprint>
     </monogr>
     <series>
      <title level="s">
       Л.Н. Толстой. Полное собрание сочинений
      </title>
      <biblScope unit="vol">
       21
      </biblScope>
     </series>
    </biblStruct>
   </sourceDesc>
  </fileDesc>
  <encodingDesc>
   <classDecl>
    <xi:include href="taxonomy.xml"/>
   </classDecl>
  </encodingDesc>
  <profileDesc>
   <creation>
    <date notAfter="1872" notBefore="1871">
     1871-1872
    </date>
    <rs/>
   </creation>
   <textClass>
    <catRef target="#fiction" type="sphere"/>
    <catRef target="#произведения для детей" type="type"/>
    <catRef target="#works" type="works_letters_diaries"/>
    <catRef target="#сборник" type="ninetyDef"/>
    <catRef target="#Неопубликованное, неотделанное, неоконченное" type="main_var"/>
    <catRef target="#сборник" type="type_short"/>
    <catRef target="None" type="translation"/>
    <catRef target="None" type="translation_origin"/>
    <catRef target="#да" type="tolstoy_or_not"/>
    <catRef target="None" type="name_status"/>
   </textClass>
   <preparedness>
    finished
   </preparedness>
   <settingDesc>
    <time>
     XIX век
    </time>
   </settingDesc>
  </profileDesc>
  <xenoData>
   <cyclusName/>
   <p>
    Проект
    <title>
     Толстой.Digital
    </title>
    разрабатывается сотрудниками и студентами
    <orgName>
     Высшей школы экономики
    </orgName>
    в сотрудничестве с
    <orgName>
     Государственным музеем Л.Н. Толстого
    </orgName>
    . Источник текстов –
    <bibl>
     90-томное собрание сочинений Л.Н.Толстого
    </bibl>
    . Разметка основана на стандарте
    <ref target="http://www.tei-c.org">
     TEI (Text Encoding Initiative)
    </ref>
    .
   </p>
   <versionNumber/>
   <isFinished/>
   <isEdited/>
   <fullBibliographicDescription/>
  </xenoData>
 </teiHeader>
 <p rend="left emptyline">
  <pb n="156"/>
 </p>
 <div type="section" xml:id="h000012024">
  <head rend="center">
   ОРЕЛ
  </head>
  <p id="2a2ab169-a061-4337-b191-6fbd52c226c4" rend="center">
   <hi rend="italic">
    (Быль)
   </hi>
  </p>
  <p id="dcc32791-1e38-48b3-a20c-991cd449e258" rend="left">
   Орел свил себе гнездо на большой дороге, вдали от моря, и вывел детей.
  </p>
  <p id="fd25e80c-b568-423c-a43b-e015df451126" rend="left">
   Один раз подле дерева работал народ, а орел подлетал к гнезду с большой рыбой в когтях. Люди увидали рыбу, окружили дерево, стали кричать и бросать в орла каменьями.
  </p>
  <p id="3087931d-0aa3-4aae-bda1-eb2176073ccd" rend="left">
   Орел выронил рыбу, а люди подняли ее и ушли.
  </p>
  <p id="c0bff3aa-dfa3-412d-bbfa-421d264c9f32" rend="left">
   Орел сел на край гнезда, а орлята подняли свои головы и стали пищать: они просили корма.
  </p>
  <p id="689c1d03-0daa-4233-87b4-49c0b1231ee7" rend="left">
   Орел устал и не мог лететь опять на море; он спустился в гнездо, прикрыл орлят крыльями, ласкал их, оправлял им перышки и как будто просил их, чтобы они подождали немного, Но чем больше он их ласкал, тем громче они пищали.
  </p>
  <p id="b776f4a6-c344-40f1-8a7a-63e5b1f8b446" rend="left">
   Тогда орел отлетел от них и сел на верхний сук дерева.
  </p>
  <p id="df054c68-9628-4ce8-bf4d-ae319a001b3c" rend="left">
   Орлята засвистали и запищали еще жалобнее.
  </p>
  <p id="c7820af6-b14a-4c8e-bb2e-1164f55fc482" rend="left">
   Тогда орел вдруг сам громко закричал, расправил крылья и тяжело полетел к морю. Он вернулся только поздно вечером: он летел тихо и низко над землею, в когтях у него опять была большая рыба.
  </p>
  <p id="229790a2-765d-4dca-8bd3-eacd476104e5" rend="left">
   Когда он подлетал к дереву, он оглянулся, — нет ли опять вблизи людей, быстро сложил крылья и сел на край гнезда.
  </p>
  <p id="bea07186-0bbc-4fe1-8718-302ade955c2a" rend="left">
   Орлята подняли головы и разинули рты, а орел разорвал рыбу и накормил детей.
  </p>
 </div>
</TEI>