<?xml version="1.0" encoding="utf-8"?>
<TEI xmlns="http://www.tei-c.org/ns/1.0" xmlns:xi="http://www.w3.org/2001/XInclude">
 <teiHeader>
  <fileDesc>
   <titleStmt>
    <title>
     КАК СДЕЛАТЬ ПЕСОЧНЫЕ ЧАСЫ
    </title>
    <author>
     Толстой Л.Н.
    </author>
    <respStmt>
     <resp>
      подготовка TEI/XML
     </resp>
     <name>
      Мария Картышева, Евгений Можаев, Даниил Скоринкин, Елена Сидорова, Вероника Файнберг, Кирилл Милинцевич
     </name>
    </respStmt>
    <respStmt>
     <resp>
      Идея, постановка задач, руководство
     </resp>
     <name>
      Анастасия Бонч-Осмоловская, Фёкла Толстая, Борис Орехов
     </name>
    </respStmt>
   </titleStmt>
   <publicationStmt>
    <idno>
     КАК СДЕЛАТЬ ПЕСОЧНЫЕ ЧАСЫ
    </idno>
    <publisher>
     <orgName>
      Школа лингвистики НИУ ВШЭ
     </orgName>
    </publisher>
    <availability>
     <p>
      Тексты и метатекстовая разметка доступны для свободного использования и распространения по лицензии Creative Commons Attribution Share-Alike (cc by-sa)
     </p>
    </availability>
   </publicationStmt>
   <sourceDesc>
    <biblStruct>
     <analytic>
      <author>
       Толстой Л.Н.
      </author>
     </analytic>
     <monogr>
      <title level="m">
       Полное собрание сочинений. Том 21
      </title>
      <imprint>
       <pubPlace>
        Москва
       </pubPlace>
       <publisher>
        Государственное издательство "Художественная литература"
       </publisher>
      </imprint>
     </monogr>
     <series>
      <title level="s">
       Л.Н. Толстой. Полное собрание сочинений
      </title>
      <biblScope unit="vol">
       90
      </biblScope>
     </series>
    </biblStruct>
   </sourceDesc>
  </fileDesc>
  <encodingDesc>
   <classDecl>
    <xi:include href="taxonomy.xml"/>
   </classDecl>
  </encodingDesc>
  <profileDesc>
   <creation>
    <date/>
    <rs type="country">
     Россия
    </rs>
   </creation>
   <textClass/>
   <preparedness>
    not finished
   </preparedness>
  </profileDesc>
 </teiHeader>
 <p rend="left emptyline">
  <pb n="388"/>
 </p>
 <text>
  <head rend="center">
   ** &lt;КАК СДЕЛАТЬ ПЕСОЧНЫЕ ЧАСЫ
  </head>
  <p rend="left">
   Надо взять две бутылки или склянки. И горлышки бутылок залепить воском или сургучом так, чтобы оставалась маленькая дырочка. И в одну из них насыпать мелкого песку. Песок прежде этого надо просеять сквозь сито, так чтобы в нем не было ни одного камушка. Потом поставить пустую бутылку на ту, которая насыпана песком, так, чтобы горлышко было на горлышке. Потом связать обе бутылки вместе. Потом перевернуть бутылки так, чтобы пустая была внизу, а насыпанная песком наверху. Потом смотреть на часы, и когда пройдет полчаса, заметить, сколько песку насыпется в пустой бутылке, и заметить краской черточку на стекле, по каких пор будет песок. Потом опять через полчаса заметить краской две черточки, и так до тех пор, пока высыпется весь песок. Потом перевернуть опять бутылки и на другой заметить то же. Тогда часы готовы, и всегда можно знать по черточке, сколько прошло времени.&gt;
  </p>
 </text>
</TEI>