<?xml version="1.0" encoding="utf-8"?>
<TEI xmlns="http://www.tei-c.org/ns/1.0" xmlns:xi="http://www.w3.org/2001/XInclude">
 <teiHeader>
  <fileDesc>
   <titleStmt>
    <title>
     КОРШУНЫ
    </title>
    <author>
     Толстой Л.Н.
    </author>
    <respStmt>
     <resp>
      подготовка TEI/XML
     </resp>
     <name>
      Мария Картышева, Евгений Можаев, Даниил Скоринкин, Елена Сидорова, Вероника Файнберг, Кирилл Милинцевич
     </name>
    </respStmt>
    <respStmt>
     <resp>
      Идея, постановка задач, руководство
     </resp>
     <name>
      Анастасия Бонч-Осмоловская, Фёкла Толстая, Борис Орехов
     </name>
    </respStmt>
   </titleStmt>
   <publicationStmt>
    <idno>
     КОРШУНЫ
    </idno>
    <publisher>
     <orgName>
      Школа лингвистики НИУ ВШЭ
     </orgName>
    </publisher>
    <availability>
     <p>
      Тексты и метатекстовая разметка доступны для свободного использования и распространения по лицензии Creative Commons Attribution Share-Alike (cc by-sa)
     </p>
    </availability>
   </publicationStmt>
   <sourceDesc>
    <biblStruct>
     <analytic>
      <author>
       Толстой Л.Н.
      </author>
     </analytic>
     <monogr>
      <title level="m">
       Полное собрание сочинений. Том 21
      </title>
      <imprint>
       <pubPlace>
        Москва
       </pubPlace>
       <publisher>
        Государственное издательство "Художественная литература"
       </publisher>
      </imprint>
     </monogr>
     <series>
      <title level="s">
       Л.Н. Толстой. Полное собрание сочинений
      </title>
      <biblScope unit="vol">
       90
      </biblScope>
     </series>
    </biblStruct>
   </sourceDesc>
  </fileDesc>
  <encodingDesc>
   <classDecl>
    <xi:include href="taxonomy.xml"/>
   </classDecl>
  </encodingDesc>
  <profileDesc>
   <creation>
    <date/>
    <rs type="country">
     Россия
    </rs>
   </creation>
   <textClass/>
   <preparedness>
    not finished
   </preparedness>
  </profileDesc>
 </teiHeader>
 <p rend="left emptyline">
  <pb n="350"/>
 </p>
 <text>
  <head rend="center">
   * &lt;КОРШУНЫ
  </head>
  <p rend="left">
   Вот как играют в коршуны.
  </p>
  <p rend="left">
   Сначала канаются. И чья рука будет наверху, тот будет коршун, а чья рука внизу всех, тот будет маткой. Остальные все будут цыплятами. Матка становится впереди всех, а позади ее все цыплята, и все они держатся сзади за платье. Коршун садится на пол и пальцем будто бы копает землю. Матка подходит к нему и говорит: Коршун, коршун, что ты делаешь? Коршун говорит: Ямочку рою. Матка говорит: Зачем ямочку роешь? Коршун говорит: Иголочку ищу. Зачем иголочку? Мешочек сшивать. Зачем мешочек? Песочек насыпать. Зачем песочек? Твоим детям глаза засыпать. И коршун вскакивает и старается поймать одного из цыплят. Матка расставляет руки и старается не пустить коршуна. Когда коршун поймает одного из цыплят, тот, которого он поймал, выходит из игры. И коршун ловит остальных, пока всех переловит. Тогда канаются сначала, и игра идет сначала.&gt;
  </p>
  <p rend="centerline">
   ————
  </p>
  <p rend="left emptyline">
   <hi style="opnumber">
    350
   </hi>
   <hi style="npnumber">
    351
   </hi>
   <pb n="351"/>
  </p>
  <p rend="left">
   * &lt;Зачем ты сюда идешь?
  </p>
  <p rend="left">
   За игрушкой. —
  </p>
  <p rend="left">
   Зачем тебе игрушка?
  </p>
  <p rend="left">
   Играть.
  </p>
  <p rend="left">
   Зачем тебе играть?
  </p>
  <p rend="left">
   Мне хочется играть.
  </p>
  <p rend="left">
   Зачем тебе хочется?
  </p>
  <p rend="left">
   Затем, что не знаю, что мне делать. Зачем ты не знаешь?
  </p>
  <p rend="left">
   Так меня бог сотворил.&gt;
  </p>
  <p rend="centerline">
   ————
  </p>
  <p rend="left">
   * &lt;Откуда ты взялся?
  </p>
  <p rend="left">
   Я родился от матери.
  </p>
  <p rend="left">
   А мать откуда родилась?
  </p>
  <p rend="left">
   От своей матери.
  </p>
  <p rend="left">
   А та мать?
  </p>
  <p rend="left">
   От своей.
  </p>
  <p rend="left">
   А еще та от кого?
  </p>
  <p rend="left">
   От самой первой матери.
  </p>
  <p rend="left">
   А та от кого?
  </p>
  <p rend="left">
   Ту бог сотворил.&gt;
  </p>
  <p rend="centerline">
   ————
  </p>
  <p rend="left">
   * &lt;После нынешнего дня что будет?
  </p>
  <p rend="left">
   Завтра.
  </p>
  <p rend="left">
   А после завтра?
  </p>
  <p rend="left">
   Послезавтра.
  </p>
  <p rend="left">
   А после послезавтра?
  </p>
  <p rend="left">
   Еще после завтра.
  </p>
  <p rend="left">
   После после после завтра?
  </p>
  <p rend="left">
   Ну, а после всего? Свет кончится. А когда свет кончится?
  </p>
  <p rend="left">
   Когда бог захочет.&gt;
  </p>
  <p rend="centerline">
   ————
  </p>
  <p rend="left">
   *
   <del>
    Что за этой землей? Еще земля. А за той землей? Еще земля. А за последней землей? То, что бог сотворил.
   </del>
  </p>
  <p rend="centerline">
   ————
  </p>
  <p rend="left">
   *
   <del>
    Откуда этот хлеб? Батюшка купил. Где купил? У купца в городе. А купец у кого? У мужика. А мужик где взял? Из земли. А земля откуда взяла? Бог так сделал.
   </del>
  </p>
  <p rend="centerline">
   ————
  </p>
  <p rend="left">
   * Если яблоко разрезать пополам, сколько будет половинок? Две. А обе половинки разрезать? Четыре. А четыре? Восемь. А восемь разрезать? 16. А 16 разрезать? 32. И эти пополам разрезать
   <note xi:id="note75">
    Слово разрезать написано дважды.
   </note>
   . Когда конец будет? Никогда.
  </p>
  <p rend="left emptyline">
   <hi style="opnumber">
    351
   </hi>
   <hi style="npnumber">
    352
   </hi>
   <pb n="352"/>
  </p>
 </text>
</TEI>