<?xml version="1.0" encoding="utf-8"?>
<TEI xmlns="http://www.tei-c.org/ns/1.0" xmlns:xi="http://www.w3.org/2001/XInclude">
 <teiHeader>
  <fileDesc>
   <titleStmt>
    <title>
     КАЗБЕК
    </title>
    <author>
     Толстой Л.Н.
    </author>
    <respStmt>
     <resp>
      подготовка TEI/XML
     </resp>
     <name>
      Мария Картышева, Евгений Можаев, Даниил Скоринкин, Елена Сидорова, Вероника Файнберг, Кирилл Милинцевич
     </name>
    </respStmt>
    <respStmt>
     <resp>
      Идея, постановка задач, руководство
     </resp>
     <name>
      Анастасия Бонч-Осмоловская, Фёкла Толстая, Борис Орехов
     </name>
    </respStmt>
   </titleStmt>
   <publicationStmt>
    <idno>
     КАЗБЕК
    </idno>
    <publisher>
     <orgName>
      Школа лингвистики НИУ ВШЭ
     </orgName>
    </publisher>
    <availability>
     <p>
      Тексты и метатекстовая разметка доступны для свободного использования и распространения по лицензии Creative Commons Attribution Share-Alike (cc by-sa)
     </p>
    </availability>
   </publicationStmt>
   <sourceDesc>
    <biblStruct>
     <analytic>
      <author>
       Толстой Л.Н.
      </author>
     </analytic>
     <monogr>
      <title level="m">
       Полное собрание сочинений. Том 21
      </title>
      <imprint>
       <pubPlace>
        Москва
       </pubPlace>
       <publisher>
        Государственное издательство "Художественная литература"
       </publisher>
      </imprint>
     </monogr>
     <series>
      <title level="s">
       Л.Н. Толстой. Полное собрание сочинений
      </title>
      <biblScope unit="vol">
       90
      </biblScope>
     </series>
    </biblStruct>
   </sourceDesc>
  </fileDesc>
  <encodingDesc>
   <classDecl>
    <xi:include href="taxonomy.xml"/>
   </classDecl>
  </encodingDesc>
  <profileDesc>
   <creation>
    <date/>
    <rs type="country">
     Россия
    </rs>
   </creation>
   <textClass/>
   <preparedness>
    not finished
   </preparedness>
  </profileDesc>
 </teiHeader>
 <p rend="left emptyline">
  <pb n="356"/>
 </p>
 <text>
  <head rend="center">
   * &lt;КАЗБЕК
  </head>
  <p rend="left">
   Есть в России земля Кавказ. В этой земле есть такие высокие горы, что облака ходят ниже этих гор. Когда войдешь на половину этой горы и смотришь вниз на дорогу, то люди на дороге кажутся такими маленькими, как куклы. — На горах этих всегда бывает снег, и снег этот никогда не тает. Из этих гор самая высокая гора Казбек. На самой макушке этой горы никто никогда не был. Потому что туда войти очень трудно. Там скользко и холодно и дышать трудно. На половине этой горы есть монастырь. Теперь в этом монастыре никто не живет, а прежде жили монахи.&gt;
  </p>
  <p rend="centerline">
   ————
  </p>
  <p rend="left">
   * Когда я был на Кавказе, я ходил на высокую гору. Гора эта называется Казбек. Когда я дошел до половины горы, сделался туман, и мне ничего не видно было. Потом, когда я взошел еще выше, небо стало чистое — а внизу были тучи. Гора эта так высока, что, когда я был в тумане, я был в самой туче, а потом, когда туман был ниже меня, я был выше туч, и на горе было ясно, а внизу шел дождь.
  </p>
 </text>
</TEI>