<?xml version="1.0" encoding="utf-8"?>
<TEI xmlns="http://www.tei-c.org/ns/1.0" xmlns:xi="http://www.w3.org/2001/XInclude">
 <teiHeader>
  <fileDesc>
   <titleStmt>
    <title>
     Произведения, написанные для «Азбуки» и не включенные в нее
    </title>
    <author>
     Толстой Л.Н.
    </author>
    <respStmt>
     <resp>
      подготовка TEI/XML
     </resp>
     <name>
      Мария Картышева, Евгений Можаев, Даниил Скоринкин, Елена Сидорова, Вероника Файнберг, Кирилл Милинцевич
     </name>
    </respStmt>
    <respStmt>
     <name>
      Анастасия Бонч-Осмоловская, Фёкла Толстая, Борис Орехов
     </name>
     <resp>
      Идея, постановка задач, руководство
     </resp>
    </respStmt>
   </titleStmt>
   <publicationStmt>
    <idno>
     Азбука  | Произведения, написанные для «Азбуки» и не включенные в нее
    </idno>
    <publisher>
     <orgName>
      Школа лингвистики НИУ ВШЭ
     </orgName>
    </publisher>
    <availability>
     <p>
      Тексты и метатекстовая разметка доступны для свободного использования и распространения по лицензии Creative Commons Attribution Share-Alike (cc by-sa)
     </p>
    </availability>
   </publicationStmt>
   <sourceDesc>
    <biblStruct>
     <analytic>
      <author>
       Толстой Л.Н.
      </author>
      <title level="a">
       Произведения, написанные для «Азбуки» и не включенные в нее
      </title>
     </analytic>
     <monogr>
      <title level="m">
       Полное собрание сочинений. Том 21
      </title>
      <imprint>
       <pubPlace>
        Москва
       </pubPlace>
       <publisher>
        Государственное издательство "Художественная литература"
       </publisher>
       <date when="1871-1872"/>
      </imprint>
     </monogr>
     <series>
      <title level="s">
       Л.Н. Толстой. Полное собрание сочинений
      </title>
      <biblScope unit="vol">
       21
      </biblScope>
     </series>
    </biblStruct>
   </sourceDesc>
  </fileDesc>
  <encodingDesc>
   <classDecl>
    <xi:include href="taxonomy.xml"/>
   </classDecl>
  </encodingDesc>
  <profileDesc>
   <creation>
    <date notAfter="1872" notBefore="1871">
     1871-1872
    </date>
    <rs/>
   </creation>
   <textClass>
    <catRef target="#fiction" type="sphere"/>
    <catRef target="#произведения для детей" type="type"/>
    <catRef target="#works" type="works_letters_diaries"/>
    <catRef target="#сборник" type="ninetyDef"/>
    <catRef target="#Неопубликованное, неотделанное, неоконченное" type="main_var"/>
    <catRef target="#сборник" type="type_short"/>
    <catRef target="None" type="translation"/>
    <catRef target="None" type="translation_origin"/>
    <catRef target="#да" type="tolstoy_or_not"/>
    <catRef target="None" type="name_status"/>
   </textClass>
   <preparedness>
    finished
   </preparedness>
   <settingDesc>
    <time>
     XIX век
    </time>
   </settingDesc>
  </profileDesc>
  <xenoData>
   <cyclusName/>
   <p>
    Проект
    <title>
     Толстой.Digital
    </title>
    разрабатывается сотрудниками и студентами
    <orgName>
     Высшей школы экономики
    </orgName>
    в сотрудничестве с
    <orgName>
     Государственным музеем Л.Н. Толстого
    </orgName>
    . Источник текстов –
    <bibl>
     90-томное собрание сочинений Л.Н.Толстого
    </bibl>
    . Разметка основана на стандарте
    <ref target="http://www.tei-c.org">
     TEI (Text Encoding Initiative)
    </ref>
    .
   </p>
   <versionNumber/>
   <isFinished/>
   <isEdited/>
   <fullBibliographicDescription/>
  </xenoData>
 </teiHeader>
 <p rend="left emptyline">
  <pb n="124"/>
 </p>
 <div type="section" xml:id="h000014033">
  <head rend="center">
   МУЖИК И ВОДЯНОЙ
  </head>
  <p rend="center" uuid="188cb57c-7232-4837-b40d-d470e2e4ebab">
   <hi rend="italic">
    (Басня)
   </hi>
  </p>
  <p rend="left" uuid="33e5d1b5-ffc2-4838-af64-69cfb1be6242">
   Мужик уронил топор в реку; с горя сел на берег и стал плакать.
  </p>
  <p rend="left" uuid="158cc859-15ad-48a4-84b1-851de21ffaca">
   Водяной услыхал, пожалел мужика, вынес ему из реки золотой топор и говорит: «Твой это топор?»
  </p>
  <p rend="left" uuid="42d660e0-5454-4ddf-a7ef-5606be6d2ef7">
   Мужик говорит: «Нет, не мой».
  </p>
  <p rend="left" uuid="1bc912b1-349b-464d-bf71-235b1086fb87">
   Водяной вынес другой, серебряный топор.
  </p>
  <p rend="left" uuid="c5e3cea9-5f17-4f40-8f5f-eed162f5beed">
   Мужик опять говорит: «Не мой топор».
  </p>
  <p rend="left" uuid="e9cb6849-a964-4a61-81f6-9a2f04a041e2">
   Тогда водяной вынес настоящий топор.
  </p>
  <p rend="left" uuid="ff8cca6a-2bf6-495d-9a0e-c865d65df8e6">
   Мужик говорит: «Вот это мой топор».
  </p>
  <p rend="left" uuid="f814c0a0-cfcd-450d-986d-4c1d3bea76ba">
   Водяной подарил мужику все три топора за его правду.
  </p>
  <p rend="left" uuid="9a6ab7e3-05f8-4f50-8886-8da6e359977e">
   Дома мужик показал товарищам топоры и рассказал, что с ним было.
  </p>
  <p rend="left" uuid="b7163968-36fe-4b17-afe0-9b6d6cd6e3ac">
   Вот один мужик задумал то же сделать: пошел к реке, нарочно бросил свой топор в воду, сел на берег и заплакал.
  </p>
  <p rend="left" uuid="119fd888-2c00-4671-acae-854f46e0d372">
   Водяной вынес золотой топор и спросил: «Твой это топор?»
  </p>
  <p rend="left" uuid="b61f8f96-8e8c-40f9-b31b-b51a5e059203">
   Мужик обрадовался и закричал: «Мой, мой!»
  </p>
  <p rend="left" uuid="8d2b15fa-a6ea-4cf1-959b-7ebc802c7193">
   Водяной не дал ему золотого топора и его собственного назад не отдал — за его неправду.
  </p>
 </div>
</TEI>