<?xml version="1.0" encoding="utf-8"?>
<TEI xmlns="http://www.tei-c.org/ns/1.0" xmlns:xi="http://www.w3.org/2001/XInclude">
 <teiHeader>
  <fileDesc>
   <titleStmt>
    <title>
     Произведения, написанные для «Азбуки» и не включенные в нее
    </title>
    <author>
     Толстой Л.Н.
    </author>
    <respStmt>
     <resp>
      подготовка TEI/XML
     </resp>
     <name>
      Мария Картышева, Евгений Можаев, Даниил Скоринкин, Елена Сидорова, Вероника Файнберг, Кирилл Милинцевич
     </name>
    </respStmt>
    <respStmt>
     <name>
      Анастасия Бонч-Осмоловская, Фёкла Толстая, Борис Орехов
     </name>
     <resp>
      Идея, постановка задач, руководство
     </resp>
    </respStmt>
   </titleStmt>
   <publicationStmt>
    <idno>
     Азбука  | Произведения, написанные для «Азбуки» и не включенные в нее
    </idno>
    <publisher>
     <orgName>
      Школа лингвистики НИУ ВШЭ
     </orgName>
    </publisher>
    <availability>
     <p>
      Тексты и метатекстовая разметка доступны для свободного использования и распространения по лицензии Creative Commons Attribution Share-Alike (cc by-sa)
     </p>
    </availability>
   </publicationStmt>
   <sourceDesc>
    <biblStruct>
     <analytic>
      <author>
       Толстой Л.Н.
      </author>
      <title level="a">
       Произведения, написанные для «Азбуки» и не включенные в нее
      </title>
     </analytic>
     <monogr>
      <title level="m">
       Полное собрание сочинений. Том 21
      </title>
      <imprint>
       <pubPlace>
        Москва
       </pubPlace>
       <publisher>
        Государственное издательство "Художественная литература"
       </publisher>
       <date when="1871-1872"/>
      </imprint>
     </monogr>
     <series>
      <title level="s">
       Л.Н. Толстой. Полное собрание сочинений
      </title>
      <biblScope unit="vol">
       21
      </biblScope>
     </series>
    </biblStruct>
   </sourceDesc>
  </fileDesc>
  <encodingDesc>
   <classDecl>
    <xi:include href="taxonomy.xml"/>
   </classDecl>
  </encodingDesc>
  <profileDesc>
   <creation>
    <date notAfter="1872" notBefore="1871">
     1871-1872
    </date>
    <rs/>
   </creation>
   <textClass>
    <catRef target="#fiction" type="sphere"/>
    <catRef target="#произведения для детей" type="type"/>
    <catRef target="#works" type="works_letters_diaries"/>
    <catRef target="#сборник" type="ninetyDef"/>
    <catRef target="#Неопубликованное, неотделанное, неоконченное" type="main_var"/>
    <catRef target="#сборник" type="type_short"/>
    <catRef target="None" type="translation"/>
    <catRef target="None" type="translation_origin"/>
    <catRef target="#да" type="tolstoy_or_not"/>
    <catRef target="None" type="name_status"/>
   </textClass>
   <preparedness>
    finished
   </preparedness>
   <settingDesc>
    <time>
     XIX век
    </time>
   </settingDesc>
  </profileDesc>
  <xenoData>
   <cyclusName/>
   <p>
    Проект
    <title>
     Толстой.Digital
    </title>
    разрабатывается сотрудниками и студентами
    <orgName>
     Высшей школы экономики
    </orgName>
    в сотрудничестве с
    <orgName>
     Государственным музеем Л.Н. Толстого
    </orgName>
    . Источник текстов –
    <bibl>
     90-томное собрание сочинений Л.Н.Толстого
    </bibl>
    . Разметка основана на стандарте
    <ref target="http://www.tei-c.org">
     TEI (Text Encoding Initiative)
    </ref>
    .
   </p>
   <versionNumber/>
   <isFinished/>
   <isEdited/>
   <fullBibliographicDescription/>
  </xenoData>
 </teiHeader>
 <p rend="left emptyline">
  <pb n="215"/>
 </p>
 <div type="section" xml:id="h000013021">
  <head rend="center">
   ОТЧЕГО В МОРОЗЫ ТРЕЩАТ ДЕРЕВЬЯ?
  </head>
  <p rend="center" uuid="5f498ecb-1adf-4bd7-ba97-cc014d90688c">
   <hi rend="italic">
    (Рассуждение)
   </hi>
  </p>
  <p rend="left" uuid="d83c7f8c-6a9e-4e7d-bffe-7eaf3bc011d9">
   Оттого, что в деревьях есть сырость, и сырость эта замерзает, как вода. Когда вода замерзнет, она раздается; а когда ей нет места раздаться, она разрывает деревья.
  </p>
  <p rend="left" uuid="c13380fc-7ab0-401f-b7e0-b14152d1394f">
   Если налить воды в бутылку и поставить на мороз, вода замерзнет и разорвет бутылку.
  </p>
  <p rend="left" uuid="0878d1af-bf49-4f43-bfe3-ab844440eff4">
   Когда из воды делается лед, то во льду этом такая сила, что если наполнить чугунную пушку водой и заморозить, то льдом разорвет ее.
  </p>
  <p rend="left" uuid="cdfc9d8e-d383-467d-8522-03c3cbab1f90">
   Отчего вода не сжимается, как железо, от холода, а раздается, когда замерзнет? Оттого, что, когда вода замерзнет, ее частицы связываются между собою по-другому и промеж них больше пустых мест.
  </p>
  <p rend="left" uuid="5a693ca8-f00b-4903-b702-4453475b346a">
   Для чего вода не сжимается, когда замерзнет? Для того, чтобы вода в реках и озерах не замерзла до дна.
  </p>
  <p rend="left" uuid="0bc01c8e-f2db-4c4f-9081-f1ad3b0943be">
   Лед раздается от мороза, оттого делается легче воды и плавает на воде, и только снизу подмерзает и делается толще и толще, но никогда не замерзает до дна. А если бы вода сжималась от мороза, как сжимается железо, то верхняя вода замерзала бы на реке и тонула бы, потому что лед был бы тяжелее воды. Потом опять бы замерзла верхняя вода и тонула бы, и так замерзли бы озера и реки от дна и до верху.
  </p>
 </div>
</TEI>