<?xml version="1.0" encoding="utf-8"?>
<TEI xmlns="http://www.tei-c.org/ns/1.0" xmlns:xi="http://www.w3.org/2001/XInclude">
 <teiHeader>
  <fileDesc>
   <titleStmt>
    <title>
     Произведения, написанные для «Азбуки» и не включенные в нее
    </title>
    <author>
     Толстой Л.Н.
    </author>
    <respStmt>
     <resp>
      подготовка TEI/XML
     </resp>
     <name>
      Мария Картышева, Евгений Можаев, Даниил Скоринкин, Елена Сидорова, Вероника Файнберг, Кирилл Милинцевич
     </name>
    </respStmt>
    <respStmt>
     <name>
      Анастасия Бонч-Осмоловская, Фёкла Толстая, Борис Орехов
     </name>
     <resp>
      Идея, постановка задач, руководство
     </resp>
    </respStmt>
   </titleStmt>
   <publicationStmt>
    <idno>
     Азбука  | Произведения, написанные для «Азбуки» и не включенные в нее
    </idno>
    <publisher>
     <orgName>
      Школа лингвистики НИУ ВШЭ
     </orgName>
    </publisher>
    <availability>
     <p>
      Тексты и метатекстовая разметка доступны для свободного использования и распространения по лицензии Creative Commons Attribution Share-Alike (cc by-sa)
     </p>
    </availability>
   </publicationStmt>
   <sourceDesc>
    <biblStruct>
     <analytic>
      <author>
       Толстой Л.Н.
      </author>
      <title level="a">
       Произведения, написанные для «Азбуки» и не включенные в нее
      </title>
     </analytic>
     <monogr>
      <title level="m">
       Полное собрание сочинений. Том 21
      </title>
      <imprint>
       <pubPlace>
        Москва
       </pubPlace>
       <publisher>
        Государственное издательство "Художественная литература"
       </publisher>
       <date when="1871-1872"/>
      </imprint>
     </monogr>
     <series>
      <title level="s">
       Л.Н. Толстой. Полное собрание сочинений
      </title>
      <biblScope unit="vol">
       21
      </biblScope>
     </series>
    </biblStruct>
   </sourceDesc>
  </fileDesc>
  <encodingDesc>
   <classDecl>
    <xi:include href="taxonomy.xml"/>
   </classDecl>
  </encodingDesc>
  <profileDesc>
   <creation>
    <date notAfter="1872" notBefore="1871">
     1871-1872
    </date>
    <rs/>
   </creation>
   <textClass>
    <catRef target="#fiction" type="sphere"/>
    <catRef target="#произведения для детей" type="type"/>
    <catRef target="#works" type="works_letters_diaries"/>
    <catRef target="#сборник" type="ninetyDef"/>
    <catRef target="#Неопубликованное, неотделанное, неоконченное" type="main_var"/>
    <catRef target="#сборник" type="type_short"/>
    <catRef target="None" type="translation"/>
    <catRef target="None" type="translation_origin"/>
    <catRef target="#да" type="tolstoy_or_not"/>
    <catRef target="None" type="name_status"/>
   </textClass>
   <preparedness>
    finished
   </preparedness>
   <settingDesc>
    <time>
     XIX век
    </time>
   </settingDesc>
  </profileDesc>
  <xenoData>
   <cyclusName/>
   <p>
    Проект
    <title>
     Толстой.Digital
    </title>
    разрабатывается сотрудниками и студентами
    <orgName>
     Высшей школы экономики
    </orgName>
    в сотрудничестве с
    <orgName>
     Государственным музеем Л.Н. Толстого
    </orgName>
    . Источник текстов –
    <bibl>
     90-томное собрание сочинений Л.Н.Толстого
    </bibl>
    . Разметка основана на стандарте
    <ref target="http://www.tei-c.org">
     TEI (Text Encoding Initiative)
    </ref>
    .
   </p>
   <versionNumber/>
   <isFinished/>
   <isEdited/>
   <fullBibliographicDescription/>
  </xenoData>
 </teiHeader>
 <p rend="left emptyline">
  <pb n="123"/>
 </p>
 <div type="section" xml:id="h000011046">
  <head rend="center">
   КАК НАУЧИЛИСЬ БУХАРЦЫ РАЗВОДИТЬ ШЕЛКОВИЧНЫХ ЧЕРВЕЙ
  </head>
  <p rend="center" uuid="9fc8659a-263e-4e6f-b9d7-d541da16d3b1">
   <hi rend="italic">
    (Быль)
   </hi>
  </p>
  <p rend="left" uuid="8ad32bb8-292d-4127-871c-1d0172586006">
   Китайцы долго одни умели разводить шелк и никому этого искусства не показывали, а продавали за дорогие деньги шелковые ткани.
  </p>
  <p rend="left" uuid="188cd87e-b63a-41ff-8e90-227abf0f5688">
   Бухарский царь услыхал об этом, и ему захотелось достать червей и научиться этому делу. Он просил китайцев дать ему семян и червей и деревьев. Они отказали. Тогда бухарский царь послал сватать за себя дочь у китайского императора и велел сказать невесте, что у него всего много в царстве, нет только одного — шелковых тканей, — так чтобы она с собою потихоньку привезла семян шелковицы и червей, а то не во что ей будет наряжаться.
  </p>
  <p rend="left" uuid="1d8ff448-02a2-4c8b-b085-b4459d03eae0">
   Царевна набрала семян червей и деревьев и положила себе в головную повязку.
  </p>
  <p rend="left" uuid="e14fbebf-3eb3-4217-8beb-5897f4d1dba5">
   Когда на границе стали осматривать, не везет ли она с собою потихоньку чего запрещенного, никто не посмел развязать ее повязку.
  </p>
  <p rend="left" uuid="1360621c-3eca-4400-82cf-9dfd2b3057af">
   И бухарцы развели у себя тутовые деревья и шелковичных червей, и царевна научила водить их.
  </p>
  <p rend="left emptyline" uuid="f60dcbd4-a0d5-4e90-a0c6-7dcb3e3c1111">
   <pb n="124"/>
  </p>
 </div>
</TEI>