<?xml version="1.0" encoding="utf-8"?>
<TEI xmlns="http://www.tei-c.org/ns/1.0" xmlns:xi="http://www.w3.org/2001/XInclude">
 <teiHeader>
  <fileDesc>
   <titleStmt>
    <title>
     Произведения, написанные для «Азбуки» и не включенные в нее
    </title>
    <author>
     Толстой Л.Н.
    </author>
    <respStmt>
     <resp>
      подготовка TEI/XML
     </resp>
     <name>
      Мария Картышева, Евгений Можаев, Даниил Скоринкин, Елена Сидорова, Вероника Файнберг, Кирилл Милинцевич
     </name>
    </respStmt>
    <respStmt>
     <name>
      Анастасия Бонч-Осмоловская, Фёкла Толстая, Борис Орехов
     </name>
     <resp>
      Идея, постановка задач, руководство
     </resp>
    </respStmt>
   </titleStmt>
   <publicationStmt>
    <idno>
     Азбука  | Произведения, написанные для «Азбуки» и не включенные в нее
    </idno>
    <publisher>
     <orgName>
      Школа лингвистики НИУ ВШЭ
     </orgName>
    </publisher>
    <availability>
     <p>
      Тексты и метатекстовая разметка доступны для свободного использования и распространения по лицензии Creative Commons Attribution Share-Alike (cc by-sa)
     </p>
    </availability>
   </publicationStmt>
   <sourceDesc>
    <biblStruct>
     <analytic>
      <author>
       Толстой Л.Н.
      </author>
      <title level="a">
       Произведения, написанные для «Азбуки» и не включенные в нее
      </title>
     </analytic>
     <monogr>
      <title level="m">
       Полное собрание сочинений. Том 21
      </title>
      <imprint>
       <pubPlace>
        Москва
       </pubPlace>
       <publisher>
        Государственное издательство "Художественная литература"
       </publisher>
       <date when="1871-1872"/>
      </imprint>
     </monogr>
     <series>
      <title level="s">
       Л.Н. Толстой. Полное собрание сочинений
      </title>
      <biblScope unit="vol">
       21
      </biblScope>
     </series>
    </biblStruct>
   </sourceDesc>
  </fileDesc>
  <encodingDesc>
   <classDecl>
    <xi:include href="taxonomy.xml"/>
   </classDecl>
  </encodingDesc>
  <profileDesc>
   <creation>
    <date notAfter="1872" notBefore="1871">
     1871-1872
    </date>
    <rs/>
   </creation>
   <textClass>
    <catRef target="#fiction" type="sphere"/>
    <catRef target="#произведения для детей" type="type"/>
    <catRef target="#works" type="works_letters_diaries"/>
    <catRef target="#сборник" type="ninetyDef"/>
    <catRef target="#Неопубликованное, неотделанное, неоконченное" type="main_var"/>
    <catRef target="#сборник" type="type_short"/>
    <catRef target="None" type="translation"/>
    <catRef target="None" type="translation_origin"/>
    <catRef target="#да" type="tolstoy_or_not"/>
    <catRef target="None" type="name_status"/>
   </textClass>
   <preparedness>
    finished
   </preparedness>
   <settingDesc>
    <time>
     XIX век
    </time>
   </settingDesc>
  </profileDesc>
  <xenoData>
   <cyclusName/>
   <p>
    Проект
    <title>
     Толстой.Digital
    </title>
    разрабатывается сотрудниками и студентами
    <orgName>
     Высшей школы экономики
    </orgName>
    в сотрудничестве с
    <orgName>
     Государственным музеем Л.Н. Толстого
    </orgName>
    . Источник текстов –
    <bibl>
     90-томное собрание сочинений Л.Н.Толстого
    </bibl>
    . Разметка основана на стандарте
    <ref target="http://www.tei-c.org">
     TEI (Text Encoding Initiative)
    </ref>
    .
   </p>
   <versionNumber/>
   <isFinished/>
   <isEdited/>
   <fullBibliographicDescription/>
  </xenoData>
 </teiHeader>
 <p rend="left emptyline">
  <pb n="242"/>
 </p>
 <div type="section" xml:id="h000013043">
  <head rend="center">
   КОНЕЦ БУЛЬКИ И МИЛЬТОНА
  </head>
  <p rend="center" uuid="86a54585-9cb2-4029-a964-8c2033670dc8">
   <hi rend="italic">
    (Рассказ)
   </hi>
  </p>
  <p rend="left" uuid="9f9af41b-f5f6-4a65-8429-8dd275a87d1e">
   Булька и Мильтон кончились в одно и то же время. Старый казак не умел обращаться с Мильтоном. Вместо того чтобы брать его с собою только на птицу, он стал водить его за кабанами. И в ту же осень секач
   <note n="n67">
    <div type="section" xml:id="n67">
     <head rend="left">
      <ref target="#backn67">
       67
      </ref>
     </head>
     <p rend="left Razradka" uuid="94379c74-2d35-4539-9f5c-175c64e5511d">
      Секач — двухгодовалый кабан с острым, не загнутым клыком.
     </p>
    </div>
   </note>
   кабан спорол его. Никто не умел его зашить, и Мильтон издох.
  </p>
  <p rend="left" uuid="1997e026-b609-4395-a79f-9583e9cff7c9">
   Булька тоже недолго жил после того, как он спасся от колодников. Скоро после своего спасения от колодников он стал скучать и стал лизать всё, что ему попадалось. Он лизал мне руки, но не так, как прежде, когда ласкался. Он лизал долго и сильно налегал языком, а потом начинал прихватывать зубами. Видно, ему нужно было кусать руку, но он не хотел. Я не стал давать ему руку. Тогда он стал лизать мой сапог, ножку стола и потом кусать сапог или ножку стола. Это продолжалось два дня, а на третий день он пропал, и никто не видал и не слыхал про него.
  </p>
  <p rend="left" uuid="fff9cac1-d40e-4bf5-a3d0-896919890b62">
   Украсть его нельзя было, и уйти от меня он не мог, а случилось это с ним 6 недель после того, как его укусил волк. Стало быть, волк, точно, был бешеный. Булька взбесился и ушел. С ним сделалось то, что называют по-охотничьи — стечка. Говорят, что бешенство в том состоит, что у бешеного животного в горле делаются судороги. Бешеные животные хотят пить и не могут, потому что от воды судороги делаются сильнее. Тогда они от боли и от жажды выходят из себя и начинают кусать. Верно, у Бульки начинались эти судороги, когда он начинал лизать, а потом кусать мою руку и ножку стола.
  </p>
  <p rend="left" uuid="1658c371-87d6-487a-ac6c-51323740ee50">
   Я ездил везде по округе и спрашивал про Бульку, но не мог узнать, куда он делся и как он издох. Если бы он бегал и кусал, как делают бешеные собаки, то я бы услыхал про него. А, верно, он забежал куда-нибудь в глушь и один умер там. Охотники говорят, что когда с умной собакой сделается стечка, то она убегает в поля или леса и там ищет травы, какой ей нужно, вываливается по росам и сама лечится. Видно, Булька не мог вылечиться. Он не вернулся и пропал.
  </p>
  <p rend="left emptyline" uuid="6b9e7781-5e7e-4b12-85a9-73747d67cc29">
   <pb n="243"/>
  </p>
 </div>
</TEI>