<?xml version="1.0" encoding="utf-8"?>
<TEI xmlns="http://www.tei-c.org/ns/1.0" xmlns:xi="http://www.w3.org/2001/XInclude">
 <teiHeader>
  <fileDesc>
   <titleStmt>
    <title>
     Произведения, написанные для «Азбуки» и не включенные в нее
    </title>
    <author>
     Толстой Л.Н.
    </author>
    <respStmt>
     <resp>
      подготовка TEI/XML
     </resp>
     <name>
      Мария Картышева, Евгений Можаев, Даниил Скоринкин, Елена Сидорова, Вероника Файнберг, Кирилл Милинцевич
     </name>
    </respStmt>
    <respStmt>
     <name>
      Анастасия Бонч-Осмоловская, Фёкла Толстая, Борис Орехов
     </name>
     <resp>
      Идея, постановка задач, руководство
     </resp>
    </respStmt>
   </titleStmt>
   <publicationStmt>
    <idno>
     Азбука  | Произведения, написанные для «Азбуки» и не включенные в нее
    </idno>
    <publisher>
     <orgName>
      Школа лингвистики НИУ ВШЭ
     </orgName>
    </publisher>
    <availability>
     <p>
      Тексты и метатекстовая разметка доступны для свободного использования и распространения по лицензии Creative Commons Attribution Share-Alike (cc by-sa)
     </p>
    </availability>
   </publicationStmt>
   <sourceDesc>
    <biblStruct>
     <analytic>
      <author>
       Толстой Л.Н.
      </author>
      <title level="a">
       Произведения, написанные для «Азбуки» и не включенные в нее
      </title>
     </analytic>
     <monogr>
      <title level="m">
       Полное собрание сочинений. Том 21
      </title>
      <imprint>
       <pubPlace>
        Москва
       </pubPlace>
       <publisher>
        Государственное издательство "Художественная литература"
       </publisher>
       <date when="1871-1872"/>
      </imprint>
     </monogr>
     <series>
      <title level="s">
       Л.Н. Толстой. Полное собрание сочинений
      </title>
      <biblScope unit="vol">
       21
      </biblScope>
     </series>
    </biblStruct>
   </sourceDesc>
  </fileDesc>
  <encodingDesc>
   <classDecl>
    <xi:include href="taxonomy.xml"/>
   </classDecl>
  </encodingDesc>
  <profileDesc>
   <creation>
    <date notAfter="1872" notBefore="1871">
     1871-1872
    </date>
    <rs/>
   </creation>
   <textClass>
    <catRef target="#fiction" type="sphere"/>
    <catRef target="#произведения для детей" type="type"/>
    <catRef target="#works" type="works_letters_diaries"/>
    <catRef target="#сборник" type="ninetyDef"/>
    <catRef target="#Неопубликованное, неотделанное, неоконченное" type="main_var"/>
    <catRef target="#сборник" type="type_short"/>
    <catRef target="None" type="translation"/>
    <catRef target="None" type="translation_origin"/>
    <catRef target="#да" type="tolstoy_or_not"/>
    <catRef target="None" type="name_status"/>
   </textClass>
   <preparedness>
    finished
   </preparedness>
   <settingDesc>
    <time>
     XIX век
    </time>
   </settingDesc>
  </profileDesc>
  <xenoData>
   <cyclusName/>
   <p>
    Проект
    <title>
     Толстой.Digital
    </title>
    разрабатывается сотрудниками и студентами
    <orgName>
     Высшей школы экономики
    </orgName>
    в сотрудничестве с
    <orgName>
     Государственным музеем Л.Н. Толстого
    </orgName>
    . Источник текстов –
    <bibl>
     90-томное собрание сочинений Л.Н.Толстого
    </bibl>
    . Разметка основана на стандарте
    <ref target="http://www.tei-c.org">
     TEI (Text Encoding Initiative)
    </ref>
    .
   </p>
   <versionNumber/>
   <isFinished/>
   <isEdited/>
   <fullBibliographicDescription/>
  </xenoData>
 </teiHeader>
 <p rend="left emptyline">
  <pb n="349"/>
 </p>
   <p id="65d7c62b-71d8-4aba-a76c-703d146a39ec" rend="left">
    ** Один старик пошел ловить рыбу. Он накопал червей, потом сорвал лист лопуха и в этот лист завернул червей. Потом взял удочки и пошел к реке. — Он пришел к реке, подошел к большой березе, которая росла на берегу, и поставил ведро на землю. Когда он подошел к реке, две лягушки сидели на берегу. Они увидали старика, испугались и попрыгали в воду. Старик сел на землю и стал надевать червя на удочку. Когда старик сел на землю, старая мышь, которая бегала под березой, увидала его ногу и испугалась. Она убежала в нору. Старик надел червяка, встал, замахнулся и закинул удочку в воду. Когда он закидывал удочку, грач, который сидел на березе, увидал его, испугался и слетел с березы. —
   </p>
   <p id="704aaad5-7feb-47c1-9ade-bb1c4625ae06" rend="left">
    Только что старик закинул удочку, один карась подплыл к березе и увидал в воде червяка. Он открыл рот, схватил червяка и хотел унести его. Но червяк был надет на крючке, а крючок привязан к удочке. Старик увидал, что удочка его стала дергаться, и вытащил карася. Он снял его с крючка и положил в ведро. Потом он опять закинул удочку. Одна муха прилетела к старику и села ему на нос. Старик махнул рукой. Муха испугалась, слетела с носу старика и села на траву. После этого долго не бралась рыба. Это было рано утром. Всё было тихо. Вода не шевелилась и была, как голубое стекло. Солнца не видно было за горой. И только слышно было, как поют птицы, жужжат мухи, пчелы и комары, и как плескается рыба, и как дышит старик. Старик облокотился спиной на березу, закрыл глаза и заснул. Когда он заснул, лягушки опять выпрыгнули из воды, мышь пришла опять к тому месту, с которого она убежала, грач опять прилетел на березу, муха опять села на нос старику, карась в ведре высунул из воды голову, червяки расползлись из лопуха. И старик видел во сне, что и лягушки, и мышь, и грач, и муха, и карась, и червяки, и береза, и лопух — все стали говорить ‹между собой.› И старик стал во сне тоже говорить с ними. Грач закричал с березы: Не говорите все вместе, а то мы ничего не расслушаем. Давайте говорить друг за другом, и пусть каждый расскажет свою историю.
   </p>
   <p id="54a363dd-a109-41be-8c11-83e185ce9cbe" rend="left">
    И все сказали: Ну давайте. Лопух сказал: Мне не долго осталось жить. Я скоро засохну и почернею, поэтому дайте им слышать мою историю, дайте мне говорить первому. Все согласились, и лопух стал рассказывать.
   </p>
   <lb />
   <p id="bd323b1d-6aa5-4d68-92f9-66b3bb732ec8" rend="centerline">
    История лопуха
   </p>
   <p id="b2fcf0a6-8aa2-4117-a855-5dbab77f08f2" rend="left">
    Вы меня называете лопух. И теперь я точно лопух, а прежде я был лист от репейника. Мы, репейники, живем все точно так же, как и вы все живете. Мы едим, пьем, спим, просыпаемся, родимся и умираем. Едим мы землю нашими корнями, пьем воздух и воду нашими листьями. Умираем, вот как я теперь умираю, оттого, что нас сорвут или растопчут, а рождаемся мы так же, как и все, от отца и матери.
   </p>
</TEI>