<?xml version="1.0" encoding="utf-8"?>
<TEI xmlns="http://www.tei-c.org/ns/1.0" xmlns:xi="http://www.w3.org/2001/XInclude">
 <teiHeader>
  <fileDesc>
   <titleStmt>
    <title>
     НА ЧТО НУЖНЫ МЫШИ
    </title>
    <author>
     Толстой Л.Н.
    </author>
    <respStmt>
     <resp>
      подготовка TEI/XML
     </resp>
     <name>
      Мария Картышева, Евгений Можаев, Даниил Скоринкин, Елена Сидорова, Вероника Файнберг, Кирилл Милинцевич
     </name>
    </respStmt>
    <respStmt>
     <resp>
      Идея, постановка задач, руководство
     </resp>
     <name>
      Анастасия Бонч-Осмоловская, Фёкла Толстая, Борис Орехов
     </name>
    </respStmt>
   </titleStmt>
   <publicationStmt>
    <idno>
     НА ЧТО НУЖНЫ МЫШИ
    </idno>
    <publisher>
     <orgName>
      Школа лингвистики НИУ ВШЭ
     </orgName>
    </publisher>
    <availability>
     <p>
      Тексты и метатекстовая разметка доступны для свободного использования и распространения по лицензии Creative Commons Attribution Share-Alike (cc by-sa)
     </p>
    </availability>
   </publicationStmt>
   <sourceDesc>
    <biblStruct>
     <analytic>
      <author>
       Толстой Л.Н.
      </author>
     </analytic>
     <monogr>
      <title level="m">
       Полное собрание сочинений. Том 21
      </title>
      <imprint>
       <pubPlace>
        Москва
       </pubPlace>
       <publisher>
        Государственное издательство "Художественная литература"
       </publisher>
      </imprint>
     </monogr>
     <series>
      <title level="s">
       Л.Н. Толстой. Полное собрание сочинений
      </title>
      <biblScope unit="vol">
       90
      </biblScope>
     </series>
    </biblStruct>
   </sourceDesc>
  </fileDesc>
  <encodingDesc>
   <classDecl>
    <xi:include href="taxonomy.xml"/>
   </classDecl>
  </encodingDesc>
  <profileDesc>
   <creation>
    <date/>
    <rs type="country">
     Россия
    </rs>
   </creation>
   <textClass/>
   <preparedness>
    not finished
   </preparedness>
  </profileDesc>
 </teiHeader>
 <p rend="left emptyline">
  <pb n="363"/>
 </p>
 <text>
  <head rend="center">
   &lt;НА ЧТО НУЖНЫ МЫШИ
  </head>
  <p rend="left">
   У меня был молодой сад. Весною я пошел смотреть свои яблони и увидал, что мыши кругом объели их корни, так что вокруг каждой яблони кора была съедена, как белое кольцо. Яблони были хорошие и свежие. На всех были цветовые почки. Все бы они цвели и дали бы плод, а теперь я знал, что они пропадут, потому что сок в деревьях ходит по коре, как в человеке кровь ходит по жилам. Мне живо жалко было смотреть на мои яблони, и я пошел домой, и рассказал деду свое горе, и как бы я побил всех мышей на свете, если бы моя сила была.
   <note xi:id="note80">
    Когда я лег спать, мне приснилось, что все мыши на свете собраны в один сарай, и что у меня в руках огонь, и кто-то говорит мне: Вот, если хочешь, зажги сарай, и ты погубить всех мышей за то, что они испортили твои яблони. И я будто обрадовался и захотел сжечь сарай; но тут вдруг выскочили лисицы и стали просить меня, чтобы я не жег мышей.
   </note>
   А дед сказал мне: Если бы твоя сила была побить мышей, ты знаешь, кто бы тебя пришел просить за них. Я сказал: Некому просить за них, они никому не нужны. А дед сказал: Первые пришли бы кошки и стали бы просить за мышей. Они сказали бы: Если ты сожжешь мышей, нам будет есть нечего. Потом пришли бы лисицы и тоже просили. Они сказали
   <choice original_editorial_correction="[бы]">
    <sic/>
    <corr>
     бы
    </corr>
   </choice>
   : без мышей нам надо будет красть кур и цыплят. После лисиц пришли
   <choice original_editorial_correction="[бы]">
    <sic/>
    <corr>
     бы
    </corr>
   </choice>
   тетерева и куропатки и тоже просили бы тебя не убивать мышей. Я удивился: зачем куропаткам и тетеревам мышей, но дед сказал: Им мыши нужнее всего на свете. Они не едят их, но если ты мышей погубишь, лисицам будет есть нечего, они разорят куропачьи и тетеревиные гнезда. Все мы на свете друг другу нужны. —&gt;
  </p>
 </text>
</TEI>