<?xml version="1.0" encoding="utf-8"?>
<TEI xmlns="http://www.tei-c.org/ns/1.0" xmlns:xi="http://www.w3.org/2001/XInclude">
 <teiHeader>
  <fileDesc>
   <titleStmt>
    <title>
     Произведения, написанные для «Азбуки» и не включенные в нее
    </title>
    <author>
     Толстой Л.Н.
    </author>
    <respStmt>
     <resp>
      подготовка TEI/XML
     </resp>
     <name>
      Мария Картышева, Евгений Можаев, Даниил Скоринкин, Елена Сидорова, Вероника Файнберг, Кирилл Милинцевич
     </name>
    </respStmt>
    <respStmt>
     <name>
      Анастасия Бонч-Осмоловская, Фёкла Толстая, Борис Орехов
     </name>
     <resp>
      Идея, постановка задач, руководство
     </resp>
    </respStmt>
   </titleStmt>
   <publicationStmt>
    <idno>
     Азбука  | Произведения, написанные для «Азбуки» и не включенные в нее
    </idno>
    <publisher>
     <orgName>
      Школа лингвистики НИУ ВШЭ
     </orgName>
    </publisher>
    <availability>
     <p>
      Тексты и метатекстовая разметка доступны для свободного использования и распространения по лицензии Creative Commons Attribution Share-Alike (cc by-sa)
     </p>
    </availability>
   </publicationStmt>
   <sourceDesc>
    <biblStruct>
     <analytic>
      <author>
       Толстой Л.Н.
      </author>
      <title level="a">
       Произведения, написанные для «Азбуки» и не включенные в нее
      </title>
     </analytic>
     <monogr>
      <title level="m">
       Полное собрание сочинений. Том 21
      </title>
      <imprint>
       <pubPlace>
        Москва
       </pubPlace>
       <publisher>
        Государственное издательство "Художественная литература"
       </publisher>
       <date when="1871-1872"/>
      </imprint>
     </monogr>
     <series>
      <title level="s">
       Л.Н. Толстой. Полное собрание сочинений
      </title>
      <biblScope unit="vol">
       21
      </biblScope>
     </series>
    </biblStruct>
   </sourceDesc>
  </fileDesc>
  <encodingDesc>
   <classDecl>
    <xi:include href="taxonomy.xml"/>
   </classDecl>
  </encodingDesc>
  <profileDesc>
   <creation>
    <date notAfter="1872" notBefore="1871">
     1871-1872
    </date>
    <rs/>
   </creation>
   <textClass>
    <catRef target="#fiction" type="sphere"/>
    <catRef target="#произведения для детей" type="type"/>
    <catRef target="#works" type="works_letters_diaries"/>
    <catRef target="#сборник" type="ninetyDef"/>
    <catRef target="#Неопубликованное, неотделанное, неоконченное" type="main_var"/>
    <catRef target="#сборник" type="type_short"/>
    <catRef target="None" type="translation"/>
    <catRef target="None" type="translation_origin"/>
    <catRef target="#да" type="tolstoy_or_not"/>
    <catRef target="None" type="name_status"/>
   </textClass>
   <preparedness>
    finished
   </preparedness>
   <settingDesc>
    <time>
     XIX век
    </time>
   </settingDesc>
  </profileDesc>
  <xenoData>
   <cyclusName/>
   <p>
    Проект
    <title>
     Толстой.Digital
    </title>
    разрабатывается сотрудниками и студентами
    <orgName>
     Высшей школы экономики
    </orgName>
    в сотрудничестве с
    <orgName>
     Государственным музеем Л.Н. Толстого
    </orgName>
    . Источник текстов –
    <bibl>
     90-томное собрание сочинений Л.Н.Толстого
    </bibl>
    . Разметка основана на стандарте
    <ref target="http://www.tei-c.org">
     TEI (Text Encoding Initiative)
    </ref>
    .
   </p>
   <versionNumber/>
   <isFinished/>
   <isEdited/>
   <fullBibliographicDescription/>
  </xenoData>
 </teiHeader>
 <p rend="left emptyline">
  <pb n="275"/>
 </p>
 <div type="section" xml:id="h000014012">
  <head rend="center">
   ЛЕВ, ВОЛК И ЛИСИЦА
  </head>
  <p rend="center" uuid="93b59c57-e6dd-4157-9ccb-6063e9b3e49f">
   <hi rend="italic">
    (Басня)
   </hi>
  </p>
  <p rend="left" uuid="35427ede-628b-437c-83a1-e4625a2a9435">
   Старый больной лев лежал в пещере. Приходили все звери проведывать царя, только лисица не бывала. Вот волк обрадовался случаю и стал пред львом оговаривать лисицу.
  </p>
  <p rend="left" uuid="dba9f78b-a898-463a-a8d9-8cb22334a74c">
   — Она, — говорит, — тебя ни во что считает, ни разу не зашла царя проведать.
  </p>
  <p rend="left" uuid="c0478ae7-12bb-4ac6-ab5e-8b211ff586d0">
   На эти слова и прибеги лисица. Она услыхала, что волк говорит, и думает: «погоди ж, волк, я тебе вымещу».
  </p>
  <p rend="left" uuid="3cbcf03e-c317-4c57-878d-d493417dcc14">
   Вот лев зарычал на лисицу, а она и говорит: «Не вели казнить, вели слово вымолвить. Я оттого не бывала, что недосуг было. А недосуг было оттого, что по всему свету бегала,
   <pb n="276"/>
   у лекарей для тебя лекарства спрашивала. Только теперь нашла, вот и прибежала».
  </p>
  <p rend="left" uuid="d7cba6bb-f38b-4cab-abc1-0446f8519870">
   Лев и говорит:
  </p>
  <p rend="left" uuid="344b64d8-ebb7-4174-aca3-019920190567">
   — Какое лекарство?
  </p>
  <p rend="left" uuid="7bba41fc-bac6-4f64-997a-92d182473a9f">
   — А вот какое: если живого волка обдерешь, да шкуру его тепленькую наденешь...
  </p>
  <p rend="left" uuid="43064113-c355-4952-aa1c-225358f1eae0">
   Как растянул лев волка, лисица засмеялась и говорит:
  </p>
  <p rend="left" uuid="2550040a-b4fb-42c5-b83b-e2772d8239a0">
   — Так-то, брат; господ не на зло, а на добро наводить надо.
  </p>
 </div>
</TEI>