<?xml version="1.0" encoding="utf-8"?>
<TEI xmlns="http://www.tei-c.org/ns/1.0" xmlns:xi="http://www.w3.org/2001/XInclude">
 <teiHeader>
  <fileDesc>
   <titleStmt>
    <title>
     Произведения, написанные для «Азбуки» и не включенные в нее
    </title>
    <author>
     Толстой Л.Н.
    </author>
    <respStmt>
     <resp>
      подготовка TEI/XML
     </resp>
     <name>
      Мария Картышева, Евгений Можаев, Даниил Скоринкин, Елена Сидорова, Вероника Файнберг, Кирилл Милинцевич
     </name>
    </respStmt>
    <respStmt>
     <name>
      Анастасия Бонч-Осмоловская, Фёкла Толстая, Борис Орехов
     </name>
     <resp>
      Идея, постановка задач, руководство
     </resp>
    </respStmt>
   </titleStmt>
   <publicationStmt>
    <idno>
     Азбука  | Произведения, написанные для «Азбуки» и не включенные в нее
    </idno>
    <publisher>
     <orgName>
      Школа лингвистики НИУ ВШЭ
     </orgName>
    </publisher>
    <availability>
     <p>
      Тексты и метатекстовая разметка доступны для свободного использования и распространения по лицензии Creative Commons Attribution Share-Alike (cc by-sa)
     </p>
    </availability>
   </publicationStmt>
   <sourceDesc>
    <biblStruct>
     <analytic>
      <author>
       Толстой Л.Н.
      </author>
      <title level="a">
       Произведения, написанные для «Азбуки» и не включенные в нее
      </title>
     </analytic>
     <monogr>
      <title level="m">
       Полное собрание сочинений. Том 21
      </title>
      <imprint>
       <pubPlace>
        Москва
       </pubPlace>
       <publisher>
        Государственное издательство "Художественная литература"
       </publisher>
       <date when="1871-1872"/>
      </imprint>
     </monogr>
     <series>
      <title level="s">
       Л.Н. Толстой. Полное собрание сочинений
      </title>
      <biblScope unit="vol">
       21
      </biblScope>
     </series>
    </biblStruct>
   </sourceDesc>
  </fileDesc>
  <encodingDesc>
   <classDecl>
    <xi:include href="taxonomy.xml"/>
   </classDecl>
  </encodingDesc>
  <profileDesc>
   <creation>
    <date notAfter="1872" notBefore="1871">
     1871-1872
    </date>
    <rs/>
   </creation>
   <textClass>
    <catRef target="#fiction" type="sphere"/>
    <catRef target="#произведения для детей" type="type"/>
    <catRef target="#works" type="works_letters_diaries"/>
    <catRef target="#сборник" type="ninetyDef"/>
    <catRef target="#Неопубликованное, неотделанное, неоконченное" type="main_var"/>
    <catRef target="#сборник" type="type_short"/>
    <catRef target="None" type="translation"/>
    <catRef target="None" type="translation_origin"/>
    <catRef target="#да" type="tolstoy_or_not"/>
    <catRef target="None" type="name_status"/>
   </textClass>
   <preparedness>
    finished
   </preparedness>
   <settingDesc>
    <time>
     XIX век
    </time>
   </settingDesc>
  </profileDesc>
  <xenoData>
   <cyclusName/>
   <p>
    Проект
    <title>
     Толстой.Digital
    </title>
    разрабатывается сотрудниками и студентами
    <orgName>
     Высшей школы экономики
    </orgName>
    в сотрудничестве с
    <orgName>
     Государственным музеем Л.Н. Толстого
    </orgName>
    . Источник текстов –
    <bibl>
     90-томное собрание сочинений Л.Н.Толстого
    </bibl>
    . Разметка основана на стандарте
    <ref target="http://www.tei-c.org">
     TEI (Text Encoding Initiative)
    </ref>
    .
   </p>
   <versionNumber/>
   <isFinished/>
   <isEdited/>
   <fullBibliographicDescription/>
  </xenoData>
 </teiHeader>
 <p rend="left emptyline">
  <pb n="236"/>
 </p>
 <div type="section" xml:id="h000013039">
  <head rend="center">
   МИЛЬТОН И БУЛЬКА
  </head>
  <p rend="center" uuid="f23d2319-1d8a-40ca-9768-31e58a1fb768">
   <hi rend="italic">
    (Рассказ)
   </hi>
  </p>
  <p rend="left" uuid="d4b059f0-a20e-4498-97d8-b409240371d2">
   Я завел себе для фазанов лягавую собаку. Собаку эту звали Мильтон: она была высокая, худая, крапчатая по серому, с длинными брылами и ушами и очень сильная и умная. С Булькой они не грызлись. Ни одна собака никогда не огрызалась на Бульку. Он, бывало, только покажет свои зубы, и собаки поджимают хвосты и отходят прочь. Один раз я пошел с Мильтоном за фазанами. Вдруг Булька прибежал за мной в лес. Я хотел прогнать его, но никак не мог. А идти домой, чтобы отвести
   <pb n="237"/>
   его, было далеко. Я думал, что он не будет мешать мне, и пошел дальше; но только что Мильтон почуял в траве фазана и стал искать, Булька бросился вперед и стал соваться во все стороны. Он старался прежде Мильтона поднять фазана. Он что-то такое слышал в траве, прыгал, вертелся: но чутье у него плохое, и он не мог найти следа один, а смотрел на Мильтона и бежал туда, куда шел Мильтон. Только что Мильтон тронется по следу, Булька забежит вперед. Я отзывал Бульку, бил, но ничего не мог сделать с ним. Как только Мильтон начинал искать, он бросался вперед и мешал ему. Я хотел уже идти домой, потому что думал, что охота моя испорчена, но Мильтон лучше меня придумал, как обмануть Бульку. Он вот что сделал: как только Булька забежит ему вперед, Мильтон бросит след, повернет в другую сторону и притворится, что он ищет. Булька бросится туда, куда показал Мильтон, а Мильтон оглянется на меня, махнет хвостом и пойдет опять по настоящему следу. Булька опять прибегает к Мильтону, забегает вперед, и опять Мильтон нарочно сделает шагов десять в сторону, обманет Бульку и опять поведет меня прямо. Так что всю охоту он обманывал Бульку и не дал ему испортить дело.
  </p>
 </div>
</TEI>