<?xml version="1.0" encoding="utf-8"?>
<TEI xmlns="http://www.tei-c.org/ns/1.0" xmlns:xi="http://www.w3.org/2001/XInclude">
 <teiHeader>
  <fileDesc>
   <titleStmt>
    <title>
     КОШКА И МЫШАТНИК ЯСТРЕБ
    </title>
    <author>
     Толстой Л.Н.
    </author>
    <respStmt>
     <resp>
      подготовка TEI/XML
     </resp>
     <name>
      Мария Картышева, Евгений Можаев, Даниил Скоринкин, Елена Сидорова, Вероника Файнберг, Кирилл Милинцевич
     </name>
    </respStmt>
    <respStmt>
     <resp>
      Идея, постановка задач, руководство
     </resp>
     <name>
      Анастасия Бонч-Осмоловская, Фёкла Толстая, Борис Орехов
     </name>
    </respStmt>
   </titleStmt>
   <publicationStmt>
    <idno>
     КОШКА И МЫШАТНИК ЯСТРЕБ
    </idno>
    <publisher>
     <orgName>
      Школа лингвистики НИУ ВШЭ
     </orgName>
    </publisher>
    <availability>
     <p>
      Тексты и метатекстовая разметка доступны для свободного использования и распространения по лицензии Creative Commons Attribution Share-Alike (cc by-sa)
     </p>
    </availability>
   </publicationStmt>
   <sourceDesc>
    <biblStruct>
     <analytic>
      <author>
       Толстой Л.Н.
      </author>
     </analytic>
     <monogr>
      <title level="m">
       Полное собрание сочинений. Том 21
      </title>
      <imprint>
       <pubPlace>
        Москва
       </pubPlace>
       <publisher>
        Государственное издательство "Художественная литература"
       </publisher>
      </imprint>
     </monogr>
     <series>
      <title level="s">
       Л.Н. Толстой. Полное собрание сочинений
      </title>
      <biblScope unit="vol">
       90
      </biblScope>
     </series>
    </biblStruct>
   </sourceDesc>
  </fileDesc>
  <encodingDesc>
   <classDecl>
    <xi:include href="taxonomy.xml"/>
   </classDecl>
  </encodingDesc>
  <profileDesc>
   <creation>
    <date/>
    <rs type="country">
     Россия
    </rs>
   </creation>
   <textClass/>
   <preparedness>
    not finished
   </preparedness>
  </profileDesc>
 </teiHeader>
 <p rend="left emptyline">
  <pb n="348"/>
 </p>
  <head rend="center">
   **&lt;КОШКА И МЫШАТНИК ЯСТРЕБ
  </head>
  <p rend="left">
   Кошка вышла в поле и увидала мышь под березой. Она прилегла и прицелилась и выжидала время, вдруг с неба упала белая птица и убила мышь. Кошка прыгнула к мыши; но белый ястреб-мышатник
   <choice original_editorial_correction="ра[з]махнул">
    <sic>
     рамахнул
    </sic>
    <corr>
     размахнул
    </corr>
   </choice>
   крылья, шатнулся и поднялся с мышью. Кошка стала бранить ястреба. Она сказала: Это моя мышь. Без меня ты бы не увидал ее. Ты вор и разбойник. Ястреб отлетел от кошки, бросил мышь и сказал кошке: Возьми свою мышь, если ты видишь ее. Но кошка не видела мыши. Тогда ястреб поднял мышь, постоял на крыльях над кошкой и поднялся так высоко, что кошка не видела его.&gt;
  </p>
</TEI>