<?xml version="1.0" encoding="utf-8"?>
<TEI xmlns="http://www.tei-c.org/ns/1.0" xmlns:xi="http://www.w3.org/2001/XInclude">
 <teiHeader>
  <fileDesc>
   <titleStmt>
    <title>
     Произведения, написанные для «Азбуки» и не включенные в нее
    </title>
    <author>
     Толстой Л.Н.
    </author>
    <respStmt>
     <resp>
      подготовка TEI/XML
     </resp>
     <name>
      Мария Картышева, Евгений Можаев, Даниил Скоринкин, Елена Сидорова, Вероника Файнберг, Кирилл Милинцевич
     </name>
    </respStmt>
    <respStmt>
     <name>
      Анастасия Бонч-Осмоловская, Фёкла Толстая, Борис Орехов
     </name>
     <resp>
      Идея, постановка задач, руководство
     </resp>
    </respStmt>
   </titleStmt>
   <publicationStmt>
    <idno>
     Азбука  | Произведения, написанные для «Азбуки» и не включенные в нее
    </idno>
    <publisher>
     <orgName>
      Школа лингвистики НИУ ВШЭ
     </orgName>
    </publisher>
    <availability>
     <p>
      Тексты и метатекстовая разметка доступны для свободного использования и распространения по лицензии Creative Commons Attribution Share-Alike (cc by-sa)
     </p>
    </availability>
   </publicationStmt>
   <sourceDesc>
    <biblStruct>
     <analytic>
      <author>
       Толстой Л.Н.
      </author>
      <title level="a">
       Произведения, написанные для «Азбуки» и не включенные в нее
      </title>
     </analytic>
     <monogr>
      <title level="m">
       Полное собрание сочинений. Том 21
      </title>
      <imprint>
       <pubPlace>
        Москва
       </pubPlace>
       <publisher>
        Государственное издательство "Художественная литература"
       </publisher>
       <date when="1871-1872"/>
      </imprint>
     </monogr>
     <series>
      <title level="s">
       Л.Н. Толстой. Полное собрание сочинений
      </title>
      <biblScope unit="vol">
       21
      </biblScope>
     </series>
    </biblStruct>
   </sourceDesc>
  </fileDesc>
  <encodingDesc>
   <classDecl>
    <xi:include href="taxonomy.xml"/>
   </classDecl>
  </encodingDesc>
  <profileDesc>
   <creation>
    <date notAfter="1872" notBefore="1871">
     1871-1872
    </date>
    <rs/>
   </creation>
   <textClass>
    <catRef target="#fiction" type="sphere"/>
    <catRef target="#произведения для детей" type="type"/>
    <catRef target="#works" type="works_letters_diaries"/>
    <catRef target="#сборник" type="ninetyDef"/>
    <catRef target="#Неопубликованное, неотделанное, неоконченное" type="main_var"/>
    <catRef target="#сборник" type="type_short"/>
    <catRef target="None" type="translation"/>
    <catRef target="None" type="translation_origin"/>
    <catRef target="#да" type="tolstoy_or_not"/>
    <catRef target="None" type="name_status"/>
   </textClass>
   <preparedness>
    finished
   </preparedness>
   <settingDesc>
    <time>
     XIX век
    </time>
   </settingDesc>
  </profileDesc>
  <xenoData>
   <cyclusName/>
   <p>
    Проект
    <title>
     Толстой.Digital
    </title>
    разрабатывается сотрудниками и студентами
    <orgName>
     Высшей школы экономики
    </orgName>
    в сотрудничестве с
    <orgName>
     Государственным музеем Л.Н. Толстого
    </orgName>
    . Источник текстов –
    <bibl>
     90-томное собрание сочинений Л.Н.Толстого
    </bibl>
    . Разметка основана на стандарте
    <ref target="http://www.tei-c.org">
     TEI (Text Encoding Initiative)
    </ref>
    .
   </p>
   <versionNumber/>
   <isFinished/>
   <isEdited/>
   <fullBibliographicDescription/>
  </xenoData>
 </teiHeader>
 <p rend="left emptyline">
  <pb n="210"/>
 </p>
 <div type="section" xml:id="h000013014">
  <head rend="center">
   КАК МУЖИК ГУСЕЙ ДЕЛИЛ
  </head>
  <p rend="center" uuid="71931c55-d216-4f02-9523-9ae4ab44a99a">
   <hi rend="italic">
    (Сказка)
   </hi>
  </p>
  <p rend="left" uuid="7bd3319f-f07e-4ee3-b10b-1af5533bc32b">
   У одного бедного мужика не стало хлеба. Вот он и задумал попросить хлеба у барина. Чтобы было с чем идти к барину, он поймал гуся, изжарил его и понес. Барин принял гуся и
   <pb n="211"/>
   говорит мужику: «Спасибо, мужик, тебе за гуся, только не знаю, как мы твоего гуся делить будем. Вот у меня жена, два сына и две дочери. Как бы нам разделить гуся без обиды?». Мужик говорит: «Я разделю». Взял ножик, отрезал голову и говорит барину: «ты всему дому голова, тебе голову». Потом отрезал задок, подает барыне: «тебе, говорит, дома сидеть, за домом смотреть, тебе задок». Потом отрезал лапки и подает сыновьям: «вам, говорит, ножки — топтать отцовские дорожки». А дочерям дал крылья: «вы, говорит, скоро из дома улетите, вот вам по крылышку. А остаточки себе возьму!» — И взял себе всего гуся.
  </p>
  <p rend="left" uuid="698b5433-cc7b-4c68-ada0-1d09a0b8bf22">
   Барин посмеялся, дал мужику хлеба и денег.
  </p>
  <p rend="left" uuid="ddb29bfb-dc3b-4e31-9cd1-f95f5427f362">
   Услыхал богатый мужик, что барин за гуся наградил бедного мужика хлебом и деньгами, зажарил пять гусей и понес к барину.
  </p>
  <p rend="left" uuid="c9c6944c-701b-42bc-ad3d-42ded96a55e0">
   Барин говорит: «Спасибо за гусей. Да вот у меня жена, два сына, две дочери, всех шестеро, — как бы нам поровну разделить твоих гусей?»
  </p>
  <p rend="left" uuid="8476220a-52a5-4aad-acd0-4c6ba1904fba">
   Стал богатый мужик думать и ничего не придумал.
  </p>
  <p rend="left" uuid="369ee644-c904-4391-b1d3-1933f0634071">
   Послал барин за бедным мужиком и велел делить. Бедный мужик взял одного гуся — дал барину с барыней и говорит: «Вот вас трое с гусем»; одного дал сыновьям: «и вас, говорит, трое»; одного дал дочерям: «и вас трое»; а себе взял двух гусей: «вот, говорит, и нас трое с гусями, — все поровну».
  </p>
  <p rend="left" uuid="933e9db7-74c1-45c6-b67b-eabc06b1c873">
   Барин посмеялся и дал бедному мужику еще денег и хлеба, а богатого прогнал.
  </p>
 </div>
</TEI>