<?xml version="1.0" encoding="utf-8"?>
<TEI xmlns="http://www.tei-c.org/ns/1.0" xmlns:xi="http://www.w3.org/2001/XInclude">
 <teiHeader>
  <fileDesc>
   <titleStmt>
    <title>
     ЗАПАХ
    </title>
    <author>
     Толстой Л.Н.
    </author>
    <respStmt>
     <resp>
      подготовка TEI/XML
     </resp>
     <name>
      Мария Картышева, Евгений Можаев, Даниил Скоринкин, Елена Сидорова, Вероника Файнберг, Кирилл Милинцевич
     </name>
    </respStmt>
    <respStmt>
     <resp>
      Идея, постановка задач, руководство
     </resp>
     <name>
      Анастасия Бонч-Осмоловская, Фёкла Толстая, Борис Орехов
     </name>
    </respStmt>
   </titleStmt>
   <publicationStmt>
    <idno>
     ЗАПАХ
    </idno>
    <publisher>
     <orgName>
      Школа лингвистики НИУ ВШЭ
     </orgName>
    </publisher>
    <availability>
     <p>
      Тексты и метатекстовая разметка доступны для свободного использования и распространения по лицензии Creative Commons Attribution Share-Alike (cc by-sa)
     </p>
    </availability>
   </publicationStmt>
   <sourceDesc>
    <biblStruct>
     <analytic>
      <author>
       Толстой Л.Н.
      </author>
     </analytic>
     <monogr>
      <title level="m">
       Полное собрание сочинений. Том 21
      </title>
      <imprint>
       <pubPlace>
        Москва
       </pubPlace>
       <publisher>
        Государственное издательство "Художественная литература"
       </publisher>
      </imprint>
     </monogr>
     <series>
      <title level="s">
       Л.Н. Толстой. Полное собрание сочинений
      </title>
      <biblScope unit="vol">
       90
      </biblScope>
     </series>
    </biblStruct>
   </sourceDesc>
  </fileDesc>
  <encodingDesc>
   <classDecl>
    <xi:include href="taxonomy.xml"/>
   </classDecl>
  </encodingDesc>
  <profileDesc>
   <creation>
    <date/>
    <rs type="country">
     Россия
    </rs>
   </creation>
   <textClass/>
   <preparedness>
    not finished
   </preparedness>
  </profileDesc>
 </teiHeader>
 <p rend="left emptyline">
  <pb n="365"/>
 </p>
 <text>
  <head rend="center">
   ** ЗАПАХ
  </head>
  <p rend="left">
   Отчего вещи пахнут? Оттого что они крошатся на самые мелкие крошки — такие мелкие крошки, что их нельзя видеть глазами, и эти крошки разлетаются по воздуху; а мы как дышим, втягиваем их себе в нос, и крошки эти попадают нам на носовую
   <hi style="opdelimiter">
    перепонку.
   </hi>
   <hi style="opnumber">
    365
   </hi>
  </p>
  <p rend="left">
   <hi style="npnumber">
    366
   </hi>
   <pb n="366"/>
   <hi style="npdelimiter">
    &lt;Чем
   </hi>
   крепче вещь, тем она меньше пахнет. Всякий металл, камень и дерево, покуда они холодны и сухи и не растерты в порошок — ничем не пахнут. А почти всё согретое или мокрое или очень мелко растертое — пахнет. Жидкое всё почти пахнет. А еще сильнее пахнут почти все газы.&gt;
  </p>
  <p rend="left">
   Пахучая вещь уменьшается. Чем сильнее она пахнет, тем сильнее уменьшается то, что в ней пахнет. Если развалить траву, она даст сильный дух, потом будет пахнуть всё меньше и меньше и совсем перестанет. А если свесить пахучее сено и тоже, когда оно перестанет пахнуть, то увидишь, что пахучее сено было тяжелее непахучего сена. Всё, чего недостанет в весе, вышло запахом — такими маленькими частичками, что их не видать глазами, а слышно только носом.
   <note xi:id="note82">
    На полях против последних двух фраз написано: Волки по следу.
   </note>
   То же бывает с навозом. Когда он перестанет пахнуть, в нем весу станет меньше. То же бывает с водкой, если держать ее незакупоренною. То же со всякими духами.
  </p>
  <p rend="left">
   Всё живое — растения и животные — сильно пахнет. Но растенья и животные не уменьшаются весом оттого, что пахнут, потому что столько, сколько выйдет из живого — растенья или животного — запахом, столько оно заберет в себя опять пищи. Животное едой, питьем, дыханьем; а растенье — листьями из воздуха и кореньями из земли.
  </p>
  <p rend="left">
   Как малы частицы те, от которых пахнет?
  </p>
  <p rend="left">
   Человек в 400 000 раз больше, чем блоха, а он видит блоху и ощупывает ее руками. У блохи есть тоже глаза в 100 000 раз меньше глаз человека. Блоха своими глазами должна видеть вещества в 400 000 раз меньше ее. Такие-то частицы, а, может быть, еще меньше, те, которые попадают нам в нос, когда чем-нибудь пахнет.
  </p>
 </text>
</TEI>