<?xml version="1.0" encoding="utf-8"?>
<TEI xmlns="http://www.tei-c.org/ns/1.0" xmlns:xi="http://www.w3.org/2001/XInclude">
 <teiHeader>
  <fileDesc>
   <titleStmt>
    <title>
     О МУРАВЬЯХ
    </title>
    <author>
     Толстой Л.Н.
    </author>
    <respStmt>
     <resp>
      подготовка TEI/XML
     </resp>
     <name>
      Мария Картышева, Евгений Можаев, Даниил Скоринкин, Елена Сидорова, Вероника Файнберг, Кирилл Милинцевич
     </name>
    </respStmt>
    <respStmt>
     <resp>
      Идея, постановка задач, руководство
     </resp>
     <name>
      Анастасия Бонч-Осмоловская, Фёкла Толстая, Борис Орехов
     </name>
    </respStmt>
   </titleStmt>
   <publicationStmt>
    <idno>
     О МУРАВЬЯХ
    </idno>
    <publisher>
     <orgName>
      Школа лингвистики НИУ ВШЭ
     </orgName>
    </publisher>
    <availability>
     <p>
      Тексты и метатекстовая разметка доступны для свободного использования и распространения по лицензии Creative Commons Attribution Share-Alike (cc by-sa)
     </p>
    </availability>
   </publicationStmt>
   <sourceDesc>
    <biblStruct>
     <analytic>
      <author>
       Толстой Л.Н.
      </author>
     </analytic>
     <monogr>
      <title level="m">
       Полное собрание сочинений. Том 21
      </title>
      <imprint>
       <pubPlace>
        Москва
       </pubPlace>
       <publisher>
        Государственное издательство "Художественная литература"
       </publisher>
      </imprint>
     </monogr>
     <series>
      <title level="s">
       Л.Н. Толстой. Полное собрание сочинений
      </title>
      <biblScope unit="vol">
       90
      </biblScope>
     </series>
    </biblStruct>
   </sourceDesc>
  </fileDesc>
  <encodingDesc>
   <classDecl>
    <xi:include href="taxonomy.xml"/>
   </classDecl>
  </encodingDesc>
  <profileDesc>
   <creation>
    <date/>
    <rs type="country">
     Россия
    </rs>
   </creation>
   <textClass/>
   <preparedness>
    not finished
   </preparedness>
  </profileDesc>
 </teiHeader>
 <p rend="left emptyline">
  <pb n="361"/>
 </p>
 <text>
  <head rend="center">
   ** О МУРАВЬЯХ
  </head>
  <p rend="left">
   Один раз я пришла в кладовую достать варенья. Я взяла банку и увидала, что вся банка полна муравьями. Муравьи ползали и в средине, и сверху банки, и в самом вареньи. Я вынула всех муравьев ложечкой, смела кругом с банки и поставила банку на верхнюю полку. На другой день, когда я пришла в кладовую, я увидала, что муравьи с полу приползли на верхнюю полку и опять заползли в варенье. Я взяла банку, опять очистила, обвязала веревкой и привесила на гвоздик к потолку. Когда я уходила из кладовой, я посмотрела еще раз на банку и увидала, что на ней остался один муравей, он скоро бегал
   <hi style="opdelimiter">
    кругом
   </hi>
   <hi style="opnumber">
    361
   </hi>
   <hi style="npnumber">
    362
   </hi>
   <pb n="362"/>
   <hi style="npdelimiter">
    по
   </hi>
   банке. Я остановилась посмотреть, что он будет делать. Муравей побегал по стеклу, потом побежал по веревке, которой была обвязана банка, потом вбежал на веревочку, которой была привязана банка. Вбежал на потолок, с потолка побежал по стене вниз и на пол, где было много муравьев. Верно, муравей этот рассказал другим, по какой дороге он пришел из банки, потому что сейчас же много муравьев пошли друг за другом по стене на потолок и по веревочке в банку, по той же самой дороге, по которой пришел муравей. Я сняла банку и поставила ее в другое место.
  </p>
  <p rend="centerline">
   ————
  </p>
  <p rend="left">
   **
   <del>
    Один раз сто овец шли домой с поля. Впереди всех шла черная молодая овца, а сзади шла старая белая овца. Вдруг сзади овец заржала лошадь. Старая задняя овца побежала и закричала: Бегите скорее, что-то страшное закричало. И задние овцы побежали. Черная овца слышала, что это заржала лошадь, и не испугалась. Но другие овцы бежали за ней и кричали: волк, медведь, лев, бегите скорее... Черная овца подумала, что, может быть, она не расслышала и что сзади был волк. И она побежала. Когда она побежала, ей показалось, что она, точно, слышит вой волка. Она побежала еще скорее, и тогда ей показалось, что она слышит, как волк скачет сзади. Она побежала еще скорее, и тогда ей показалось, что стадо волков бежит за ней. Она поскакала что было силы. Овцы скакали по выгону. На выгоне лежали полотна. Черная овца увидала эти полотна. Она не знала, что это такое, но ей стало страшно, и она прыгнула через полотно. Она сказала: Прыгайте, овцы. И все овцы стали прыгать через полотно. И овцы прыгали и кричали: Овраг, пропасть, пожар, прыгайте, выше прыгайте. Мы пропали. И овцы все прыгали и попадали одна на другую, и две переломили ноги. Когда овец пригнали домой, они долго кричали разными голосами и не могли перевести духа. А овцы с переломанными ногами плакали. Когда овцы отдохнули, они стали говорить между собой. Черная овца сказала: Мне кажется, что сзади заржала лошадь, когда вы все побежали, а волка не было. Тогда другая овца сказала: Нет, это не была лошадь, а все сказали, что это был волк. А 3-я сказала: Нет это был медведь. А 4 сказала: Нет, это был лев. А самая задняя сказала: Я сама видела, что это были два льва, 4 медведя и 10 волков. Она сказала, что она сама это видела, но она ничего не видала. Ей только стыдно было признаться, что она ничего не видала и напрасно всех перепугала. Когда все поверили ей и благодарили за то, что она спасла их от такой беды, тогда эта старая овца сказала: львов, медведей и волков я сама видела и мне кажется, что пропасти и пожара совсем не было там, где мы все прыгали и ломали ноги.
    <choice original_editorial_correction="Э[то]">
     <sic>
      Э
     </sic>
     <corr>
      Это
     </corr>
    </choice>
    <choice original_editorial_correction="п[олотно]">
     <sic>
      п
     </sic>
     <corr>
      полотно
     </corr>
    </choice>
    лежало. Я видела, как заворотился конец полотна. Тогда другая овца
    <hi style="opdelimiter">
     сказала:
    </hi>
    <hi style="opnumber">
     362
    </hi>
    <hi style="npnumber">
     363
    </hi>
    <pb n="363"/>
    <hi style="npdelimiter">
     что
    </hi>
    она видела овраг. 2-я сказала, что она видела пропасть. 3-я сказала, что она видела пожар, а черная овца сказала, что она сама видела, что на дороге была пропасть и в пропасти горел страшный огонь, что если бы она 1-я не сказала им этого, они все бы погибли. А она тоже знала, что это было полотно, но ей стыдно было признаться, и все поверили ей, что был пожар.
   </del>
  </p>
 </text>
</TEI>