<?xml version="1.0" encoding="utf-8"?>
<TEI xmlns="http://www.tei-c.org/ns/1.0" xmlns:xi="http://www.w3.org/2001/XInclude">
 <teiHeader>
  <fileDesc>
   <titleStmt>
    <title>
     КАК МУЖИК ЦАРЯ СПАС
    </title>
    <author>
     Толстой Л.Н.
    </author>
    <respStmt>
     <resp>
      подготовка TEI/XML
     </resp>
     <name>
      Мария Картышева, Евгений Можаев, Даниил Скоринкин, Елена Сидорова, Вероника Файнберг, Кирилл Милинцевич
     </name>
    </respStmt>
    <respStmt>
     <resp>
      Идея, постановка задач, руководство
     </resp>
     <name>
      Анастасия Бонч-Осмоловская, Фёкла Толстая, Борис Орехов
     </name>
    </respStmt>
   </titleStmt>
   <publicationStmt>
    <idno>
     КАК МУЖИК ЦАРЯ СПАС
    </idno>
    <publisher>
     <orgName>
      Школа лингвистики НИУ ВШЭ
     </orgName>
    </publisher>
    <availability>
     <p>
      Тексты и метатекстовая разметка доступны для свободного использования и распространения по лицензии Creative Commons Attribution Share-Alike (cc by-sa)
     </p>
    </availability>
   </publicationStmt>
   <sourceDesc>
    <biblStruct>
     <analytic>
      <author>
       Толстой Л.Н.
      </author>
     </analytic>
     <monogr>
      <title level="m">
       Полное собрание сочинений. Том 21
      </title>
      <imprint>
       <pubPlace>
        Москва
       </pubPlace>
       <publisher>
        Государственное издательство "Художественная литература"
       </publisher>
      </imprint>
     </monogr>
     <series>
      <title level="s">
       Л.Н. Толстой. Полное собрание сочинений
      </title>
      <biblScope unit="vol">
       90
      </biblScope>
     </series>
    </biblStruct>
   </sourceDesc>
  </fileDesc>
  <encodingDesc>
   <classDecl>
    <xi:include href="taxonomy.xml"/>
   </classDecl>
  </encodingDesc>
  <profileDesc>
   <creation>
    <date/>
    <rs type="country">
     Россия
    </rs>
   </creation>
   <textClass/>
   <preparedness>
    not finished
   </preparedness>
  </profileDesc>
 </teiHeader>
 <p rend="left emptyline">
  <pb n="354"/>
 </p>
 <text>
  <head rend="center">
   * КАК МУЖИК ЦАРЯ СПАС
  </head>
  <p rend="left">
   Когда после царя Ивана Грозного перевелись русские законные цари и разных царей выбирали, и убивали, и прогоняли, тогда поляки хотели посадить русским царем своего королевича, а настоящего выбранного русского царя Михаила Федоровича хотели извести. — Михаил Федорович жил тогда еще в своей костромской деревне и не знал, что его царем выбрали. А поляки уж узнали про это и пошли в эту деревню, чтоб убить его. Немного не доходя деревни, поляки повстречали старика и стали его спрашивать: Как им пройти на царское село. Старик сметил, что поляки не за добром шли в царское село, и задумал отвести их от царя. Он им сказал: надо идти через Домнино, я сам из Домнина, домой иду, пожалуй, провожу вас. Поляки пошли за мужиком, и он привел их в Домнино к своей избе. Тут он накормил их и напоил вином. А сам сына послал к царю сказать, что поляки идут извести его. Как пришло дело к вечеру, поляки стали собираться идти на царское село и просили старика, чтобы он проводил, потому что дело было зимой и шел снег. Старик сказал: Отчего же не проводить. Надел кафтан на шубу и повел поляков прочь от царского села, завел их в лес, в кочкарник и хотел уйти, но поляки поймали его и стали пытать. Старик молчал. Тогда поляки догадались, что он их обманул, и стали уговаривать его, чтоб он их вывел, а коли не выведет, то грозили ему, что голову срубят. Тогда старик сказал им: Я знаю, что мне пропасть, да я этого не боюсь, а вам не придется убить
   <del>
    царя
   </del>
   , потому что сами вы не выйдете отсюда. Тогда поляки убили старика. И пошли бродить по лесу, и все в одну ночь перемерзли. Старика этого звали Иван Сусанин.
  </p>
 </text>
</TEI>