<?xml version='1.0' encoding='UTF-8'?>
<TEI xmlns:xi="http://www.w3.org/2001/XInclude" xmlns="http://www.tei-c.org/ns/1.0">
  <teiHeader>
    <fileDesc>
      <titleStmt>
        <title>КАК МЫ УЕЗЖАЛИ ИЗ МОСКВЫ</title>
        <author>Толстой Л.Н.</author>
        <respStmt>
          <resp>подготовка TEI/XML</resp>
          <name>Мария Картышева, Евгений Можаев, Даниил Скоринкин, Елена Сидорова, Вероника Файнберг, Кирилл Милинцевич</name>
        </respStmt>
        <respStmt>
          <resp>Идея, постановка задач, руководство</resp>
          <name>Анастасия Бонч-Осмоловская, Фёкла Толстая, Борис Орехов</name>
        </respStmt>
      </titleStmt>
      <publicationStmt>
        <idno>КАК МЫ УЕЗЖАЛИ ИЗ МОСКВЫ</idno>
        <publisher>
          <orgName>Школа лингвистики НИУ ВШЭ</orgName>
        </publisher>
        <availability>
          <p>Тексты и метатекстовая разметка доступны для свободного использования и распространения по лицензии Creative Commons Attribution Share-Alike (cc by-sa)</p>
        </availability>
      </publicationStmt>
      <sourceDesc>
        <biblStruct>
          <analytic>
            <author>Толстой Л.Н.</author>
          </analytic>
          <monogr>
            <title level="m">Полное собрание сочинений. Том 21</title>
            <imprint>
              <pubPlace>Москва</pubPlace>
              <publisher> Государственное издательство "Художественная литература"</publisher>
            </imprint>
          </monogr>
          <series>
            <title level="s">Л.Н. Толстой. Полное собрание сочинений</title>
            <biblScope unit="vol">90</biblScope>
          </series>
        </biblStruct>
      </sourceDesc>
    </fileDesc>
    <encodingDesc>
      <classDecl>
        <xi:include href="taxonomy.xml"/>
      </classDecl>
    </encodingDesc>
    <profileDesc>
      <creation>
        <date/>
        <rs type="country">Россия</rs>
      </creation>
      <textClass/>
      <preparedness>not finished</preparedness>
    </profileDesc>
  </teiHeader>
  <p rend="left emptyline">
   <pb n="355"/>
  </p>
  <text>
    <head rend="center">** &lt;КАК МЫ УЕЗЖАЛИ ИЗ МОСКВЫ</head>
    <p rend="left">Один раз мимо нашего дома проскакали казаки. Мой батюшка вышел к ним и спросил у них, куда они скачут. Они сказали, что французы идут за ними и что весь народ уезжает из города. Тогда мой батюшка велел запречь две телеги, и мы все поехали. По дороге ехали кареты, коляски, телеги, и пешком шло много народа. Матушка всё плакала, а батюшка говорил ей: не плачь, перемелется — всё мука будет. Мы с братом еще ничего не понимали, и нам было весело. Вечером мы остановились ночевать на постоялом дворе. И когда смерклось, весь народ пошел на улицу смотреть, как французы зажгли Москву. Батюшка тогда сказал: Отплатятся кошке мышкины слезки. И так и вышло. Когда мы опять приехали в Москву, ни одного француза уже не оставалось. Их всех перебили. И Москву построили лучше прежнего.&gt;</p>
  </text>
</TEI>
