<?xml version="1.0" encoding="utf-8"?>
<TEI xmlns="http://www.tei-c.org/ns/1.0" xmlns:xi="http://www.w3.org/2001/XInclude">
 <teiHeader>
  <fileDesc>
   <titleStmt>
    <title>
     Произведения, написанные для «Азбуки» и не включенные в нее
    </title>
    <author>
     Толстой Л.Н.
    </author>
    <respStmt>
     <resp>
      подготовка TEI/XML
     </resp>
     <name>
      Мария Картышева, Евгений Можаев, Даниил Скоринкин, Елена Сидорова, Вероника Файнберг, Кирилл Милинцевич
     </name>
    </respStmt>
    <respStmt>
     <name>
      Анастасия Бонч-Осмоловская, Фёкла Толстая, Борис Орехов
     </name>
     <resp>
      Идея, постановка задач, руководство
     </resp>
    </respStmt>
   </titleStmt>
   <publicationStmt>
    <idno>
     Азбука  | Произведения, написанные для «Азбуки» и не включенные в нее
    </idno>
    <publisher>
     <orgName>
      Школа лингвистики НИУ ВШЭ
     </orgName>
    </publisher>
    <availability>
     <p>
      Тексты и метатекстовая разметка доступны для свободного использования и распространения по лицензии Creative Commons Attribution Share-Alike (cc by-sa)
     </p>
    </availability>
   </publicationStmt>
   <sourceDesc>
    <biblStruct>
     <analytic>
      <author>
       Толстой Л.Н.
      </author>
      <title level="a">
       Произведения, написанные для «Азбуки» и не включенные в нее
      </title>
     </analytic>
     <monogr>
      <title level="m">
       Полное собрание сочинений. Том 21
      </title>
      <imprint>
       <pubPlace>
        Москва
       </pubPlace>
       <publisher>
        Государственное издательство "Художественная литература"
       </publisher>
       <date when="1871-1872"/>
      </imprint>
     </monogr>
     <series>
      <title level="s">
       Л.Н. Толстой. Полное собрание сочинений
      </title>
      <biblScope unit="vol">
       21
      </biblScope>
     </series>
    </biblStruct>
   </sourceDesc>
  </fileDesc>
  <encodingDesc>
   <classDecl>
    <xi:include href="taxonomy.xml"/>
   </classDecl>
  </encodingDesc>
  <profileDesc>
   <creation>
    <date notAfter="1872" notBefore="1871">
     1871-1872
    </date>
    <rs/>
   </creation>
   <textClass>
    <catRef target="#fiction" type="sphere"/>
    <catRef target="#произведения для детей" type="type"/>
    <catRef target="#works" type="works_letters_diaries"/>
    <catRef target="#сборник" type="ninetyDef"/>
    <catRef target="#Неопубликованное, неотделанное, неоконченное" type="main_var"/>
    <catRef target="#сборник" type="type_short"/>
    <catRef target="None" type="translation"/>
    <catRef target="None" type="translation_origin"/>
    <catRef target="#да" type="tolstoy_or_not"/>
    <catRef target="None" type="name_status"/>
   </textClass>
   <preparedness>
    finished
   </preparedness>
   <settingDesc>
    <time>
     XIX век
    </time>
   </settingDesc>
  </profileDesc>
  <xenoData>
   <cyclusName/>
   <p>
    Проект
    <title>
     Толстой.Digital
    </title>
    разрабатывается сотрудниками и студентами
    <orgName>
     Высшей школы экономики
    </orgName>
    в сотрудничестве с
    <orgName>
     Государственным музеем Л.Н. Толстого
    </orgName>
    . Источник текстов –
    <bibl>
     90-томное собрание сочинений Л.Н.Толстого
    </bibl>
    . Разметка основана на стандарте
    <ref target="http://www.tei-c.org">
     TEI (Text Encoding Initiative)
    </ref>
    .
   </p>
   <versionNumber/>
   <isFinished/>
   <isEdited/>
   <fullBibliographicDescription/>
  </xenoData>
 </teiHeader>
 <p rend="left emptyline">
  <pb n="242"/>
 </p>
 <p rend="left Azbuka1" uuid="88ec23a9-0fea-492e-970f-06806ac95e07">
  <choice>
   <reg>
    Мужик
   </reg>
  </choice>
  <choice>
   <reg>
    нашел
   </reg>
  </choice>
  дорогой камень и
  <choice>
   <reg>
    понес
   </reg>
  </choice>
  <choice>
   <reg>
    к
   </reg>
  </choice>
  Царю,
  <choice>
   <reg>
    пришел
   </reg>
  </choice>
  во
  <choice>
   <reg>
    дворец
   </reg>
  </choice>
  и
  <choice>
   <reg>
    стал
   </reg>
  </choice>
  спрашивать у
  <choice>
   <reg>
    царских
   </reg>
  </choice>
  <choice>
   <reg>
    слуг
   </reg>
  </choice>
  :
  <choice>
   <reg>
    как бы
   </reg>
  </choice>
  Царя увидать.
  <choice>
   <reg>
    Один
   </reg>
  </choice>
  <choice>
   <reg>
    царский
   </reg>
  </choice>
  слуга
  <choice>
   <reg>
    спросил
   </reg>
  </choice>
  :
  <choice>
   <reg>
    зачем
   </reg>
  </choice>
  ему Царя.
  <choice>
   <reg>
    Мужик
   </reg>
  </choice>
  <choice>
   <reg>
    расказал
   </reg>
  </choice>
  . Слуга и
  <choice>
   <reg>
    говорит
   </reg>
  </choice>
  : хорошо, я скажу Царю, но только отдай
  <choice>
   <reg>
    мне
   </reg>
  </choice>
  половину того, что
  <choice>
   <reg>
    тебе
   </reg>
  </choice>
  <choice>
   <reg>
    даст
   </reg>
  </choice>
  Царь. А если не
  <choice>
   <reg>
    обещаешь
   </reg>
  </choice>
  , то не допущу тебя до Царя.
  <choice>
   <reg>
    Мужик
   </reg>
  </choice>
  <choice>
   <reg>
    обещал
   </reg>
  </choice>
  , слуга
  <choice>
   <reg>
    доложил
   </reg>
  </choice>
  Царю. Царь
  <choice>
   <reg>
    взял
   </reg>
  </choice>
  камень и
  <choice>
   <reg>
    говорит
   </reg>
  </choice>
  : какую
  <choice>
   <reg>
    тебе
   </reg>
  </choice>
  <choice>
   <reg>
    мужик
   </reg>
  </choice>
  , награду дать?
  <choice>
   <reg>
    Мужик
   </reg>
  </choice>
  <choice>
   <reg>
    говорит
   </reg>
  </choice>
  : дай
  <choice>
   <reg>
    мне
   </reg>
  </choice>
  <choice>
   <reg>
    пятьдесят
   </reg>
  </choice>
  плетей: не хочу другой награды. Только у меня
  <choice>
   <reg>
    с
   </reg>
  </choice>
  <choice>
   <reg>
    твоим
   </reg>
  </choice>
  слугою
  <choice>
   <reg>
    уговор
   </reg>
  </choice>
  <choice>
   <reg>
    был
   </reg>
  </choice>
  , чтобы
  <choice>
   <reg>
    пополам
   </reg>
  </choice>
  <choice>
   <reg>
    делить
   </reg>
  </choice>
  награду.
  <choice>
   <reg>
    Так
   </reg>
  </choice>
  <choice>
   <reg>
    мне
   </reg>
  </choice>
  двадцать пять и ему двадцать пять. Царь
  <choice>
   <reg>
    посмеялся
   </reg>
  </choice>
  и
  <choice>
   <reg>
    прогнал
   </reg>
  </choice>
  слугу, а мужику
  <choice>
   <reg>
    дал
   </reg>
  </choice>
  тысячу рублей.
 </p>
</TEI>