<?xml version="1.0" encoding="utf-8"?>
<TEI xmlns="http://www.tei-c.org/ns/1.0" xmlns:xi="http://www.w3.org/2001/XInclude">
 <teiHeader>
  <fileDesc>
   <titleStmt>
    <title>
     ОТЧЕГО В ТЕМНОТЕ ВИДНО?
    </title>
    <author>
     Толстой Л.Н.
    </author>
    <respStmt>
     <resp>
      подготовка TEI/XML
     </resp>
     <name>
      Мария Картышева, Евгений Можаев, Даниил Скоринкин, Елена Сидорова, Вероника Файнберг, Кирилл Милинцевич
     </name>
    </respStmt>
    <respStmt>
     <resp>
      Идея, постановка задач, руководство
     </resp>
     <name>
      Анастасия Бонч-Осмоловская, Фёкла Толстая, Борис Орехов
     </name>
    </respStmt>
   </titleStmt>
   <publicationStmt>
    <idno>
     ОТЧЕГО В ТЕМНОТЕ ВИДНО?
    </idno>
    <publisher>
     <orgName>
      Школа лингвистики НИУ ВШЭ
     </orgName>
    </publisher>
    <availability>
     <p>
      Тексты и метатекстовая разметка доступны для свободного использования и распространения по лицензии Creative Commons Attribution Share-Alike (cc by-sa)
     </p>
    </availability>
   </publicationStmt>
   <sourceDesc>
    <biblStruct>
     <analytic>
      <author>
       Толстой Л.Н.
      </author>
     </analytic>
     <monogr>
      <title level="m">
       Полное собрание сочинений. Том 21
      </title>
      <imprint>
       <pubPlace>
        Москва
       </pubPlace>
       <publisher>
        Государственное издательство "Художественная литература"
       </publisher>
      </imprint>
     </monogr>
     <series>
      <title level="s">
       Л.Н. Толстой. Полное собрание сочинений
      </title>
      <biblScope unit="vol">
       90
      </biblScope>
     </series>
    </biblStruct>
   </sourceDesc>
  </fileDesc>
  <encodingDesc>
   <classDecl>
    <xi:include href="taxonomy.xml"/>
   </classDecl>
  </encodingDesc>
  <profileDesc>
   <creation>
    <date/>
    <rs type="country">
     Россия
    </rs>
   </creation>
   <textClass/>
   <preparedness>
    not finished
   </preparedness>
  </profileDesc>
 </teiHeader>
 <p rend="left emptyline">
  <pb n="365"/>
 </p>
  <head rend="center">
   ** ОТЧЕГО В ТЕМНОТЕ ВИДНО?
  </head>
  <p rend="left">
   Войди со двора в темный сарай. Ничего не видно. Побудь немного, станешь различать столбы, крышу. А оглядишься, и всё видно. Отчего это бывает?
  </p>
  <p rend="left">
   В глазу есть зрачок. Если присмотришься близко в зрачок, то сам себя увидишь, как в маленьком зеркальце. Зрачок не сплошной, а это колечко, и в колечке пустое место, а за пустым местом — зеркальце. Колечко это сжимается и раздается. Когда очень светло от солнца или огня, нам хорошо видно, и мы сжимаем колечко и прикрываем зеркальце. Но когда мало света, мы растягиваем колечко, чтобы больше света забрать в зеркальце.
  </p>
  <p rend="left">
   Когда с солнца войдешь в темное место, то колечко сжато, и мы начинаем его растягивать. Когда больше растянем, нам больше станет видно.
  </p>
  <p rend="left">
   А когда выйдешь из темного места на свет, отчего глазам больно? Оттого, что в темном месте мы растянули глазное колечко, да вдруг не можем стянуть его. Пока стянется, мы закрываем глаза веками, а то слишком много попадает света в растянутое колечко, и нам больно глазам.
  </p>
</TEI>