<?xml version="1.0" encoding="utf-8"?>
<TEI xmlns="http://www.tei-c.org/ns/1.0" xmlns:xi="http://www.w3.org/2001/XInclude">
 <teiHeader>
  <fileDesc>
   <titleStmt>
    <title>
     ОТЧЕГО ТЕПЛО?
    </title>
    <author>
     Толстой Л.Н.
    </author>
    <respStmt>
     <resp>
      подготовка TEI/XML
     </resp>
     <name>
      Мария Картышева, Евгений Можаев, Даниил Скоринкин, Елена Сидорова, Вероника Файнберг, Кирилл Милинцевич
     </name>
    </respStmt>
    <respStmt>
     <resp>
      Идея, постановка задач, руководство
     </resp>
     <name>
      Анастасия Бонч-Осмоловская, Фёкла Толстая, Борис Орехов
     </name>
    </respStmt>
   </titleStmt>
   <publicationStmt>
    <idno>
     ОТЧЕГО ТЕПЛО?
    </idno>
    <publisher>
     <orgName>
      Школа лингвистики НИУ ВШЭ
     </orgName>
    </publisher>
    <availability>
     <p>
      Тексты и метатекстовая разметка доступны для свободного использования и распространения по лицензии Creative Commons Attribution Share-Alike (cc by-sa)
     </p>
    </availability>
   </publicationStmt>
   <sourceDesc>
    <biblStruct>
     <analytic>
      <author>
       Толстой Л.Н.
      </author>
     </analytic>
     <monogr>
      <title level="m">
       Полное собрание сочинений. Том 21
      </title>
      <imprint>
       <pubPlace>
        Москва
       </pubPlace>
       <publisher>
        Государственное издательство "Художественная литература"
       </publisher>
      </imprint>
     </monogr>
     <series>
      <title level="s">
       Л.Н. Толстой. Полное собрание сочинений
      </title>
      <biblScope unit="vol">
       90
      </biblScope>
     </series>
    </biblStruct>
   </sourceDesc>
  </fileDesc>
  <encodingDesc>
   <classDecl>
    <xi:include href="taxonomy.xml"/>
   </classDecl>
  </encodingDesc>
  <profileDesc>
   <creation>
    <date/>
    <rs type="country">
     Россия
    </rs>
   </creation>
   <textClass/>
   <preparedness>
    not finished
   </preparedness>
  </profileDesc>
 </teiHeader>
 <p rend="left emptyline">
  <pb n="382"/>
 </p>
 <text>
  <head rend="center">
   * ОТЧЕГО ТЕПЛО?
  </head>
  <p rend="left">
   Когда солнце не закрыто тучами, от него согревается и высыхает вода, смола и воск распускаются, железо, камень раскаляются, а если под солнце подставить выпуклое стекло, то от солнца загорается бумага и дерево. Это первое тепло от солнца и называется
   <hi>
    солнечное.
   </hi>
  </p>
  <p rend="left">
   Если станешь тереть дерево о дерево, то дерево согревается. Если ехать на немазанной телеге, то ось согревается, если лошадь крепко заденет по камню шипом, то выскочит искра. Если сложить стог сырого сена, то оно станет оседать и согреется, и потом и загорится огнем.
   <del>
    Кузнецы, чтобы добыть огня, бьют молотком гвоздь и потом к нему приставляют серничек, и он загорается.
   </del>
   Это другое тепло от какой-нибудь силы, либо от трения, либо от удара, либо от нажима. Это тепло называется
   <hi>
    механическое
   </hi>
   .
  </p>
  <p rend="left">
   Если в сухую, выжженную известку налить вдруг воды, то известка согреется, как кипяток, и загорится огнем. Если на раскаленное железо подуть крепко, то воздух смешается с раскаленным железом, и железо станет горячее и загорится огнем. Это третье тепло, и огонь от смеси: оттого, что вода смешалась с известкой или железо раскаленное с воздухом. Это тепло называется
   <hi>
    химическое.
   </hi>
  </p>
  <p rend="left">
   Когда молния ударяет в дерево, то дерево загорается. Не от солнца, не от трения и не от смешения, а от какой-то другой силы. Если к телеграфной проволоке приставить руку и пустить электрическую машину, то почувствуешь тепло, а если приставить порох, то он вспыхнет. И этот огонь будет не от солнца, ни от трения и не от смешения, а от какой-то другой силы. Откуда берется эта сила, никто не знает. И силу эту называют
   <hi>
    электричество.
   </hi>
  </p>
  <p rend="left">
   Тепло всё одно и то же и в солнце и в огне, когда вытрешь его из дерева, и в огне, когда известка или стог горят, и в электрическом огне, когда гроза зажигает, но только показывается каждое тепло различно. Солнечное тепло издалека жжет лучами. Лучи эти вдали и вблизи одинаково греют. Солнечное тепло только тогда сильнее, когда больше лучей. Механическое тепло действует только на том месте, куда направлена сила; разогревается только то место, которое трешь. И чем крепче трешь, тем сильнее тепло. Химическое тепло действует насквозь во всех частицах тела и бывает тем сильнее, чем больше частиц смешиваются между собой. Больше воды и известки — больше тепла, меньше воды и известки — меньше тепла. Электрическое тепло действует не лучами, а искрой. Чем больше электрических искр, тем сильнее тепло.
  </p>
  <p rend="left emptyline">
   <hi style="opnumber">
    382
   </hi>
   <hi style="npnumber">
    383
   </hi>
   <pb n="383"/>
  </p>
 </text>
</TEI>