<?xml version="1.0" encoding="utf-8"?>
<TEI xmlns="http://www.tei-c.org/ns/1.0" xmlns:xi="http://www.w3.org/2001/XInclude">
 <teiHeader>
  <fileDesc>
   <titleStmt>
    <title>
     ОТКУДА ВЗЯЛСЯ ОГОНЬ, КОГДА ЛЮДИ НЕ ЗНАЛИ ОГНЯ?
    </title>
    <author>
     Толстой Л.Н.
    </author>
    <respStmt>
     <resp>
      подготовка TEI/XML
     </resp>
     <name>
      Мария Картышева, Евгений Можаев, Даниил Скоринкин, Елена Сидорова, Вероника Файнберг, Кирилл Милинцевич
     </name>
    </respStmt>
    <respStmt>
     <resp>
      Идея, постановка задач, руководство
     </resp>
     <name>
      Анастасия Бонч-Осмоловская, Фёкла Толстая, Борис Орехов
     </name>
    </respStmt>
   </titleStmt>
   <publicationStmt>
    <idno>
     ОТКУДА ВЗЯЛСЯ ОГОНЬ, КОГДА ЛЮДИ НЕ ЗНАЛИ ОГНЯ?
    </idno>
    <publisher>
     <orgName>
      Школа лингвистики НИУ ВШЭ
     </orgName>
    </publisher>
    <availability>
     <p>
      Тексты и метатекстовая разметка доступны для свободного использования и распространения по лицензии Creative Commons Attribution Share-Alike (cc by-sa)
     </p>
    </availability>
   </publicationStmt>
   <sourceDesc>
    <biblStruct>
     <analytic>
      <author>
       Толстой Л.Н.
      </author>
     </analytic>
     <monogr>
      <title level="m">
       Полное собрание сочинений. Том 21
      </title>
      <imprint>
       <pubPlace>
        Москва
       </pubPlace>
       <publisher>
        Государственное издательство "Художественная литература"
       </publisher>
      </imprint>
     </monogr>
     <series>
      <title level="s">
       Л.Н. Толстой. Полное собрание сочинений
      </title>
      <biblScope unit="vol">
       90
      </biblScope>
     </series>
    </biblStruct>
   </sourceDesc>
  </fileDesc>
  <encodingDesc>
   <classDecl>
    <xi:include href="taxonomy.xml"/>
   </classDecl>
  </encodingDesc>
  <profileDesc>
   <creation>
    <date/>
    <rs type="country">
     Россия
    </rs>
   </creation>
   <textClass/>
   <preparedness>
    not finished
   </preparedness>
  </profileDesc>
 </teiHeader>
 <p rend="left emptyline">
  <pb n="380"/>
 </p>
 <text>
  <head rend="center">
   * ОТКУДА ВЗЯЛСЯ ОГОНЬ, КОГДА ЛЮДИ НЕ ЗНАЛИ ОГНЯ?
  </head>
  <p rend="left">
   В одном месте ударила молонья в дерево и зажгла — стал огонь.
  </p>
  <p rend="left">
   В другом месте люди сложили стог сена сырого, сено загорелось — стал огонь.
  </p>
  <p rend="left">
   В третьем месте, в лесу на ветру, деревья терлись друг об друга — и загорелись. В 4-м месте железо ударилось о камень — брызнул огонь. Когда люди узнали огонь, они стали блюсти его, чтоб он не тух. А когда он тух, то они делали то же, что делали деревья в лесу. Они брали два сухие дерева, терли друг об друга, и загорался огонь; потом научились собирать трут и из камня высекали огонь. Научились сушить дерево, чтоб оно горело, научились жечь масло и сало в свечах, чтоб светило. Научились потом доставать серу и делать сернички. Потом научились доставать фосфор и делать спички. Научились доставать каменный уголь из земли, чтоб жечь вместо дров, научились делать стекла и через стекло зажигать солнцем, научились собирать электричество и им зажигать и греть, и светить. Везде стало много того, что жечь, и у каждого есть чем зажечь;
   <del>
    либо трутом из кремня, либо спичкой, либо стеклом.
   </del>
  </p>
  <p rend="left">
   Заспорили люди с солнцем и говорят: мы теперь и без солнца обойдемся: огонь и свет у нас везде есть, и мы знаем, что и как жечь. Нам солнце не нужно.
  </p>
  <p rend="left">
   Солнце сказало: А откуда вы достали первый огонь?
  </p>
  <p rend="left">
   — Не от тебя, а из молнии.
  </p>
  <p rend="left">
   — А молния
   <hi style="opdelimiter">
    откуда?
   </hi>
   <hi style="opnumber">
    380
   </hi>
  </p>
  <p rend="left">
   <hi style="npnumber">
    381
   </hi>
   <pb n="381"/>
   <hi style="npdelimiter">
    —
   </hi>
   Из грозовой тучи.
  </p>
  <p rend="left">
   — А туча откуда? — сказало солнце. — Туча была водой на земле, я разогрело воду, подняло ее паром и собрало в тучи.
  </p>
  <p rend="left">
   Люди сказали: Да нам и не нужно молнии, мы огонь из дерева достали, терли дерево друг о друга, и стал огонь.
  </p>
  <p rend="left">
   — А кто вырастил деревья? — сказало солнце. — Те деревья что вы жжете, были семячки и лежали на мерзлой земле, я распарило, распустило землю и потянуло к себе деревья. Без меня у вас бы не было дерева.
  </p>
  <p rend="left">
   Люди сказали: Ну так мы из кремня взяли бы огонь.
  </p>
  <p rend="left">
   — Кремень высушило я же, — сказало солнце, — да вы мне не поверите. Но и из кремня вы бы не взяли огня, если бы не было трута и дерева, а я их вырастило.
  </p>
  <p rend="left">
   — Ну так мы из травы взяли огонь. Сложили сырой стог, он загорелся, мы взяли огонь.
  </p>
  <p rend="left">
   — А кто вырастил траву?
   <del>
    Да и кто согрел ее в стоге.
   </del>
  </p>
  <p rend="left">
   — Так мы негашеную известку польем водой, и станет огонь.
  </p>
  <p rend="left">
   — А кто сделал воду? Всё я же распустило ее из льда.
  </p>
  <p rend="left">
   — Так мы пустим электрическую искру и сделаем огонь.
  </p>
  <p rend="left">
   — Из чего будет у вас электричество — из стекла? Так стекло в огне делается, а без меня огня бы не было. Если электричество вы сделаете из железа с медью, то тоже вам надо полить его водой, а без меня воды бы не было. Да, пожалуй, сказало солнце, я вам оставлю огонь, — чем вы без меня будете топить и светить?
  </p>
  <p rend="left">
   — Мы будем дровами.
  </p>
  <p rend="left">
   — Дрова все от меня, — сказало солнце. — Если б я не растило новых лесов, вы давно бы все пожгли и вам бы нечего жечь было.
  </p>
  <p rend="left">
   — Тогда мы будем жечь уголь.
  </p>
  <p rend="left">
   — Уголь весь от меня. Уголь земляной — это те леса, что я растило. Такие же леса, как теперешние, только их завалило землею. — Ну да, пожалуй, возьмите уголь, — чем вы будете светить? И светить вам без меня тоже нечем. Лучины у вас не будет, если я не буду растить березы; масла у вас не будет, если я не буду растить коноплю, льну, горчицы, подсолнухов.
  </p>
  <p rend="left">
   — Мы будем жечь сало.
  </p>
  <p rend="left">
   — А сало откуда? Из скотины. А скотина чем кормится? Травой, хлебом. Всё я ращу.
  </p>
  <p rend="left">
   — Есть масло, нефть под землей, мы его будем выкапывать, будем делать керосин и им будем жечь и светить.
  </p>
  <p rend="left">
   — Хорошо, — сказало солнце, — вы будете жечь уголь и светить нефтью, откуда вы возьмете силу?
  </p>
  <p rend="left">
   Вы думаете, что у вас есть сила. У вас паровики вертят машины, бегают по рельсам, у вас мельницы на воде и на ветру работают, у вас лошади, быки возят, вы сами копаете, рубите, таскаете. Откуда все эти силы? Все от меня. Помимо меня, нет на свете силы. — Что я согрею, то и
   <hi style="opdelimiter">
    сила.
   </hi>
   <hi style="opnumber">
    381
   </hi>
  </p>
  <p rend="left">
   <hi style="npnumber">
    382
   </hi>
   <pb n="382"/>
   <hi style="npdelimiter">
    У
   </hi>
   вас работает паровик, двигает клапаны, вертит колеса и бежит по рельсам. Кто вертит его? Тепло. Не будь теплой воды, не будет силы.
  </p>
 </text>
</TEI>