<?xml version="1.0" encoding="utf-8"?>
<TEI xmlns="http://www.tei-c.org/ns/1.0" xmlns:xi="http://www.w3.org/2001/XInclude">
 <teiHeader>
  <fileDesc>
   <titleStmt>
    <title>
     Произведения, написанные для «Азбуки» и не включенные в нее
    </title>
    <author>
     Толстой Л.Н.
    </author>
    <respStmt>
     <resp>
      подготовка TEI/XML
     </resp>
     <name>
      Мария Картышева, Евгений Можаев, Даниил Скоринкин, Елена Сидорова, Вероника Файнберг, Кирилл Милинцевич
     </name>
    </respStmt>
    <respStmt>
     <name>
      Анастасия Бонч-Осмоловская, Фёкла Толстая, Борис Орехов
     </name>
     <resp>
      Идея, постановка задач, руководство
     </resp>
    </respStmt>
   </titleStmt>
   <publicationStmt>
    <idno>
     Азбука  | Произведения, написанные для «Азбуки» и не включенные в нее
    </idno>
    <publisher>
     <orgName>
      Школа лингвистики НИУ ВШЭ
     </orgName>
    </publisher>
    <availability>
     <p>
      Тексты и метатекстовая разметка доступны для свободного использования и распространения по лицензии Creative Commons Attribution Share-Alike (cc by-sa)
     </p>
    </availability>
   </publicationStmt>
   <sourceDesc>
    <biblStruct>
     <analytic>
      <author>
       Толстой Л.Н.
      </author>
      <title level="a">
       Произведения, написанные для «Азбуки» и не включенные в нее
      </title>
     </analytic>
     <monogr>
      <title level="m">
       Полное собрание сочинений. Том 21
      </title>
      <imprint>
       <pubPlace>
        Москва
       </pubPlace>
       <publisher>
        Государственное издательство "Художественная литература"
       </publisher>
       <date when="1871-1872"/>
      </imprint>
     </monogr>
     <series>
      <title level="s">
       Л.Н. Толстой. Полное собрание сочинений
      </title>
      <biblScope unit="vol">
       21
      </biblScope>
     </series>
    </biblStruct>
   </sourceDesc>
  </fileDesc>
  <encodingDesc>
   <classDecl>
    <xi:include href="taxonomy.xml"/>
   </classDecl>
  </encodingDesc>
  <profileDesc>
   <creation>
    <date notAfter="1872" notBefore="1871">
     1871-1872
    </date>
    <rs/>
   </creation>
   <textClass>
    <catRef target="#fiction" type="sphere"/>
    <catRef target="#произведения для детей" type="type"/>
    <catRef target="#works" type="works_letters_diaries"/>
    <catRef target="#сборник" type="ninetyDef"/>
    <catRef target="#Неопубликованное, неотделанное, неоконченное" type="main_var"/>
    <catRef target="#сборник" type="type_short"/>
    <catRef target="None" type="translation"/>
    <catRef target="None" type="translation_origin"/>
    <catRef target="#да" type="tolstoy_or_not"/>
    <catRef target="None" type="name_status"/>
   </textClass>
   <preparedness>
    finished
   </preparedness>
   <settingDesc>
    <time>
     XIX век
    </time>
   </settingDesc>
  </profileDesc>
  <xenoData>
   <cyclusName/>
   <p>
    Проект
    <title>
     Толстой.Digital
    </title>
    разрабатывается сотрудниками и студентами
    <orgName>
     Высшей школы экономики
    </orgName>
    в сотрудничестве с
    <orgName>
     Государственным музеем Л.Н. Толстого
    </orgName>
    . Источник текстов –
    <bibl>
     90-томное собрание сочинений Л.Н.Толстого
    </bibl>
    . Разметка основана на стандарте
    <ref target="http://www.tei-c.org">
     TEI (Text Encoding Initiative)
    </ref>
    .
   </p>
   <versionNumber/>
   <isFinished/>
   <isEdited/>
   <fullBibliographicDescription/>
  </xenoData>
 </teiHeader>
 <p rend="left emptyline">
  <pb n="168"/>
 </p>
 <div type="section" xml:id="h000012042">
  <head rend="center">
   ОТЧЕГО БЫВАЕТ ВЕТЕР?
  </head>
  <p id="1d3b356c-01b4-458a-b6ef-bb9a7121155f" rend="center">
   <hi rend="italic">
    (Рассуждение)
   </hi>
  </p>
  <p id="a37de3db-43db-4078-b364-ba77ca71b6ad" rend="left">
   Рыбы живут в воде, а люди в воздухе. Рыбам не слышно и не видно воды, пока сами рыбы не шевелятся или пока вода не шевелится. И нам также не слышно воздуха, пока мы не шевелимся или воздух не шевелится.
  </p>
  <p id="e43c30e8-ba24-41e1-8597-7f13af0f764f" rend="left">
   Но как только мы побежим, мы слышим воздух — нам дует в лицо; а иногда слышно, когда мы бежим, как воздух в ушах свистит. Когда же отворим дверь в теплую горницу, то всегда дует ветер
   <hi rend="italic">
    низом
   </hi>
   со двора в горницу, а
   <hi rend="italic">
    верхом
   </hi>
   дует из горницы на двор.
  </p>
  <p id="26023cc5-4784-4f94-a4b3-988e5711f18b" rend="left">
   Когда кто-нибудь ходит по комнате или махает платьем, то мы говорим: «он ветер делает», а когда топят печку, всегда в нее дует ветер. Когда на дворе дует ветер, то он дует целые дни и ночи, иногда в одну сторону, иногда в другую. Это бывает оттого, что где-нибудь на земле воздух очень разогреется, а в другом месте остынет, — тогда и начинается ветер, и низом идет холодный дух, а верхом — теплый, так же как с надворья в избу. И до тех пор дует, пока не согреется там, где было холодно, и не остынет там, где было жарко.
  </p>
 </div>
</TEI>