<?xml version="1.0" encoding="utf-8"?>
<TEI xmlns="http://www.tei-c.org/ns/1.0" xmlns:xi="http://www.w3.org/2001/XInclude">
 <teiHeader>
  <fileDesc>
   <titleStmt>
    <title>
     Произведения, написанные для «Азбуки» и не включенные в нее
    </title>
    <author>
     Толстой Л.Н.
    </author>
    <respStmt>
     <resp>
      подготовка TEI/XML
     </resp>
     <name>
      Мария Картышева, Евгений Можаев, Даниил Скоринкин, Елена Сидорова, Вероника Файнберг, Кирилл Милинцевич
     </name>
    </respStmt>
    <respStmt>
     <name>
      Анастасия Бонч-Осмоловская, Фёкла Толстая, Борис Орехов
     </name>
     <resp>
      Идея, постановка задач, руководство
     </resp>
    </respStmt>
   </titleStmt>
   <publicationStmt>
    <idno>
     Азбука  | Произведения, написанные для «Азбуки» и не включенные в нее
    </idno>
    <publisher>
     <orgName>
      Школа лингвистики НИУ ВШЭ
     </orgName>
    </publisher>
    <availability>
     <p>
      Тексты и метатекстовая разметка доступны для свободного использования и распространения по лицензии Creative Commons Attribution Share-Alike (cc by-sa)
     </p>
    </availability>
   </publicationStmt>
   <sourceDesc>
    <biblStruct>
     <analytic>
      <author>
       Толстой Л.Н.
      </author>
      <title level="a">
       Произведения, написанные для «Азбуки» и не включенные в нее
      </title>
     </analytic>
     <monogr>
      <title level="m">
       Полное собрание сочинений. Том 21
      </title>
      <imprint>
       <pubPlace>
        Москва
       </pubPlace>
       <publisher>
        Государственное издательство "Художественная литература"
       </publisher>
       <date when="1871-1872"/>
      </imprint>
     </monogr>
     <series>
      <title level="s">
       Л.Н. Толстой. Полное собрание сочинений
      </title>
      <biblScope unit="vol">
       21
      </biblScope>
     </series>
    </biblStruct>
   </sourceDesc>
  </fileDesc>
  <encodingDesc>
   <classDecl>
    <xi:include href="taxonomy.xml"/>
   </classDecl>
  </encodingDesc>
  <profileDesc>
   <creation>
    <date notAfter="1872" notBefore="1871">
     1871-1872
    </date>
    <rs/>
   </creation>
   <textClass>
    <catRef target="#fiction" type="sphere"/>
    <catRef target="#произведения для детей" type="type"/>
    <catRef target="#works" type="works_letters_diaries"/>
    <catRef target="#сборник" type="ninetyDef"/>
    <catRef target="#Неопубликованное, неотделанное, неоконченное" type="main_var"/>
    <catRef target="#сборник" type="type_short"/>
    <catRef target="None" type="translation"/>
    <catRef target="None" type="translation_origin"/>
    <catRef target="#да" type="tolstoy_or_not"/>
    <catRef target="None" type="name_status"/>
   </textClass>
   <preparedness>
    finished
   </preparedness>
   <settingDesc>
    <time>
     XIX век
    </time>
   </settingDesc>
  </profileDesc>
  <xenoData>
   <cyclusName/>
   <p>
    Проект
    <title>
     Толстой.Digital
    </title>
    разрабатывается сотрудниками и студентами
    <orgName>
     Высшей школы экономики
    </orgName>
    в сотрудничестве с
    <orgName>
     Государственным музеем Л.Н. Толстого
    </orgName>
    . Источник текстов –
    <bibl>
     90-томное собрание сочинений Л.Н.Толстого
    </bibl>
    . Разметка основана на стандарте
    <ref target="http://www.tei-c.org">
     TEI (Text Encoding Initiative)
    </ref>
    .
   </p>
   <versionNumber/>
   <isFinished/>
   <isEdited/>
   <fullBibliographicDescription/>
  </xenoData>
 </teiHeader>
 <p rend="left emptyline">
  <pb n="184"/>
 </p>
 <div type="section" xml:id="h000012061">
  <head rend="center">
   КАМБИЗ И ПСАМЕНИТ
  </head>
  <p id="74a0d118-f5f0-483e-bccc-528d6d1c70b8" rend="center">
   <hi rend="italic">
    (История)
   </hi>
  </p>
  <p id="59d3a7cc-97e4-4015-84e7-75fe0ba0aaa3" rend="left">
   Когда царь персидский Камбиз завоевал Египет и полонил царя египетского Псаменита, он велел вывесть на площадь царя Псаменита с другими египтянами и велел вывести на
   <pb n="185"/>
   площадь две тысячи человек, а с ними вместе Псаменитову дочь, приказал одеть ее в лохмотья и выслать с ведрами за водой; вместе с нею он послал в такой же одежде и дочерей самых знатных египтян. Когда девицы с воем и плачем прошли мимо отцов, отцы заплакали, глядя на дочерей. Один только Псаменит не заплакал, а только потупился.
  </p>
  <p id="97892050-d5ce-491e-b51a-ad40ce5aa418" rend="left">
   Когда девицы прошли, Камбиз выслал сына Псаменита с другими египтянами. У всех их вокруг шеи были обвязаны веревки, а во рту были удила. Их вели убивать.
  </p>
  <p id="d870e76d-3fe2-41f8-962a-181dcd834e64" rend="left">
   Псаменит видел это и понял, что сына ведут на смерть. Но так же, как и при виде дочери, когда другие отцы плакали, глядя на своих детей, он только потупился.
  </p>
  <p id="53d3c7d2-2085-4f60-a4e2-9b746a1a1313" rend="left">
   Потом прошел мимо Псаменита прежний товарищ его и родственник.
  </p>
  <p id="2a2ca2de-6668-4e7e-8d7b-dcc030d540bd" rend="left">
   Он прежде был богат, а теперь, как нищий, просил милостыню по войску. Как только Псаменит увидал его, он назвал его по имени, ударил себя по голове и зарыдал. Камбиз удивился тому, что Псаменит сделал, и послал спросить его так:
  </p>
  <p id="2322288f-fb69-4479-b60b-a710ba065838" rend="left">
   «Псаменит! Господин твой Камбиз спрашивает: отчего, когда дочь твою осрамили и сына вели на смерть, ты не плакал, а нищего, и вовсе не родного, так пожалел?»
  </p>
  <p id="cbe34945-a6e9-40b6-9a19-fd579cfa2c7d" rend="left">
   Псаменит отвечал:
  </p>
  <p id="a134020e-5155-424f-acef-adf5030d9e87" rend="left">
   «Камбиз! Мое собственное горе так велико, что о нем и плакать нельзя; а товарища мне жалко стало за то, что он в старости из богатства попал в нищету».
  </p>
  <p id="935c8c19-6478-4fff-9930-fb6b791a6344" rend="left">
   Был при этом другой пленный царь — Крез. Когда он услыхал эти слова, ему больнее показалось свое горе, и он заплакал— и все персы, что тут были, все заплакали.
  </p>
  <p id="a72dfb5f-1ec2-4a43-8e8d-0afa0e1aa1f8" rend="left">
   И на самого Камбиза нашла жалость, и он велел вернуть назад Псаменитова сына, а самого Псаменита привесть к себе. Но сына не застали живым — он уже был убит, а самого Псаменита привели к Камбизу, и Камбиз помиловал его.
  </p>
 </div>
</TEI>