<?xml version="1.0" encoding="utf-8"?>
<TEI xmlns="http://www.tei-c.org/ns/1.0" xmlns:xi="http://www.w3.org/2001/XInclude">
 <teiHeader>
  <fileDesc>
   <titleStmt>
    <title>
     Произведения, написанные для «Азбуки» и не включенные в нее
    </title>
    <author>
     Толстой Л.Н.
    </author>
    <respStmt>
     <resp>
      подготовка TEI/XML
     </resp>
     <name>
      Мария Картышева, Евгений Можаев, Даниил Скоринкин, Елена Сидорова, Вероника Файнберг, Кирилл Милинцевич
     </name>
    </respStmt>
    <respStmt>
     <name>
      Анастасия Бонч-Осмоловская, Фёкла Толстая, Борис Орехов
     </name>
     <resp>
      Идея, постановка задач, руководство
     </resp>
    </respStmt>
   </titleStmt>
   <publicationStmt>
    <idno>
     Азбука  | Произведения, написанные для «Азбуки» и не включенные в нее
    </idno>
    <publisher>
     <orgName>
      Школа лингвистики НИУ ВШЭ
     </orgName>
    </publisher>
    <availability>
     <p>
      Тексты и метатекстовая разметка доступны для свободного использования и распространения по лицензии Creative Commons Attribution Share-Alike (cc by-sa)
     </p>
    </availability>
   </publicationStmt>
   <sourceDesc>
    <biblStruct>
     <analytic>
      <author>
       Толстой Л.Н.
      </author>
      <title level="a">
       Произведения, написанные для «Азбуки» и не включенные в нее
      </title>
     </analytic>
     <monogr>
      <title level="m">
       Полное собрание сочинений. Том 21
      </title>
      <imprint>
       <pubPlace>
        Москва
       </pubPlace>
       <publisher>
        Государственное издательство "Художественная литература"
       </publisher>
       <date when="1871-1872"/>
      </imprint>
     </monogr>
     <series>
      <title level="s">
       Л.Н. Толстой. Полное собрание сочинений
      </title>
      <biblScope unit="vol">
       21
      </biblScope>
     </series>
    </biblStruct>
   </sourceDesc>
  </fileDesc>
  <encodingDesc>
   <classDecl>
    <xi:include href="taxonomy.xml"/>
   </classDecl>
  </encodingDesc>
  <profileDesc>
   <creation>
    <date notAfter="1872" notBefore="1871">
     1871-1872
    </date>
    <rs/>
   </creation>
   <textClass>
    <catRef target="#fiction" type="sphere"/>
    <catRef target="#произведения для детей" type="type"/>
    <catRef target="#works" type="works_letters_diaries"/>
    <catRef target="#сборник" type="ninetyDef"/>
    <catRef target="#Неопубликованное, неотделанное, неоконченное" type="main_var"/>
    <catRef target="#сборник" type="type_short"/>
    <catRef target="None" type="translation"/>
    <catRef target="None" type="translation_origin"/>
    <catRef target="#да" type="tolstoy_or_not"/>
    <catRef target="None" type="name_status"/>
   </textClass>
   <preparedness>
    finished
   </preparedness>
   <settingDesc>
    <time>
     XIX век
    </time>
   </settingDesc>
  </profileDesc>
  <xenoData>
   <cyclusName/>
   <p>
    Проект
    <title>
     Толстой.Digital
    </title>
    разрабатывается сотрудниками и студентами
    <orgName>
     Высшей школы экономики
    </orgName>
    в сотрудничестве с
    <orgName>
     Государственным музеем Л.Н. Толстого
    </orgName>
    . Источник текстов –
    <bibl>
     90-томное собрание сочинений Л.Н.Толстого
    </bibl>
    . Разметка основана на стандарте
    <ref target="http://www.tei-c.org">
     TEI (Text Encoding Initiative)
    </ref>
    .
   </p>
   <versionNumber/>
   <isFinished/>
   <isEdited/>
   <fullBibliographicDescription/>
  </xenoData>
 </teiHeader>
 <p rend="left emptyline">
  <pb n="253"/>
 </p>
 <div type="section" xml:id="h000013049">
  <head rend="center">
   КРИСТАЛЛЫ
  </head>
  <p rend="center" uuid="7d055788-5c19-4914-990d-2df3161b34e1">
   <hi rend="italic">
    (Рассуждение)
   </hi>
  </p>
  <p rend="left" uuid="f9645b78-a856-462d-8702-9dc01c05547e">
   Если сыпать в воду соль и мешать, то соль станет расходиться и так разойдется в воде, что не видать будет соли; но если сыпать еще и еще соли, то под конец соль уж перестанет распускаться, а сколько ты ее ни мешай, так и останется белым порошком в воде. Вода насытилась солью и больше уж принять не может. Но если разогреть воду, она примет еще; и соль, та, которая не распускалась в холодной воде, распустится в горячей. Но если еще насыпать соли, тогда уж и горячая вода не примет больше соли. А если больше станешь греть воду, то сама вода уйдет паром, и соли еще больше останется. Так на каждую вещь, какую вода распускает, у воды есть мера, дальше чего ей нельзя распустить. Каждой вещи вода распускает больше, когда горяча, чем когда холодна, но всё же — как насытится горячая вода, так дальше уж не принимает. Вещь останется сама по себе, а вода уйдет паром.
  </p>
  <p rend="left" uuid="fddabc15-fbab-4511-8828-d0e963cd07a0">
   Если насытить воду селитряным порошком, а потом подсыпать еще селитры лишней, всё согреть и не мешавши дать остынуть, то селитра лишняя не ляжет порошком на дне воды, а
   <pb n="254"/>
   соберется вся шестигранными столбиками и сядет на дне и по бокам, столбик подле столбика. Если насытить воду селитряным порошком и поставить в теплом месте, то вода уйдет паром, а селитра лишняя также сложится столбиками шестигранными.
  </p>
  <p rend="left" uuid="2317bfa2-dc67-407a-97c7-c4e194b12ae7">
   Если насытить воду простою солью, согреть и также дать уйти воде паром, то лишняя соль сложится тоже не порошком, а кубиками. Если насытить воду селитрой с солью вместе, лишняя селитра и соль не смешаются, сложатся каждая по-своему — селитра столбиками, а соль кубиками.
  </p>
  <p rend="left" uuid="a7f9daac-fe86-4b5b-9f31-0263f1f0d8e3">
   Если насытить воду известкой, или другою солью, или еще чем-нибудь, то каждая вещь, когда вода выйдет паром, сложится по-своему: какая в трехгранные столбики, какая в восьмигранные, какая кирпичиками, какая звездочками, — каждая по-своему. Эти-то фигуры разные бывают во всех крепких вещах. Иногда фигуры эти большие, в руку; такие находят камни в земле. Иногда фигуры эти так малы, что простым глазом не разберешь их; но в каждой вещи есть свои фигуры.
  </p>
  <p rend="left" uuid="9049c9e0-99dc-4944-ad6b-7f45fee83593">
   Если, когда вода насыщена селитрой и в ней начинают складываться фигуры, отломить иголочкой край фигуры, то опять на то же место придут новые кусочки селитры и опять заделают отломанный край точно так, как ему надо быть, — шестигранными столбиками. То же самое и с солью и со всякой другой вещью. Все маленькие порошинки сами ворочаются и приставляются той стороной, какой надо.
  </p>
  <p rend="left" uuid="e838c333-5453-4f2a-944f-4404ecffbbc2">
   Когда замерзает лед, то делается то же самое.
  </p>
  <p rend="left" uuid="babe19ce-1799-412a-905d-678fb5f2a4d2">
   Летит снежинка — в ней не видать никакой фигуры; но как только она сядет на что-нибудь темное и холодное, на сукно, на мех, в ней можно разобрать фигуру: увидишь звездочку или шестиугольную дощечку. На окнах пар примерзает не как попало, а как он станет примерзать, так сейчас сложится в звездочку.
  </p>
  <p rend="left" uuid="c10d0fa6-e19d-41ad-8753-3cd3f59d3b43">
   Что такое лед? Это холодная, крепкая вода. Когда из жидкой воды делается крепкая вода, она складывается в фигуры, и из нее выходит тепло. То же самое делается с селитрой: когда она из жидкой складывается в крепкие фигуры, из нее выходит тепло. То же с солью, то же с плавленным чугуном, когда он из жидкого делается крепким. Когда какая-нибудь вещь из жидкой делается крепкой, — из нее выходит тепло, и она складывается в фигуры. А когда из крепкой делается жидкая, то
   <pb n="255"/>
   вещь забирает в себя тепло, и из нее выходит холод, и фигуры ее распускаются.
  </p>
  <p rend="left" uuid="72d1a840-483a-47c7-bb5b-fabfbcc81435">
   Принеси плавленного железа и дай ему остывать; принеси теста горячего и дай ему остывать; принеси извести гашеной и дай ей остывать, — будет тепло. Принеси льду и тай его, — станет холодно. Принеси селитры, соли и всякой вещи, какая в воде расходится, и распускай ее в воде, — станет холодно. Чтоб заморозить мороженое, сыплют соль в воду.
  </p>
 </div>
</TEI>