<?xml version="1.0" encoding="utf-8"?>
<TEI xmlns="http://www.tei-c.org/ns/1.0" xmlns:xi="http://www.w3.org/2001/XInclude">
 <teiHeader>
  <fileDesc>
   <titleStmt>
    <title>
     Произведения, написанные для «Азбуки» и не включенные в нее
    </title>
    <author>
     Толстой Л.Н.
    </author>
    <respStmt>
     <resp>
      подготовка TEI/XML
     </resp>
     <name>
      Мария Картышева, Евгений Можаев, Даниил Скоринкин, Елена Сидорова, Вероника Файнберг, Кирилл Милинцевич
     </name>
    </respStmt>
    <respStmt>
     <name>
      Анастасия Бонч-Осмоловская, Фёкла Толстая, Борис Орехов
     </name>
     <resp>
      Идея, постановка задач, руководство
     </resp>
    </respStmt>
   </titleStmt>
   <publicationStmt>
    <idno>
     Азбука  | Произведения, написанные для «Азбуки» и не включенные в нее
    </idno>
    <publisher>
     <orgName>
      Школа лингвистики НИУ ВШЭ
     </orgName>
    </publisher>
    <availability>
     <p>
      Тексты и метатекстовая разметка доступны для свободного использования и распространения по лицензии Creative Commons Attribution Share-Alike (cc by-sa)
     </p>
    </availability>
   </publicationStmt>
   <sourceDesc>
    <biblStruct>
     <analytic>
      <author>
       Толстой Л.Н.
      </author>
      <title level="a">
       Произведения, написанные для «Азбуки» и не включенные в нее
      </title>
     </analytic>
     <monogr>
      <title level="m">
       Полное собрание сочинений. Том 21
      </title>
      <imprint>
       <pubPlace>
        Москва
       </pubPlace>
       <publisher>
        Государственное издательство "Художественная литература"
       </publisher>
       <date when="1871-1872"/>
      </imprint>
     </monogr>
     <series>
      <title level="s">
       Л.Н. Толстой. Полное собрание сочинений
      </title>
      <biblScope unit="vol">
       21
      </biblScope>
     </series>
    </biblStruct>
   </sourceDesc>
  </fileDesc>
  <encodingDesc>
   <classDecl>
    <xi:include href="taxonomy.xml"/>
   </classDecl>
  </encodingDesc>
  <profileDesc>
   <creation>
    <date notAfter="1872" notBefore="1871">
     1871-1872
    </date>
    <rs/>
   </creation>
   <textClass>
    <catRef target="#fiction" type="sphere"/>
    <catRef target="#произведения для детей" type="type"/>
    <catRef target="#works" type="works_letters_diaries"/>
    <catRef target="#сборник" type="ninetyDef"/>
    <catRef target="#Неопубликованное, неотделанное, неоконченное" type="main_var"/>
    <catRef target="#сборник" type="type_short"/>
    <catRef target="None" type="translation"/>
    <catRef target="None" type="translation_origin"/>
    <catRef target="#да" type="tolstoy_or_not"/>
    <catRef target="None" type="name_status"/>
   </textClass>
   <preparedness>
    finished
   </preparedness>
   <settingDesc>
    <time>
     XIX век
    </time>
   </settingDesc>
  </profileDesc>
  <xenoData>
   <cyclusName/>
   <p>
    Проект
    <title>
     Толстой.Digital
    </title>
    разрабатывается сотрудниками и студентами
    <orgName>
     Высшей школы экономики
    </orgName>
    в сотрудничестве с
    <orgName>
     Государственным музеем Л.Н. Толстого
    </orgName>
    . Источник текстов –
    <bibl>
     90-томное собрание сочинений Л.Н.Толстого
    </bibl>
    . Разметка основана на стандарте
    <ref target="http://www.tei-c.org">
     TEI (Text Encoding Initiative)
    </ref>
    .
   </p>
   <versionNumber/>
   <isFinished/>
   <isEdited/>
   <fullBibliographicDescription/>
  </xenoData>
 </teiHeader>
 <p rend="left emptyline">
  <pb n="165"/>
 </p>
 <div type="section" xml:id="h000012038">
  <head rend="center">
   ЛЕВ И СОБАЧКА
  </head>
  <p id="e344fe5e-514c-4022-81ab-9b55ecb8c9c6" rend="center">
   <hi rend="italic">
    (Быль)
   </hi>
  </p>
  <p id="77f715d1-6b4e-4ff7-915d-fad0a5df4218" rend="left">
   В Лондоне показывали диких зверей и за смотренье брали деньгами или собаками и кошками на корм диким зверям.
  </p>
  <p id="4a1bf073-4f32-4354-8629-2c072b5ed617" rend="left">
   Одному человеку захотелось поглядеть зверей: он ухватил на улице собачонку и принес ее в зверинец. Его пустили смотреть, а собачонку взяли и бросили в клетку ко льву на съеденье.
  </p>
  <p id="8f74497a-495d-44a7-b5ce-ae1b88da4979" rend="left">
   Собачка поджала хвост и прижалась в угол клетки. Лев подошел к ней и понюхал ее.
  </p>
  <p id="84c236a9-5cee-4dc4-b4a3-7a6e237cb50f" rend="left">
   Собачка легла на спину, подняла лапки и стала махать хвостиком.
  </p>
  <p id="6aeb652f-4dff-43a0-a42c-6965dfc67a8c" rend="left">
   Лев тронул ее лапой и перевернул.
  </p>
  <p id="edc1e5d0-e710-4814-b419-f7b23f14fb5a" rend="left">
   Собачка вскочила и стала перед львом на задние лапки.
  </p>
  <p id="2867113a-a119-40ce-b02d-58fd2b467d39" rend="left">
   Лев смотрел на собачку, поворачивал голову со стороны на сторону и не трогал ее.
  </p>
  <p id="fbd65741-f301-449d-9568-d744c7c5c6ab" rend="left">
   Когда хозяин бросил льву мяса, лев оторвал кусок и оставил собачке.
  </p>
  <p id="78f4b183-fb61-451a-8c9e-465ecd288052" rend="left">
   Вечером, когда лев лег спать, собачка легла подле него и положила свою голову ему на лапу.
  </p>
  <p id="6fbd6f7b-e040-4f51-a117-61d22f1e6cd4" rend="left">
   С тех пор собачка жила в одной клетке со львом, лев не трогал ее, ел корм, спал с ней вместе, а иногда играл с ней.
  </p>
  <p id="4cb4789d-b5c3-4843-8852-08764b1ae61e" rend="left">
   Один раз барин пришел в зверинец и узнал свою собачку; он сказал, что собачка его собственная, и попросил хозяина зверинца отдать ему. Хозяин хотел отдать, но как только стали звать собачку, чтобы взять ее из клетки, лев ощетинился и зарычал.
  </p>
  <p id="0d9f4bae-36e6-46ed-a1c8-f92c09fa7bc3" rend="left">
   Так прожили лев и собачка целый год в одной клетке.
  </p>
  <p id="fd837214-9a85-456c-af38-7e59c47b1b94" rend="left">
   Через год собачка заболела и издохла. Лев перестал есть, а всё нюхал, лизал собачку и трогал ее лапой.
  </p>
  <p id="00fa48b4-c71f-44bb-9126-ce6bdcc718b4" rend="left">
   Когда он понял, что она умерла, он вдруг вспрыгнул, ощетинился, стал хлестать себя хвостом по бокам, бросился на стену клетки и стал грызть засовы и пол.
  </p>
  <p id="76cddfa0-ae22-4a57-b68f-0dea331ed3a6" rend="left">
   <pb n="166"/>
   Целый день он бился, метался в клетке и ревел, потом лег подле мертвой собачки и затих. Хозяин хотел унести мертвую собачку, но лев никого не подпускал к ней.
  </p>
  <p id="ed108855-329f-4d1b-911d-c019b65d11ea" rend="left">
   Хозяин думал, что лев забудет свое горе, если ему дать другую собачку, и пустил к нему в клетку живую собачку; но лев тотчас разорвал ее на куски. Потом он обнял своими лапами мертвую собачку и так лежал пять дней.
  </p>
  <p id="0abc3cb6-1f17-4690-9619-1607da69b9c9" rend="left">
   На шестой день лев умер.
  </p>
 </div>
</TEI>