<?xml version="1.0" encoding="utf-8"?>
<TEI xmlns="http://www.tei-c.org/ns/1.0" xmlns:xi="http://www.w3.org/2001/XInclude">
 <teiHeader>
  <fileDesc>
   <titleStmt>
    <title>
     Произведения, написанные для «Азбуки» и не включенные в нее
    </title>
    <author>
     Толстой Л.Н.
    </author>
    <respStmt>
     <resp>
      подготовка TEI/XML
     </resp>
     <name>
      Мария Картышева, Евгений Можаев, Даниил Скоринкин, Елена Сидорова, Вероника Файнберг, Кирилл Милинцевич
     </name>
    </respStmt>
    <respStmt>
     <name>
      Анастасия Бонч-Осмоловская, Фёкла Толстая, Борис Орехов
     </name>
     <resp>
      Идея, постановка задач, руководство
     </resp>
    </respStmt>
   </titleStmt>
   <publicationStmt>
    <idno>
     Азбука  | Произведения, написанные для «Азбуки» и не включенные в нее
    </idno>
    <publisher>
     <orgName>
      Школа лингвистики НИУ ВШЭ
     </orgName>
    </publisher>
    <availability>
     <p>
      Тексты и метатекстовая разметка доступны для свободного использования и распространения по лицензии Creative Commons Attribution Share-Alike (cc by-sa)
     </p>
    </availability>
   </publicationStmt>
   <sourceDesc>
    <biblStruct>
     <analytic>
      <author>
       Толстой Л.Н.
      </author>
      <title level="a">
       Произведения, написанные для «Азбуки» и не включенные в нее
      </title>
     </analytic>
     <monogr>
      <title level="m">
       Полное собрание сочинений. Том 21
      </title>
      <imprint>
       <pubPlace>
        Москва
       </pubPlace>
       <publisher>
        Государственное издательство "Художественная литература"
       </publisher>
       <date when="1871-1872"/>
      </imprint>
     </monogr>
     <series>
      <title level="s">
       Л.Н. Толстой. Полное собрание сочинений
      </title>
      <biblScope unit="vol">
       21
      </biblScope>
     </series>
    </biblStruct>
   </sourceDesc>
  </fileDesc>
  <encodingDesc>
   <classDecl>
    <xi:include href="taxonomy.xml"/>
   </classDecl>
  </encodingDesc>
  <profileDesc>
   <creation>
    <date notAfter="1872" notBefore="1871">
     1871-1872
    </date>
    <rs/>
   </creation>
   <textClass>
    <catRef target="#fiction" type="sphere"/>
    <catRef target="#произведения для детей" type="type"/>
    <catRef target="#works" type="works_letters_diaries"/>
    <catRef target="#сборник" type="ninetyDef"/>
    <catRef target="#Неопубликованное, неотделанное, неоконченное" type="main_var"/>
    <catRef target="#сборник" type="type_short"/>
    <catRef target="None" type="translation"/>
    <catRef target="None" type="translation_origin"/>
    <catRef target="#да" type="tolstoy_or_not"/>
    <catRef target="None" type="name_status"/>
   </textClass>
   <preparedness>
    finished
   </preparedness>
   <settingDesc>
    <time>
     XIX век
    </time>
   </settingDesc>
  </profileDesc>
  <xenoData>
   <cyclusName/>
   <p>
    Проект
    <title>
     Толстой.Digital
    </title>
    разрабатывается сотрудниками и студентами
    <orgName>
     Высшей школы экономики
    </orgName>
    в сотрудничестве с
    <orgName>
     Государственным музеем Л.Н. Толстого
    </orgName>
    . Источник текстов –
    <bibl>
     90-томное собрание сочинений Л.Н.Толстого
    </bibl>
    . Разметка основана на стандарте
    <ref target="http://www.tei-c.org">
     TEI (Text Encoding Initiative)
    </ref>
    .
   </p>
   <versionNumber/>
   <isFinished/>
   <isEdited/>
   <fullBibliographicDescription/>
  </xenoData>
 </teiHeader>
 <p rend="left emptyline">
  <pb n="346"/>
 </p>
 <div type="section" xml:id="h000017001001007">
  <head rend="center">
   * ПРОЕЗЖИЕ В СВЕТЛЫЙ ПРАЗДНИК
  </head>
  <p rend="left" uuid="fbee1287-5e3a-4aa1-b0c0-c863d7b0b804">
   В одной деревне был бедный мужик. Пришло светло Христово воскресенье, все пошли в церковь к заутрени. А бедному мужику нечего было надеть. Он остался дома. У бедного мужика не было жены. Она умерла. А было двое маленьких детей. Ночью дети закричали. Мужик встал и хотел зажечь огня. Но в печке огня у него не было и спичек тоже не было. Мужик вышел из дома и пошел к соседу. У соседа дома была жена. Она спросила бедного мужика, что ему надо. Он сказал: Дай мне огня. Соседка сказала: Как же у тебя в праздник огня нет. Поди, у других проси огня. А мне некогда, я пироги делаю. Бедный мужик пошел к другому дому и стал просить огня. И там хозяйка не дала ему огня и сказала, что она не верит ему, что у него огня нет. Бедный мужик пошел в 3-ю избу. И там над ним только посмеялись, а не дали ему огня. Бедный мужик заплакал и пошел домой. Когда он шел по улице, он вдруг увидал огонь за деревней. Было темно, и огонь светился далеко в поле. Мужик &amp;lt;и подумал: это, верно, проезжие разложили огонь за деревней. Я пойду к ним и попрошу огня. Они, может быть, дадут. Бедный мужик пошел к огню, и чем ближе он подходил,
   <pb n="347"/>
   тем ярче светился огонь. Когда он подошел близко, он увидал, что над огнем сидели три человека. И лица у этих людей были такие красивые и добрые, что мужику весело стало смотреть. Проезжие сказали: Что тебе надо, мужичок? Бедный мужик сказал: Можно мне огня взять у вас? Проезжие сказали: Возьми — вот горячие уголья. Мужик подумал: как я возьму уголья. Надо зажечь что-нибудь. — А проезжие сказали: Ты об этом не думай, возьми горячие уголья. И один из них встал и стал руками брать горячие уголья и подавать их мужику. Он сказал: Держи полу. Бедный мужик удивился, что проезжий не обжигал себе руки, и подставил полу. Тогда проезжий наложил мужику полную полу угольев. Мужик поблагодарил и понес домой. Когда он принес домой и высыпал уголья, тогда он увидал, что в поле у него были не уголья, а золотые деньги. — Соседка увидала деньги у бедного мужика и побежала к проезжим, и другая соседка побежала за ней. И со всей деревни все мужики и бабы побежали к проезжим и просили у них огня. Проезжие всем дали угольев, и когда бабы и мужики отошли, несколько шагов, они вдруг закричали и побежали к воде заливать свои платья, потому что уголья были настоящие и прожгли им платья. Только у бедного мужика из угольев сделалось золото. И он стал богат, и женился, и купил себе новый дом и много коров и лошадей.&amp;gt;
  </p>
 </div>
</TEI>