<?xml version="1.0" encoding="utf-8"?>
<TEI xmlns="http://www.tei-c.org/ns/1.0" xmlns:xi="http://www.w3.org/2001/XInclude">
 <teiHeader>
  <fileDesc>
   <titleStmt>
    <title>
     Произведения, написанные для «Азбуки» и не включенные в нее
    </title>
    <author>
     Толстой Л.Н.
    </author>
    <respStmt>
     <resp>
      подготовка TEI/XML
     </resp>
     <name>
      Мария Картышева, Евгений Можаев, Даниил Скоринкин, Елена Сидорова, Вероника Файнберг, Кирилл Милинцевич
     </name>
    </respStmt>
    <respStmt>
     <name>
      Анастасия Бонч-Осмоловская, Фёкла Толстая, Борис Орехов
     </name>
     <resp>
      Идея, постановка задач, руководство
     </resp>
    </respStmt>
   </titleStmt>
   <publicationStmt>
    <idno>
     Азбука  | Произведения, написанные для «Азбуки» и не включенные в нее
    </idno>
    <publisher>
     <orgName>
      Школа лингвистики НИУ ВШЭ
     </orgName>
    </publisher>
    <availability>
     <p>
      Тексты и метатекстовая разметка доступны для свободного использования и распространения по лицензии Creative Commons Attribution Share-Alike (cc by-sa)
     </p>
    </availability>
   </publicationStmt>
   <sourceDesc>
    <biblStruct>
     <analytic>
      <author>
       Толстой Л.Н.
      </author>
      <title level="a">
       Произведения, написанные для «Азбуки» и не включенные в нее
      </title>
     </analytic>
     <monogr>
      <title level="m">
       Полное собрание сочинений. Том 21
      </title>
      <imprint>
       <pubPlace>
        Москва
       </pubPlace>
       <publisher>
        Государственное издательство "Художественная литература"
       </publisher>
       <date when="1871-1872"/>
      </imprint>
     </monogr>
     <series>
      <title level="s">
       Л.Н. Толстой. Полное собрание сочинений
      </title>
      <biblScope unit="vol">
       21
      </biblScope>
     </series>
    </biblStruct>
   </sourceDesc>
  </fileDesc>
  <encodingDesc>
   <classDecl>
    <xi:include href="taxonomy.xml"/>
   </classDecl>
  </encodingDesc>
  <profileDesc>
   <creation>
    <date notAfter="1872" notBefore="1871">
     1871-1872
    </date>
    <rs/>
   </creation>
   <textClass>
    <catRef target="#fiction" type="sphere"/>
    <catRef target="#произведения для детей" type="type"/>
    <catRef target="#works" type="works_letters_diaries"/>
    <catRef target="#сборник" type="ninetyDef"/>
    <catRef target="#Неопубликованное, неотделанное, неоконченное" type="main_var"/>
    <catRef target="#сборник" type="type_short"/>
    <catRef target="None" type="translation"/>
    <catRef target="None" type="translation_origin"/>
    <catRef target="#да" type="tolstoy_or_not"/>
    <catRef target="None" type="name_status"/>
   </textClass>
   <preparedness>
    finished
   </preparedness>
   <settingDesc>
    <time>
     XIX век
    </time>
   </settingDesc>
  </profileDesc>
  <xenoData>
   <cyclusName/>
   <p>
    Проект
    <title>
     Толстой.Digital
    </title>
    разрабатывается сотрудниками и студентами
    <orgName>
     Высшей школы экономики
    </orgName>
    в сотрудничестве с
    <orgName>
     Государственным музеем Л.Н. Толстого
    </orgName>
    . Источник текстов –
    <bibl>
     90-томное собрание сочинений Л.Н.Толстого
    </bibl>
    . Разметка основана на стандарте
    <ref target="http://www.tei-c.org">
     TEI (Text Encoding Initiative)
    </ref>
    .
   </p>
   <versionNumber/>
   <isFinished/>
   <isEdited/>
   <fullBibliographicDescription/>
  </xenoData>
 </teiHeader>
 <p rend="left emptyline">
  <pb n="148"/>
 </p>
 <div type="section" xml:id="h000012006">
  <head rend="center">
   ИНДЕЕЦ И АНГЛИЧАНИН
  </head>
  <p id="5c9d4d41-2250-4c9d-b7b3-71c903643614" rend="center">
   <hi rend="italic">
    (Быль)
   </hi>
  </p>
  <p id="65ccaf0a-ef36-42ac-a79d-69684411a8f7" rend="left">
   Индейцы взяли на войне в плен молодого англичанина, привязали его к дереву и хотели убить.
  </p>
  <p id="f66f93aa-09c1-4d86-a85a-cba21c2b864a" rend="left">
   Старый индеец подошел и сказал: «Не убивайте его, а отдайте мне»
  </p>
  <p id="1e1abed3-6abd-41ee-a1e6-18d6fc1a667f" rend="left">
   Его отдали.
  </p>
  <p id="e9bfa60c-8c8b-49a7-b2cf-40a4777ef770" rend="left">
   Старый индеец отвязал англичанина, свел его в свой шалаш, накормил и положил ночевать.
  </p>
  <p id="69399233-4125-4db8-bbdf-1dc1fcbe4a70" rend="left">
   На другое утро индеец велел англичанину идти за собой. Они шли долго, и когда подошли близко к английскому лагерю, индеец сказал:
  </p>
  <p id="f981ea85-0caa-4ed4-809a-303a23ff8180" rend="left">
   «Ваши убили моего сына, я спас тебе жизнь; иди к своим и убивай нас».
  </p>
  <p id="f9f1ca96-78fa-4c46-a111-87ee251568e0" rend="left">
   <pb n="149"/>
   Англичанин удивился и сказал: «Зачем ты смеешься надо мною? Я знаю, что наши убили твоего сына: убивай же меня скорее».
  </p>
  <p id="fdb99820-c29d-4088-ae96-bd9eed65223e" rend="left">
   Тогда индеец сказал: «Когда тебя стали убивать, я вспомнил о своем сыне, и мне стало жаль тебя. Я не смеюсь: иди к своим и убивай нас, если хочешь». И индеец отпустил англичанина.
  </p>
 </div>
</TEI>