<?xml version="1.0" encoding="utf-8"?>
<TEI xmlns="http://www.tei-c.org/ns/1.0" xmlns:xi="http://www.w3.org/2001/XInclude">
 <teiHeader>
  <fileDesc>
   <titleStmt>
    <title>
     КАК БОРОЛСЯ РУССКИЙ БОГАТЫРЬ
    </title>
    <author>
     Толстой Л.Н.
    </author>
    <respStmt>
     <resp>
      подготовка TEI/XML
     </resp>
     <name>
      Мария Картышева, Евгений Можаев, Даниил Скоринкин, Елена Сидорова, Вероника Файнберг, Кирилл Милинцевич
     </name>
    </respStmt>
    <respStmt>
     <resp>
      Идея, постановка задач, руководство
     </resp>
     <name>
      Анастасия Бонч-Осмоловская, Фёкла Толстая, Борис Орехов
     </name>
    </respStmt>
   </titleStmt>
   <publicationStmt>
    <idno>
     КАК БОРОЛСЯ РУССКИЙ БОГАТЫРЬ
    </idno>
    <publisher>
     <orgName>
      Школа лингвистики НИУ ВШЭ
     </orgName>
    </publisher>
    <availability>
     <p>
      Тексты и метатекстовая разметка доступны для свободного использования и распространения по лицензии Creative Commons Attribution Share-Alike (cc by-sa)
     </p>
    </availability>
   </publicationStmt>
   <sourceDesc>
    <biblStruct>
     <analytic>
      <author>
       Толстой Л.Н.
      </author>
     </analytic>
     <monogr>
      <title level="m">
       Полное собрание сочинений. Том 21
      </title>
      <imprint>
       <pubPlace>
        Москва
       </pubPlace>
       <publisher>
        Государственное издательство "Художественная литература"
       </publisher>
      </imprint>
     </monogr>
     <series>
      <title level="s">
       Л.Н. Толстой. Полное собрание сочинений
      </title>
      <biblScope unit="vol">
       90
      </biblScope>
     </series>
    </biblStruct>
   </sourceDesc>
  </fileDesc>
  <encodingDesc>
   <classDecl>
    <xi:include href="taxonomy.xml"/>
   </classDecl>
  </encodingDesc>
  <profileDesc>
   <creation>
    <date/>
    <rs type="country">
     Россия
    </rs>
   </creation>
   <textClass/>
   <preparedness>
    not finished
   </preparedness>
  </profileDesc>
 </teiHeader>
 <p rend="left emptyline">
  <pb n="353"/>
 </p>
 <text>
  <head rend="center">
   ** КАК БОРОЛСЯ РУССКИЙ БОГАТЫРЬ
  </head>
  <p rend="left">
   При князе Владимире напали на Россию печенеги. Подошли они с большим войском под Киев. Князь Владимир вышел с своим войском навстречу. Сошлись они на реке Трубеже и остановились. Князь печенежский подъехал к реке, позвал князя Владимира и сказал: Зачем нам много народа убивать. А сделаем вот как: ты выпусти своего силача, а я своего выпущу, и пускай они поборются. Если твой будет сильнее моего, так я уйду, а если мой одолеет, то покорись ты со всей своей землею. Князь Владимир вернулся к своему войску и сказал: А есть ли в нашем войске такой силач, чтобы взялся бороться с печенегом. Один старик сказал: Я пришел сюда с сыновьями сам-четверт, а пятый, меньшой сын, Иван остался дома. Вели послать за ним. Ему бог дал силу большую. Владимир сказал: Какая его сила? Старик сказал: Его сила вот какая: однова мял воловью шкуру. Мне не показалось, как он это делает, я и побрани его. Он рассердись да и разорви шкуру пополам. Князь Владимир послал за Иваном. Когда его привели, князь Владимир сказал ему: Можешь ты бороться с печенегом? Иван сказал: Я не знаю своей силы. Надо испытать. Князь Владимир велел привести большого быка и сказал: Ну покажи над ним свою силу. Иван велел раздразнить быка, и когда бык набежал на него, он схватил его рукой за бок, вырвал кусок кожи с мясом, а потом кулаком ударил его между рог и убил. Владимир послал сказать печенежскому князю, чтобы он высылал своего силача. На другой день сошлись оба войска. В
   <hi style="opdelimiter">
    середине
   </hi>
   <hi style="opnumber">
    353
   </hi>
   <hi style="npnumber">
    354
   </hi>
   <pb n="354"/>
   <hi style="npdelimiter">
    сделали
   </hi>
   чистое место. От русских вышел Иван. Он был невелик ростом и лицом бел. От печенегов вышел черный великан. Когда печенег увидал Ивана, он сказал: Зачем малого привели, я раздавлю его. Когда силачи вышли на середину, на чистое место, они схватились за кушаки, укрепились ногами и начали сжимать и ворочать друг друга.
   <choice original_editorial_correction="П[еченежский]">
    <sic>
     П
    </sic>
    <corr>
     Печенежский
    </corr>
   </choice>
   силач хотел поднять Ивана и перекинуть через себя его, но Иван так крепко сжал печенега, что он не мог дышать и захрипел. Тогда Иван приподнял его, шмякнул об землю и расшиб до смерти. Печенеги испугались и побежали, и русские побили их.
  </p>
 </text>
</TEI>