<?xml version="1.0" encoding="utf-8"?>
<TEI xmlns="http://www.tei-c.org/ns/1.0" xmlns:xi="http://www.w3.org/2001/XInclude">
 <teiHeader>
  <fileDesc>
   <titleStmt>
    <title>
     Произведения, написанные для «Азбуки» и не включенные в нее
    </title>
    <author>
     Толстой Л.Н.
    </author>
    <respStmt>
     <resp>
      подготовка TEI/XML
     </resp>
     <name>
      Мария Картышева, Евгений Можаев, Даниил Скоринкин, Елена Сидорова, Вероника Файнберг, Кирилл Милинцевич
     </name>
    </respStmt>
    <respStmt>
     <name>
      Анастасия Бонч-Осмоловская, Фёкла Толстая, Борис Орехов
     </name>
     <resp>
      Идея, постановка задач, руководство
     </resp>
    </respStmt>
   </titleStmt>
   <publicationStmt>
    <idno>
     Азбука  | Произведения, написанные для «Азбуки» и не включенные в нее
    </idno>
    <publisher>
     <orgName>
      Школа лингвистики НИУ ВШЭ
     </orgName>
    </publisher>
    <availability>
     <p>
      Тексты и метатекстовая разметка доступны для свободного использования и распространения по лицензии Creative Commons Attribution Share-Alike (cc by-sa)
     </p>
    </availability>
   </publicationStmt>
   <sourceDesc>
    <biblStruct>
     <analytic>
      <author>
       Толстой Л.Н.
      </author>
      <title level="a">
       Произведения, написанные для «Азбуки» и не включенные в нее
      </title>
     </analytic>
     <monogr>
      <title level="m">
       Полное собрание сочинений. Том 21
      </title>
      <imprint>
       <pubPlace>
        Москва
       </pubPlace>
       <publisher>
        Государственное издательство "Художественная литература"
       </publisher>
       <date when="1871-1872"/>
      </imprint>
     </monogr>
     <series>
      <title level="s">
       Л.Н. Толстой. Полное собрание сочинений
      </title>
      <biblScope unit="vol">
       21
      </biblScope>
     </series>
    </biblStruct>
   </sourceDesc>
  </fileDesc>
  <encodingDesc>
   <classDecl>
    <xi:include href="taxonomy.xml"/>
   </classDecl>
  </encodingDesc>
  <profileDesc>
   <creation>
    <date notAfter="1872" notBefore="1871">
     1871-1872
    </date>
    <rs/>
   </creation>
   <textClass>
    <catRef target="#fiction" type="sphere"/>
    <catRef target="#произведения для детей" type="type"/>
    <catRef target="#works" type="works_letters_diaries"/>
    <catRef target="#сборник" type="ninetyDef"/>
    <catRef target="#Неопубликованное, неотделанное, неоконченное" type="main_var"/>
    <catRef target="#сборник" type="type_short"/>
    <catRef target="None" type="translation"/>
    <catRef target="None" type="translation_origin"/>
    <catRef target="#да" type="tolstoy_or_not"/>
    <catRef target="None" type="name_status"/>
   </textClass>
   <preparedness>
    finished
   </preparedness>
   <settingDesc>
    <time>
     XIX век
    </time>
   </settingDesc>
  </profileDesc>
  <xenoData>
   <cyclusName/>
   <p>
    Проект
    <title>
     Толстой.Digital
    </title>
    разрабатывается сотрудниками и студентами
    <orgName>
     Высшей школы экономики
    </orgName>
    в сотрудничестве с
    <orgName>
     Государственным музеем Л.Н. Толстого
    </orgName>
    . Источник текстов –
    <bibl>
     90-томное собрание сочинений Л.Н.Толстого
    </bibl>
    . Разметка основана на стандарте
    <ref target="http://www.tei-c.org">
     TEI (Text Encoding Initiative)
    </ref>
    .
   </p>
   <versionNumber/>
   <isFinished/>
   <isEdited/>
   <fullBibliographicDescription/>
  </xenoData>
 </teiHeader>
 <p rend="left emptyline">
  <pb n="157"/>
 </p>
 <div type="section" xml:id="h000012026">
  <head rend="center">
   МЕДВЕДЬ НА ПОВОЗКЕ
  </head>
  <p id="9a6581c5-43f8-4d08-b5cb-278de7d88941" rend="center">
   <hi rend="italic">
    (Басня)
   </hi>
  </p>
  <p id="558e2645-ae86-4b42-924c-9ee803ab4840" rend="left">
   Поводырь с медведем подошел к кабаку, привязал медведя к воротам, а сам вошел в кабак выпить. Ямщик на тройке подъехал к кабаку, закрутил коренную и тоже вошел в кабак. А в телеге у ямщика были калачи. Медведь учуял в повозке калачи, отвязался, подошел к повозке, влез и стал шарить в сене. Лошади оглянулись и шаркнули от кабака по дороге. Медведь ухватился лапами за грядки и не знает, как ему быть. А лошади, что дальше, то пуще разгораются. Медведь держится передними лапами за грядки и только голову поворачивает то на ту сторону, то на другую. А лошади оглянутся-оглянутся — еще шибче катят по дороге, под гору, на гору... Проезжие не успевают постораниватъся. Катит тройка вся в мыле, на телеге сидит медведь, держится за грядки да по сторонам оглядывается. Видит медведь, что дело плохо — убьют его лошади; начал он реветь. Еще пуще лошади понеслись. Скакали-скакали, прискакали домой в деревню. Все смотрят, что такое скачет. Уткнулись лошади в свой двор, в ворота. Хозяйка глядит, что такое? Не путем прискакал хозяин — видно, пьян. Выходит на двор, а с телеги не хозяин — медведь лезет. Соскочил медведь, да в поле, да в лес.
  </p>
 </div>
</TEI>