<?xml version="1.0" encoding="utf-8"?>
<TEI xmlns="http://www.tei-c.org/ns/1.0" xmlns:xi="http://www.w3.org/2001/XInclude">
 <teiHeader>
  <fileDesc>
   <titleStmt>
    <title>
     КАК МЕДВЕДЯ ПОЙМАЛИ
    </title>
    <author>
     Толстой Л.Н.
    </author>
    <respStmt>
     <resp>
      подготовка TEI/XML
     </resp>
     <name>
      Мария Картышева, Евгений Можаев, Даниил Скоринкин, Елена Сидорова, Вероника Файнберг, Кирилл Милинцевич
     </name>
    </respStmt>
    <respStmt>
     <resp>
      Идея, постановка задач, руководство
     </resp>
     <name>
      Анастасия Бонч-Осмоловская, Фёкла Толстая, Борис Орехов
     </name>
    </respStmt>
   </titleStmt>
   <publicationStmt>
    <idno>
     КАК МЕДВЕДЯ ПОЙМАЛИ
    </idno>
    <publisher>
     <orgName>
      Школа лингвистики НИУ ВШЭ
     </orgName>
    </publisher>
    <availability>
     <p>
      Тексты и метатекстовая разметка доступны для свободного использования и распространения по лицензии Creative Commons Attribution Share-Alike (cc by-sa)
     </p>
    </availability>
   </publicationStmt>
   <sourceDesc>
    <biblStruct>
     <analytic>
      <author>
       Толстой Л.Н.
      </author>
     </analytic>
     <monogr>
      <title level="m">
       Полное собрание сочинений. Том 21
      </title>
      <imprint>
       <pubPlace>
        Москва
       </pubPlace>
       <publisher>
        Государственное издательство "Художественная литература"
       </publisher>
      </imprint>
     </monogr>
     <series>
      <title level="s">
       Л.Н. Толстой. Полное собрание сочинений
      </title>
      <biblScope unit="vol">
       90
      </biblScope>
     </series>
    </biblStruct>
   </sourceDesc>
  </fileDesc>
  <encodingDesc>
   <classDecl>
    <xi:include href="taxonomy.xml"/>
   </classDecl>
  </encodingDesc>
  <profileDesc>
   <creation>
    <date/>
    <rs type="country">
     Россия
    </rs>
   </creation>
   <textClass/>
   <preparedness>
    not finished
   </preparedness>
  </profileDesc>
 </teiHeader>
 <p rend="left emptyline">
  <pb n="357"/>
 </p>
 <text>
  <head rend="center">
   ** КАК МЕДВЕДЯ ПОЙМАЛИ
  </head>
  <p rend="left">
   В Нижегородской губернии много медведей. Мужики ловят маленьких медвежат, выкармливают их и учат плясать. Потом они водят медведей показывать. Один водит его, а другой наряжается в козу, пляшет и бьет в барабан. Один мужик
   <hi style="opdelimiter">
    привел
   </hi>
   <hi style="opnumber">
    357
   </hi>
   <hi style="npnumber">
    358
   </hi>
   <pb n="358"/>
   <hi style="npdelimiter">
    медведя
   </hi>
   на ярманку. С ним вместе ходил его племянник с козой и барабаном. На ярманке было много народа, и все смотрели на медведя и давали мужику деньги. Вечером мужик подвел своего медведя к кабаку. И заставил его плясать. Мужику дали еще денег и дали вина. Он выпил вина и дал выпить своему товарищу. И медведю дал выпить целый стакан вина. Когда пришла ночь, мужик с племянником и медведем пошли ночевать в поле, потому что все боялись пустить к себе на двор медведя. Мужик с племянником и медведем вышли за деревню, и легли спать под дерево. Мужик привязал цепь медведя себе за пояс и лег. Он был немного пьян и скоро заснул. Племянник его тоже заснул. И они спали так крепко, что до утра ни разу не проснулись. Утром мужик проснулся и увидал, что медведя подле него не было. Он разбудил племянника и побежал с ним отыскивать медведя. Трава была высокая. И по траве виден был след медведя. Он через поле прошел в лес. Мужики побежали за ним. Лес был частый, так что трудно было идти через него. Племянник сказал: Дядя, мы не найдем медведя. А и найдем, не поймаем его. Вернемся назад. Но мужик не согласился. Он сказал: Медведь нас кормил, и если мы не найдем его, мы пойдем по миру. Я не вернусь назад, а из последних сил буду искать его. Они пошли дальше и к вечеру пришли на поляну. Стало смеркаться. Мужики устали и сели отдохнуть. Вдруг они услыхали, что близко от них что-то гремит цепью. Мужик вскочил и потихоньку сказал: Это он. Надо подкрасться и поймать его. Он пошел к той стороне, где гремела цепь, и увидал медведя. Медведь лапами тянул за цепь и хотел скинуть с себя привязку. Когда он увидал мужика, он страшно заревел и оскалил зубы. Племянник испугался и хотел бежать; но мужик схватил его за руку, &lt;с ним вместе пошли к медведю. —
  </p>
  <p rend="left">
   Медведь зарычал еще громче и побежал в лес. Мужик видел, что он не поймает его. Тогда он велел племяннику надеть козу, и плясать, и бить в барабан, а сам стал кричать на медведя таким голосом, каким он кричал, когда показывал его. Медведь вдруг остановился в кустах, прислушался к голосу хозяина, поднялся на задние лапы и стал кружиться. Мужик еще ближе подошел к нему и всё кричал. А племянник всё плясал и бил в барабан. Когда мужик уже близко подошел к медведю, он вдруг бросился к нему и схватил его за цепь. Тогда медведь зарычал и бросился бежать, но мужик уже не пустил его и опять стал водить его и показывать.&gt;
  </p>
 </text>
</TEI>