<?xml version="1.0" encoding="utf-8"?>
<TEI xmlns="http://www.tei-c.org/ns/1.0" xmlns:xi="http://www.w3.org/2001/XInclude">
 <teiHeader>
  <fileDesc>
   <titleStmt>
    <title>
     Произведения, написанные для «Азбуки» и не включенные в нее
    </title>
    <author>
     Толстой Л.Н.
    </author>
    <respStmt>
     <resp>
      подготовка TEI/XML
     </resp>
     <name>
      Мария Картышева, Евгений Можаев, Даниил Скоринкин, Елена Сидорова, Вероника Файнберг, Кирилл Милинцевич
     </name>
    </respStmt>
    <respStmt>
     <name>
      Анастасия Бонч-Осмоловская, Фёкла Толстая, Борис Орехов
     </name>
     <resp>
      Идея, постановка задач, руководство
     </resp>
    </respStmt>
   </titleStmt>
   <publicationStmt>
    <idno>
     Азбука  | Произведения, написанные для «Азбуки» и не включенные в нее
    </idno>
    <publisher>
     <orgName>
      Школа лингвистики НИУ ВШЭ
     </orgName>
    </publisher>
    <availability>
     <p>
      Тексты и метатекстовая разметка доступны для свободного использования и распространения по лицензии Creative Commons Attribution Share-Alike (cc by-sa)
     </p>
    </availability>
   </publicationStmt>
   <sourceDesc>
    <biblStruct>
     <analytic>
      <author>
       Толстой Л.Н.
      </author>
      <title level="a">
       Произведения, написанные для «Азбуки» и не включенные в нее
      </title>
     </analytic>
     <monogr>
      <title level="m">
       Полное собрание сочинений. Том 21
      </title>
      <imprint>
       <pubPlace>
        Москва
       </pubPlace>
       <publisher>
        Государственное издательство "Художественная литература"
       </publisher>
       <date when="1871-1872"/>
      </imprint>
     </monogr>
     <series>
      <title level="s">
       Л.Н. Толстой. Полное собрание сочинений
      </title>
      <biblScope unit="vol">
       21
      </biblScope>
     </series>
    </biblStruct>
   </sourceDesc>
  </fileDesc>
  <encodingDesc>
   <classDecl>
    <xi:include href="taxonomy.xml"/>
   </classDecl>
  </encodingDesc>
  <profileDesc>
   <creation>
    <date notAfter="1872" notBefore="1871">
     1871-1872
    </date>
    <rs/>
   </creation>
   <textClass>
    <catRef target="#fiction" type="sphere"/>
    <catRef target="#произведения для детей" type="type"/>
    <catRef target="#works" type="works_letters_diaries"/>
    <catRef target="#сборник" type="ninetyDef"/>
    <catRef target="#Неопубликованное, неотделанное, неоконченное" type="main_var"/>
    <catRef target="#сборник" type="type_short"/>
    <catRef target="None" type="translation"/>
    <catRef target="None" type="translation_origin"/>
    <catRef target="#да" type="tolstoy_or_not"/>
    <catRef target="None" type="name_status"/>
   </textClass>
   <preparedness>
    finished
   </preparedness>
   <settingDesc>
    <time>
     XIX век
    </time>
   </settingDesc>
  </profileDesc>
  <xenoData>
   <cyclusName/>
   <p>
    Проект
    <title>
     Толстой.Digital
    </title>
    разрабатывается сотрудниками и студентами
    <orgName>
     Высшей школы экономики
    </orgName>
    в сотрудничестве с
    <orgName>
     Государственным музеем Л.Н. Толстого
    </orgName>
    . Источник текстов –
    <bibl>
     90-томное собрание сочинений Л.Н.Толстого
    </bibl>
    . Разметка основана на стандарте
    <ref target="http://www.tei-c.org">
     TEI (Text Encoding Initiative)
    </ref>
    .
   </p>
   <versionNumber/>
   <isFinished/>
   <isEdited/>
   <fullBibliographicDescription/>
  </xenoData>
 </teiHeader>
 <p rend="left emptyline">
  <pb n="296"/>
 </p>
 <div type="section" xml:id="h000014028">
  <head rend="center">
   КОРОВА И КОЗЕЛ
  </head>
  <p rend="center" uuid="6c45310a-70b3-40c9-9e60-bf4d119b4410">
   <hi rend="italic">
    (Сказка)
   </hi>
  </p>
  <p rend="left" uuid="1ab956bc-3585-4a08-83f9-b745b3810853">
   У старухи были корова и козел. Корова и козел вместе ходили в стадо. Корова всё ворочалась, когда ее доили. Старуха вынесла хлеба с солью, дала корове и приговаривала: «Да стой же, матушка; на, на; еще вынесу, только стой смирно».
  </p>
  <p rend="left" uuid="710e1784-3847-456e-abf3-0e4f04532a5f">
   На другой вечер козел вперед коровы вернулся с поля, расставил ноги и стал перед старухой. Старуха замахнулась да него полотенцем, но козел стоял, не шевелился. Он помнил,
   <pb n="297"/>
   что старуха обещала хлеба корове, чтобы стояла смирно. Старуха видит, что козел не пронимается, взяла палку и прибила его.
  </p>
  <p rend="left" uuid="9da6d78d-7ebc-46e2-95a7-f5ac9f3d76a6">
   Когда козел отошел, старуха опять стала кормить корову хлебом и уговаривать ее.
  </p>
  <p rend="left" uuid="1de3552a-9bd4-46e4-97a5-cb21b8fe7290">
   «Нет в людях правды! — подумал козел. — Я смирнее ее стоял, а меня прибили».
  </p>
  <p rend="left" uuid="89146b91-df4a-411a-8232-4bcdb9468045">
   Он отошел к сторонке, разбежался, ударил в подойник, разлил молоко и зашиб старуху.
  </p>
 </div>
</TEI>