<?xml version="1.0" encoding="utf-8"?>
<TEI xmlns="http://www.tei-c.org/ns/1.0" xmlns:xi="http://www.w3.org/2001/XInclude">
 <teiHeader>
  <fileDesc>
   <titleStmt>
    <title>
     Произведения, написанные для «Азбуки» и не включенные в нее
    </title>
    <author>
     Толстой Л.Н.
    </author>
    <respStmt>
     <resp>
      подготовка TEI/XML
     </resp>
     <name>
      Мария Картышева, Евгений Можаев, Даниил Скоринкин, Елена Сидорова, Вероника Файнберг, Кирилл Милинцевич
     </name>
    </respStmt>
    <respStmt>
     <name>
      Анастасия Бонч-Осмоловская, Фёкла Толстая, Борис Орехов
     </name>
     <resp>
      Идея, постановка задач, руководство
     </resp>
    </respStmt>
   </titleStmt>
   <publicationStmt>
    <idno>
     Азбука  | Произведения, написанные для «Азбуки» и не включенные в нее
    </idno>
    <publisher>
     <orgName>
      Школа лингвистики НИУ ВШЭ
     </orgName>
    </publisher>
    <availability>
     <p>
      Тексты и метатекстовая разметка доступны для свободного использования и распространения по лицензии Creative Commons Attribution Share-Alike (cc by-sa)
     </p>
    </availability>
   </publicationStmt>
   <sourceDesc>
    <biblStruct>
     <analytic>
      <author>
       Толстой Л.Н.
      </author>
      <title level="a">
       Произведения, написанные для «Азбуки» и не включенные в нее
      </title>
     </analytic>
     <monogr>
      <title level="m">
       Полное собрание сочинений. Том 21
      </title>
      <imprint>
       <pubPlace>
        Москва
       </pubPlace>
       <publisher>
        Государственное издательство "Художественная литература"
       </publisher>
       <date when="1871-1872"/>
      </imprint>
     </monogr>
     <series>
      <title level="s">
       Л.Н. Толстой. Полное собрание сочинений
      </title>
      <biblScope unit="vol">
       21
      </biblScope>
     </series>
    </biblStruct>
   </sourceDesc>
  </fileDesc>
  <encodingDesc>
   <classDecl>
    <xi:include href="taxonomy.xml"/>
   </classDecl>
  </encodingDesc>
  <profileDesc>
   <creation>
    <date notAfter="1872" notBefore="1871">
     1871-1872
    </date>
    <rs/>
   </creation>
   <textClass>
    <catRef target="#fiction" type="sphere"/>
    <catRef target="#произведения для детей" type="type"/>
    <catRef target="#works" type="works_letters_diaries"/>
    <catRef target="#сборник" type="ninetyDef"/>
    <catRef target="#Неопубликованное, неотделанное, неоконченное" type="main_var"/>
    <catRef target="#сборник" type="type_short"/>
    <catRef target="None" type="translation"/>
    <catRef target="None" type="translation_origin"/>
    <catRef target="#да" type="tolstoy_or_not"/>
    <catRef target="None" type="name_status"/>
   </textClass>
   <preparedness>
    finished
   </preparedness>
   <settingDesc>
    <time>
     XIX век
    </time>
   </settingDesc>
  </profileDesc>
  <xenoData>
   <cyclusName/>
   <p>
    Проект
    <title>
     Толстой.Digital
    </title>
    разрабатывается сотрудниками и студентами
    <orgName>
     Высшей школы экономики
    </orgName>
    в сотрудничестве с
    <orgName>
     Государственным музеем Л.Н. Толстого
    </orgName>
    . Источник текстов –
    <bibl>
     90-томное собрание сочинений Л.Н.Толстого
    </bibl>
    . Разметка основана на стандарте
    <ref target="http://www.tei-c.org">
     TEI (Text Encoding Initiative)
    </ref>
    .
   </p>
   <versionNumber/>
   <isFinished/>
   <isEdited/>
   <fullBibliographicDescription/>
  </xenoData>
 </teiHeader>
 <p rend="left emptyline">
  <pb n="326"/>
 </p>
 <div type="section" xml:id="h000014036">
  <head rend="center">
   МИКУЛУШКА СЕЛЯНИНОВИЧ
  </head>
  <p id="2578cd06-75d4-4aca-8096-b31d5f2ef885" rend="center">
   <hi rend="italic">
    (Стихи-сказка)
   </hi>
  </p>
  <div type="poem">
   <div type="stanza">
    <p id="d0037da2-9b92-4254-8aca-da485af36e64" rend="v">
     Выезжал ли Вольга-свет с дружиною
    </p>
    <p id="8108accd-25e5-4014-a361-3c730ecf96f2" rend="v">
     По селам, городам за получкою
    </p>
    <p id="d3f5a9a8-5ea8-400e-9fec-ae72f9004314" rend="v">
     С мужиков выбирать дани-выходы;
    </p>
    <p id="8420bfae-e138-4fbd-b703-12b95be276fa" rend="v">
     Выезжал ли сударь во чисто-поле, —
    </p>
    <p id="118f9967-23ce-4c6a-8dbe-fb05fa8bddc9" rend="v">
     Услыхал во чистом поле пахаря:
    </p>
    <p id="3f9cca57-63ab-4c88-b0d9-07be30ae2c99" rend="v">
     Слышно — пашет мужик да посвистыва(е)т,
    </p>
    <p id="c8864bf8-80c9-4fca-ae97-e4c3ebae5794" rend="v">
     С далека, слышно, сошка поскрипыва(е)т,
    </p>
    <p id="2759ffa1-caf3-46db-9714-91de0196ae08" rend="v">
     Сошники по камням, слышно, черкают, —
    </p>
    <p id="9a7f5116-9869-4ec3-9732-830979a4af47" rend="v">
     А не видно нигде в поле пахаря.
    </p>
    <p id="dacc0b73-d229-4731-9a8d-2ce6d81d9fbf" rend="v">
     И поехал Вольга к тому пахарю —
    </p>
    <p id="2865f42a-6ca8-419b-ae87-034d0f607df0" rend="v">
     Целый день ехал с утра до вечера,
    </p>
    <p id="10921238-c329-4460-81f5-daebeb9229b2" rend="v">
     А наехать не мог Вольга пахаря.
    </p>
    <p id="f99c96b6-c972-4431-941b-d0ce31c76b31" rend="v">
     День другой ехал с утра до вечера,
    </p>
    <p id="c2c6db4d-f1b7-4cc7-b211-a3d3c6b715d7" rend="v">
     А наехать не мог Вольга пахаря.
    </p>
    <p id="f8403a97-4c38-461a-8009-fec2f0138ed4" rend="v">
     Слышно пашет мужик, да посвистыва(е)т
    </p>
    <p id="4be739a9-8196-4fa6-92b3-ecae735ad311" rend="v">
     Сдалека, слышно, сошка поскрипыва(е)т,
    </p>
    <p id="f053bd76-cbee-46a5-8201-6de59b64257e" rend="v">
     Сошнички по камням, слышно, черкают, —
    </p>
    <p id="b95a2f1e-1d96-4f55-8fad-5dee31630da6" rend="v">
     А не видно нигде в поле пахаря.
    </p>
    <p id="3132c4bf-49fa-412b-8e5d-5cd8e1d76972" rend="v">
     Третий день Вольга ехал до пабедья —
    </p>
    <p id="409e8ec5-4ca6-46f9-804a-be978685971e" rend="v">
     Наезжает Вольга в поле пахаря:
    </p>
    <p id="f816307c-1891-4968-94a3-36184562ab00" rend="v">
     В поле пашет мужик, да понукива(е)т,
    </p>
    <p id="23ab8fc0-bb90-4021-9593-31d264bb51d7" rend="v">
     С края в край он бороздку отвалива(е)т,
    </p>
    <p id="7aaf31e1-0298-4aab-8945-f82eeea71b11" rend="v">
     Камни, корни сохой выворачива(е)т:
    </p>
    <p id="d867fe2e-64c3-4ffa-a3eb-8214db351faf" rend="v">
     Как заедет мужик-от в один конец —
    </p>
    <p id="984d9882-7aa3-4d04-862a-4049f62f450d" rend="v">
     Со другого конца и не виднушко.
    </p>
    <p id="7b397fbb-07bb-46a5-b1d0-1646247f59ed" rend="v">
     А у пахаря сошка кленовенька,
    </p>
    <p id="f68148c3-673e-43c0-abab-e4cf17088c94" rend="v">
     Сошники во той сошке булатные,
    </p>
    <p id="d544575f-5012-4d4c-831a-0d471a535719" rend="v">
     Захлеснуты гужочки шелковинки,
    </p>
    <p id="45d8ca0f-b7f6-4858-8067-1e4f2988cfc5" rend="v">
     А кобылка во сошке соловенька.
    </p>
    <p id="878f8341-7c4b-47ed-b177-738b219958b1" rend="v">
     Взговорит ли Вольга тому пахарю:
    </p>
    <p id="41888f38-bf64-4b68-b43e-e00d90eeff78" rend="v">
     «Гой мужик-пахарек! Божья помощь те, —
    </p>
   </div>
  </div>
  <p id="46cc026c-78c2-4c60-b72c-09a767d4f09a" rend="left poembtw">
   <pb n="327"/>
  </p>
  <div type="poem">
   <div type="stanza">
    <p id="17df9448-b63e-452d-84b7-8fe747dd5873" rend="v">
     «Божья помощь пахать да крестьянствовать,
    </p>
    <p id="1b43d9a8-f6ca-4e19-bdfe-dd54d154c835" rend="v">
     «Широку борозду отворачивать,
    </p>
    <p id="f44698d5-ace1-45b8-b561-697aa408e27e" rend="v">
     «Да коренья, каменья вывертывать!»
    </p>
    <p id="fe2924db-b048-4d53-9480-f7f80e12834d" rend="v">
     Говорит ли мужик таковы слова:
    </p>
    <p id="bac10798-b1dd-4307-a87b-53fa35014aa4" rend="v">
     «А спасибо, Вольга, — благодарствуем, —
    </p>
    <p id="84f2ef67-f273-40b7-bebd-d21405c19350" rend="v">
     «Божья помощь, поди-ка, нам надобна.
    </p>
    <p id="56c6b8c5-511d-4456-884b-6025b5fd40e8" rend="v">
     «Божья помощь — пахать да крестьянствовать.
    </p>
    <p id="81ac7222-d2b5-4923-9da5-8e7ced373e3d" rend="v">
     «Сам далеко ль едешь, со дружинушкой?
    </p>
    <p id="aca0bc3f-ad8a-40a9-a0f1-049ef360b6bf" rend="v">
     «Далеко ль бог несет, — куда путь держишь?»
    </p>
    <p id="dc82de97-ef8b-40cf-a705-ea2c10eb0ad0" rend="v">
     Взговорит ли Вольга таковы слова:
    </p>
    <p id="ddb0a21a-4e81-49c2-86a6-94e55adac0fc" rend="v">
     «А я еду, мужик, со дружинушкой
    </p>
    <p id="59228c13-2e18-4b28-bb52-76a9767a66cb" rend="v">
     «По селам-городам за получкою —
    </p>
    <p id="98cbec09-6a91-4471-ae0b-efe4a469486b" rend="v">
     «Выбирать с мужиков дани-выходы.
    </p>
    <p id="b9d35a9e-f962-451f-8c42-2ab692004b2c" rend="v">
     «Ай, пойдем со мной во товарищах!»
    </p>
    <p id="dabb01c0-951c-4f47-b05f-24da1762171f" rend="v">
     Взял мужик, воткнул сошку в бороздочку,
    </p>
    <p id="86d33bce-7f7d-40ee-bc2e-491628ac03fb" rend="v">
     Он гужочки шелковы взял выстегнул,
    </p>
    <p id="a6e8970e-609d-4b61-b3e0-f70e549d9cf3" rend="v">
     Взял из сошки кобылку да вывернул,
    </p>
    <p id="8d609a80-ad3b-4366-bb72-506426a070e5" rend="v">
     На кобылку ввалился, сел охлепью —
    </p>
    <p id="dd343b1f-e9b1-4faa-9d03-caeb26354f52" rend="v">
     Со Вольгою поехал в товарищах.
    </p>
    <p id="4991049e-4235-4b9b-8948-b6e11cc546a8" rend="v">
     Говорит ли мужик таковы слова:
    </p>
    <p id="a6259a01-f794-4319-96df-adf7a3ee3a62" rend="v">
     «А не ладно, Вольга, я в бороздочке
    </p>
    <p id="7e0b8e5c-9409-4135-8e71-06c3dd458f41" rend="v">
     «Свою сошку оставил не убранную,
    </p>
    <p id="994efb82-40c9-4cf4-bfc9-4a9d8b86123f" rend="v">
     «Как бы сошка с земельки повыдернуть,
    </p>
    <p id="aea03076-e340-4cec-9a43-589673c25c81" rend="v">
     «С сошничков как бы землю повытряхнуть,
    </p>
    <p id="f51f52de-656e-490f-83e7-1b754666a182" rend="v">
     «А и бросить сошка за ракитов куст»...
    </p>
    <p id="2c02b5e9-aa48-4dff-bf2f-939e0c8642c0" rend="v">
     Посылал тут Вольга десять молодцов:
    </p>
    <p id="861c3ce9-2af3-455b-9d8e-ab06c922f0d8" rend="v">
     Велит сошку с земельки повыдернуть,
    </p>
    <p id="c59e518c-c88c-44fb-8c5f-4e9342dd1525" rend="v">
     С сошничков велит землю повытряхнуть,
    </p>
    <p id="3dbb437b-6837-4876-b622-ba887de7712a" rend="v">
     А и бросить сошка за ракитов куст.
    </p>
    <p id="e27b7ce2-e9b7-4875-9f94-5961c6de757d" rend="v">
     Подъезжали ко сошке те молодцы,
    </p>
    <p id="b534d8b8-13c7-4d10-b4f3-9e8df2400217" rend="v">
     Соскочили в борозду с добрых коней,
    </p>
    <p id="ad0f22fb-ef7e-4128-93cf-c2cbb692f9bf" rend="v">
     Разом брались за сошку кленовеньку.
    </p>
    <p id="65704a77-f863-4564-ba64-5309076a8558" rend="v">
     От земли этой сошки поднять нельзя.
    </p>
    <p id="bd10adb6-5cd2-45ae-b3e0-9c975396faf6" rend="v">
     Они сошку за обжи вокруг вертят,
    </p>
    <p id="8856d256-27e0-4604-8321-c415189ca7e5" rend="v">
     А не могут с земли сошку выдернуть,
    </p>
    <p id="c8779804-b920-4ede-a7c2-c7943427c7ee" rend="v">
     Не могут с сошников землю вытряхнуть, —
    </p>
    <p id="e66a775e-0919-4124-b0a0-738b9c4a29ff" rend="v">
     А и бросить сошка за ракитов куст.
    </p>
    <p id="49656a3b-e74b-4a48-89c0-6c1053b1a6bf" rend="v">
     А и шлет ли Вольга всю дружинушку:
    </p>
    <p id="07666111-21c0-4b0c-9e59-e0bfdc9507d2" rend="v">
     Велит сошку с земельки повыдернуть,
    </p>
    <p id="994ec5e3-78f3-4ad6-bb29-cbd810cfb1b7" rend="v">
     С сошничков велит земельку повытряхнуть,
    </p>
   </div>
  </div>
  <p id="afc4406d-7169-4ed2-b20c-5a6f4195c4a3" rend="left poembtw">
   <pb n="328"/>
  </p>
  <div type="poem">
   <div type="stanza">
    <p id="7e896da7-ecbe-48dc-9bf4-f1624c7b91c0" rend="v">
     А и бросить сошка за ракитов куст.
    </p>
    <p id="42565b5f-61d6-429c-b85d-4cb398569f41" rend="v">
     Вот за сошку бралась вся дружинушка,
    </p>
    <p id="1cd18b31-a51d-40dd-8b23-92ec28227478" rend="v">
     Разом бралась за сошку кленовую: —
    </p>
    <p id="e4475582-c2ae-4670-b275-edb0d03519f4" rend="v">
     Только сошку за обжи вокруг вертят,
    </p>
    <p id="59999cdd-da96-4451-92ef-7d4d71b383a8" rend="v">
     А не могут с земли сошку выдернуть,
    </p>
    <p id="269c585d-ebd4-43e4-b373-c42fea2a47b8" rend="v">
     Не могут с сошничков землю вытряхнуть,
    </p>
    <p id="1818affc-0a6f-4c23-bd91-a966e131d753" rend="v">
     А и бросить сошка за ракитов куст.
    </p>
    <p id="f19fcac2-e577-4c79-9be4-9d20ae231643" rend="v">
     Подъезжал тут мужик деревенщина:
    </p>
    <p id="d626bade-961d-4265-90f6-87fb805228cf" rend="v">
     Он слезал со кобылки соловенькой,
    </p>
    <p id="181ef72f-aa88-4ee5-b0c7-6e297b87204e" rend="v">
     Подходил к своей сошке кленовенькой,
    </p>
    <p id="404bfbcf-9bd9-4b4e-bab4-102250e1a14c" rend="v">
     Брался ручкой одной да попёхивал,
    </p>
    <p id="431d79e8-b224-4a13-8461-d687f4659bb2" rend="v">
     Из земельки он сошку выдергивал,
    </p>
    <p id="2dea3dea-cc33-42a7-a963-b7d7ad9c4d0f" rend="v">
     С сошничков он земельку вытрёхивал,
    </p>
    <p id="b6ac28f6-cc38-4e1d-bb65-c1cae5a48487" rend="v">
     Он палицей комлыжки соскребывал,
    </p>
    <p id="3b70dc52-007f-4103-bc9e-01a8b02c1413" rend="v">
     А и бросил сошка за ракитов куст.
    </p>
    <p id="91c11839-bc96-4140-bdc3-2f8ad30b7992" rend="v">
     На добрых коней сели, — поехали.
    </p>
    <p id="76fba5e1-7748-4515-a197-50a24b130bd2" rend="v">
     Выезжают они на дороженьку —
    </p>
    <p id="48d94dc2-b233-478c-b7ca-5f558cd537aa" rend="v">
     Мужикова кобылка ходой идет,
    </p>
    <p id="47b98863-dfef-4329-a309-7b9135d83f45" rend="v">
     А Вольгин-от конь уж поскакивает;
    </p>
    <p id="c106a3ec-869a-4d9d-a65d-8a281f62e232" rend="v">
     Мужикова кобылка рысцою пошла,
    </p>
    <p id="6bef6afe-5891-414d-b5eb-5042b28c9c1d" rend="v">
     А Вольгин-от уж конь оставаться стал.
    </p>
    <p id="ab107dea-1dc6-4e0a-80f5-8cca49fbe33e" rend="v">
     Передом мужик едет, не тряхнется, —
    </p>
    <p id="a065e4bb-5984-4c38-a308-7fba4b01988b" rend="v">
     Во всю прыть Вольга едет сугоною.
    </p>
    <p id="b549dd85-8812-4be5-83b2-7cab8a65c1de" rend="v">
     Мужику тут Вольга стал покрикивать,
    </p>
    <p id="07a85f8c-b286-4f03-a92c-7a987425358b" rend="v">
     Мужику колпаком стал помахивать:
    </p>
    <p id="04de13f5-308b-40a6-9a95-ff69290fb56d" rend="v">
     «Ты, мужик-пахарек, ты постой, пожди,
    </p>
    <p id="e8bd856f-4e6d-40c2-adf2-041beb79eb19" rend="v">
     «За тобою, мужик, не угонишься».
    </p>
    <p id="ee438905-828a-43c0-86ef-453df3f3713f" rend="v">
     На Вольгу тут мужик приоглянулся,
    </p>
    <p id="c5fa8eb8-72b9-4f9f-bf3d-e0294b4b2e17" rend="v">
     Стал кобылку свою окорачивать, —
    </p>
    <p id="6202f550-c287-469d-a2f8-5828c237e07f" rend="v">
     И поехали шагом дорожкою.
    </p>
    <p id="4702b705-5ed7-4981-b1ec-05e53d66b2cf" rend="v">
     Взговорит ли Вольга таковы слова:
    </p>
    <p id="d650ee83-bc82-4eb0-8276-ba562346a819" rend="v">
     «У тебя ли, мужик, лошадь добрая —
    </p>
    <p id="2ad1e4c0-a3a6-498c-9e32-9f4462b4e85c" rend="v">
     «Кабы лошадь твоя да коньком была, —
    </p>
    <p id="9d842f90-2c78-4059-98a8-637dfdd342af" rend="v">
     «За лошадку цена бы пятьсот рублей».
    </p>
    <p id="0bbb3e01-a2c9-404b-acf0-7dcf8c8f804b" rend="v">
     Говорит ли мужик таковы слова:
    </p>
    <p id="5bea7c6c-1218-4bce-a6e4-eae7eff60577" rend="v">
     «А и глуп ты, Вольга, глупо сказываешь
    </p>
    <p id="ceae957b-0219-4fa2-9da2-a964925bc337" rend="v">
     «Я кобылочку взял из-под матери.
    </p>
    <p id="3ddd2e17-adb1-47f9-a654-a1dbf0b521f4" rend="v">
     «За сосунчика дал я пятьсот рублей;
    </p>
    <p id="379a943a-c36e-4e2a-8804-9b23af45a68e" rend="v">
     «А коньком бы была — ей и сметы нет».
    </p>
    <p id="7968ef64-1dc7-48fa-b543-aef8246a1ab1" rend="v">
     Взговорит ли Вольга таковы слова:
    </p>
   </div>
  </div>
  <p id="110fa194-f1ae-4afd-8180-347e9c3ae5aa" rend="left poembtw">
   <pb n="329"/>
  </p>
  <div type="poem">
   <div type="stanza">
    <p id="3e06d782-a622-4710-a119-c9c587e1e265" rend="v">
     «А и как тя, мужик, звать по имени —
    </p>
    <p id="f0763cb9-9de9-48df-a282-a25d3367dbf0" rend="v">
     «Величать тебя как по изотчеству!»
    </p>
    <p id="0be88799-d125-4224-88b5-ee88c3aa3502" rend="v">
     Говорит ли мужик таковы слова:
    </p>
    <p id="9d3001b3-e399-438e-9f48-6f2e6987d1e2" rend="v">
     «А я ржи напашу, во скирды сложу,
    </p>
    <p id="5d08d539-4b8a-4ded-8ab8-9b5e54f35a3d" rend="v">
     «Домой выволоку, дома вымолочу.
    </p>
    <p id="08b009c5-9502-4d2c-8d8b-a3d96fc1ed56" rend="v">
     «Да и пива сварю, мужиков созову,
    </p>
    <p id="0fac2eb4-0c4e-4fca-ba58-0ce98e5a0614" rend="v">
     «И почнут мужики тут покрикивать:
    </p>
    <p id="3385df92-29a8-4b08-92b1-116bc9e00fc8" rend="v">
     «Гой, Микула-свет, ты Микулушка,
    </p>
    <p id="b476ef29-a6e1-4d95-b879-9aeafccd3c43" rend="v">
     «Свет Микулушка да Селянинович!»
    </p>
   </div>
  </div>
 </div>
</TEI>