<?xml version="1.0" encoding="utf-8"?>
<TEI xmlns="http://www.tei-c.org/ns/1.0" xmlns:xi="http://www.w3.org/2001/XInclude">
 <teiHeader>
  <fileDesc>
   <titleStmt>
    <title>
     Произведения, написанные для «Азбуки» и не включенные в нее
    </title>
    <author>
     Толстой Л.Н.
    </author>
    <respStmt>
     <resp>
      подготовка TEI/XML
     </resp>
     <name>
      Мария Картышева, Евгений Можаев, Даниил Скоринкин, Елена Сидорова, Вероника Файнберг, Кирилл Милинцевич
     </name>
    </respStmt>
    <respStmt>
     <name>
      Анастасия Бонч-Осмоловская, Фёкла Толстая, Борис Орехов
     </name>
     <resp>
      Идея, постановка задач, руководство
     </resp>
    </respStmt>
   </titleStmt>
   <publicationStmt>
    <idno>
     Азбука  | Произведения, написанные для «Азбуки» и не включенные в нее
    </idno>
    <publisher>
     <orgName>
      Школа лингвистики НИУ ВШЭ
     </orgName>
    </publisher>
    <availability>
     <p>
      Тексты и метатекстовая разметка доступны для свободного использования и распространения по лицензии Creative Commons Attribution Share-Alike (cc by-sa)
     </p>
    </availability>
   </publicationStmt>
   <sourceDesc>
    <biblStruct>
     <analytic>
      <author>
       Толстой Л.Н.
      </author>
      <title level="a">
       Произведения, написанные для «Азбуки» и не включенные в нее
      </title>
     </analytic>
     <monogr>
      <title level="m">
       Полное собрание сочинений. Том 21
      </title>
      <imprint>
       <pubPlace>
        Москва
       </pubPlace>
       <publisher>
        Государственное издательство "Художественная литература"
       </publisher>
       <date when="1871-1872"/>
      </imprint>
     </monogr>
     <series>
      <title level="s">
       Л.Н. Толстой. Полное собрание сочинений
      </title>
      <biblScope unit="vol">
       21
      </biblScope>
     </series>
    </biblStruct>
   </sourceDesc>
  </fileDesc>
  <encodingDesc>
   <classDecl>
    <xi:include href="taxonomy.xml"/>
   </classDecl>
  </encodingDesc>
  <profileDesc>
   <creation>
    <date notAfter="1872" notBefore="1871">
     1871-1872
    </date>
    <rs/>
   </creation>
   <textClass>
    <catRef target="#fiction" type="sphere"/>
    <catRef target="#произведения для детей" type="type"/>
    <catRef target="#works" type="works_letters_diaries"/>
    <catRef target="#сборник" type="ninetyDef"/>
    <catRef target="#Неопубликованное, неотделанное, неоконченное" type="main_var"/>
    <catRef target="#сборник" type="type_short"/>
    <catRef target="None" type="translation"/>
    <catRef target="None" type="translation_origin"/>
    <catRef target="#да" type="tolstoy_or_not"/>
    <catRef target="None" type="name_status"/>
   </textClass>
   <preparedness>
    finished
   </preparedness>
   <settingDesc>
    <time>
     XIX век
    </time>
   </settingDesc>
  </profileDesc>
  <xenoData>
   <cyclusName/>
   <p>
    Проект
    <title>
     Толстой.Digital
    </title>
    разрабатывается сотрудниками и студентами
    <orgName>
     Высшей школы экономики
    </orgName>
    в сотрудничестве с
    <orgName>
     Государственным музеем Л.Н. Толстого
    </orgName>
    . Источник текстов –
    <bibl>
     90-томное собрание сочинений Л.Н.Толстого
    </bibl>
    . Разметка основана на стандарте
    <ref target="http://www.tei-c.org">
     TEI (Text Encoding Initiative)
    </ref>
    .
   </p>
   <versionNumber/>
   <isFinished/>
   <isEdited/>
   <fullBibliographicDescription/>
  </xenoData>
 </teiHeader>
 <p rend="left emptyline">
  <pb n="187"/>
 </p>
 <div type="section" xml:id="h000012063">
  <head rend="center">
   ОТЧЕГО ПОТЕЮТ ОКНА И БЫВАЕТ РОСА?
  </head>
  <p id="fa932cf3-f9b2-43f1-abc6-43e7d3677f28" rend="center">
   <hi rend="italic">
    (Рассуждение)
   </hi>
  </p>
  <p id="7bf46371-8652-454c-8876-0fbf11b8a527" rend="left">
   Когда сохнет вода, что делается с этой водой?
  </p>
  <p id="336cc08d-57b4-4ec0-8b2b-d73bcf023456" rend="left">
   От тепла все вещи раздаются. Вода от тепла раздается и вся разойдется на такие маленькие частички, что их глазом не видать, и уйдет в воздух. Частички эти, пары, носятся в воздухе, и их не видно, покуда воздух тепел. Но остуди воздух, и сейчас пар остынет и станет виден.
  </p>
  <p id="4c339d0d-d246-42a5-b6bb-6cdfb819b1a1" rend="left">
   Если натопить жарко баню и налить воду на кирпичи, вода вся уйдет паром, и будет сухо. Поддай еще — вода опять разойдется. Если баня горяча, летучей воды разойдется в воздухе ушат. Ушат воды будет стоять в горячем воздухе бани, и его не будет видно. Воздух бани впитает в себя весь ушат. Но если станешь еще поддавать, то воздух уже напитается и не станет больше принимать воды, а лишняя вода потечет каплями. Один ушат будет держаться, а лишняя вода вытечет.
  </p>
  <p id="64c81fbb-cf2c-4fc8-8287-e2bd4e7abdde" rend="left">
   Если в ту же баню нетопленую принесешь горячие кирпичи и станешь лить на них воду, — выльешь шайку — она разойдется, и не будет видно, — воздух всосет ее в себя. Но если станешь лить другую шайку, вода потечет каплями. Лишняя вода стечет каплями, и холодный воздух только будет держать одну шайку. В той же бане воздух, когда был горяч, впитал ушат, а когда холоден, может впитать только шайку.
  </p>
  <p id="16a7d3dc-0457-484a-9606-98bf4c681a88" rend="left">
   Если подуть на стекло, на стекле сядут капли. И чем холоднее, тем больше сядет капель. Отчего это будет? Оттого, что дыхание человека теплее, чем стекло, и в дыхании много летучей воды. Как только это дыхание сядет на холодное стекло, из него выйдет вода.
  </p>
  <p id="7b7b358b-a720-400f-83af-e5ece197fa9f" rend="left">
   Губка держит в себе воду, и воды не видать, покуда губка не сожмется; но только что пожмешь ее, вода польется. Так же и воздух держит в себе воду, пока он горяч, а как он остынет, так вода польется.
  </p>
  <p id="dca539d6-47fd-4feb-9f98-32b020230386" rend="left">
   Если летом вынесешь из погреба холодный горшок, по нем сейчас сядут капли воды. Откуда взялась эта вода? Она тут
   <pb n="188"/>
   и была. Только пока тепло было, ее не видно было, а как ушло тепло из воздуха в холодный горшок, воздух вокруг горшка остыл, и капли сели. То же бывает и на окнах. В горнице тепло, и пары держатся в воздухе; но с надворья остынут окна, и снутри, подле окон, воздух охолодеет, и потекут капли.
  </p>
  <p id="da2e5f5b-dc1c-4754-bdb3-3e30dccedd07" rend="left">
   От этого же бывает роса. Как остынет земля ночью, над ней воздух остынет, и из холодного воздуха выходят пары каплями и садятся на землю.
  </p>
  <p id="0ca929e1-af22-4f16-97ee-838d1c072a70" rend="left">
   Иногда бывает, что и холодно на дворе, а в горнице тепло, — а не потеют окна; а иногда и теплее на дворе, а в горнице не так тепло, — а потеют окна.
  </p>
  <p id="7c5d56c5-ecdb-4030-9854-57031028ddae" rend="left">
   Тоже иногда ночь теплая, а большая роса; а то холодная ночь и нет росы.
  </p>
  <p id="5a2ecca8-a331-4b3c-9b09-4a2ba6d31004" rend="left">
   Отчего это бывает? Оттого, что бывает сухой и сырой воздух. Сухой воздух бывает тогда, когда он, не нагреваясь, может поднять еще много паров, а сырой тогда, когда он, не нагреваясь, не может больше поднять паров. Сухой воздух — это губка, не вся еще напитанная водой, а сырой воздух — губка, вся напитанная водой. Чуть похолодней воздух и чуть пожать губку, и потечет. В сыром воздухе всякая вещь, если она холоднее воздуха, намокнет, а в сухом всякая мокрая вещь высохнет. Пары выйдут из нее, и воздух впитает их в себя.
  </p>
 </div>
</TEI>