<?xml version="1.0" encoding="utf-8"?>
<TEI xmlns="http://www.tei-c.org/ns/1.0" xmlns:xi="http://www.w3.org/2001/XInclude">
 <teiHeader>
  <fileDesc>
   <titleStmt>
    <title>
     ИГРА В ВОЛКА
    </title>
    <author>
     Толстой Л.Н.
    </author>
    <respStmt>
     <resp>
      подготовка TEI/XML
     </resp>
     <name>
      Мария Картышева, Евгений Можаев, Даниил Скоринкин, Елена Сидорова, Вероника Файнберг, Кирилл Милинцевич
     </name>
    </respStmt>
    <respStmt>
     <resp>
      Идея, постановка задач, руководство
     </resp>
     <name>
      Анастасия Бонч-Осмоловская, Фёкла Толстая, Борис Орехов
     </name>
    </respStmt>
   </titleStmt>
   <publicationStmt>
    <idno>
     ИГРА В ВОЛКА
    </idno>
    <publisher>
     <orgName>
      Школа лингвистики НИУ ВШЭ
     </orgName>
    </publisher>
    <availability>
     <p>
      Тексты и метатекстовая разметка доступны для свободного использования и распространения по лицензии Creative Commons Attribution Share-Alike (cc by-sa)
     </p>
    </availability>
   </publicationStmt>
   <sourceDesc>
    <biblStruct>
     <analytic>
      <author>
       Толстой Л.Н.
      </author>
     </analytic>
     <monogr>
      <title level="m">
       Полное собрание сочинений. Том 21
      </title>
      <imprint>
       <pubPlace>
        Москва
       </pubPlace>
       <publisher>
        Государственное издательство "Художественная литература"
       </publisher>
      </imprint>
     </monogr>
     <series>
      <title level="s">
       Л.Н. Толстой. Полное собрание сочинений
      </title>
      <biblScope unit="vol">
       90
      </biblScope>
     </series>
    </biblStruct>
   </sourceDesc>
  </fileDesc>
  <encodingDesc>
   <classDecl>
    <xi:include href="taxonomy.xml"/>
   </classDecl>
  </encodingDesc>
  <profileDesc>
   <creation>
    <date/>
    <rs type="country">
     Россия
    </rs>
   </creation>
   <textClass/>
   <preparedness>
    not finished
   </preparedness>
  </profileDesc>
 </teiHeader>
 <p rend="left emptyline">
  <pb n="350"/>
 </p>
 <text>
  <head rend="center">
   * &lt;ИГРА В ВОЛКА.
   <note xi:id="note74">
    Первоначальное заглавие было: Игра в прятки с домом. Последние два слова Толстой зачеркнул и над ними надписал: волка, очевидно, по рассеянности не зачеркнув: прятки
   </note>
  </head>
  <p rend="left">
   Один будет волком и будет ловить, а другие будут овцы и будут прятаться. Чтобы узнать, кто будет волком, надо поканаться. Канаются вот как. Возьмут палку и снизу берется рукой один, другой, третий и сколько бы ни было. Потом, когда все взялись, сверху берется опять первый и опять второй, третий и сколько бы ни было. Тот, чья рука наверху, так что выше его нельзя взяться, тот и будет волком. А другие овцами. Волк должен выбрать угол и стать в него лицом к стене и не смотреть. Этот угол называется дом. Овцы все прячутся, где кто хочет. Когда все спрятались, одна овца кричит: готово! и тогда волк бежит отыскивать и ловить овец, а овцы стараются прибежать в дом волка так, чтобы волк на дороге не поймал их.
  </p>
  <p rend="left">
   Если одна овца прибежала в дом прежде, чем волк поймал овцу, то волк уже делается овцой, а овца делается волком. И сначала прячутся овцы, а волк становится в дом. А если волк поймал одну овцу прежде, чем другая овца прибежала в дом, то пойманная овца выходит из игры, и опять сначала прячутся, и волк уходит в дом. И до тех пор, пока не переловит всех овец. Когда волк тронул овцу, то считается, что он поймал. Играть эту игру можно на дворе, и в одной комнате, и в двух комнатах с открытой дверью.&gt;
  </p>
 </text>
</TEI>