<?xml version="1.0" encoding="utf-8"?>
<TEI xmlns="http://www.tei-c.org/ns/1.0" xmlns:xi="http://www.w3.org/2001/XInclude">
 <teiHeader>
  <fileDesc>
   <titleStmt>
    <title>
     МЕЛЬНИК
    </title>
    <author>
     Толстой Л.Н.
    </author>
    <respStmt>
     <resp>
      подготовка TEI/XML
     </resp>
     <name>
      Мария Картышева, Евгений Можаев, Даниил Скоринкин, Елена Сидорова, Вероника Файнберг, Кирилл Милинцевич
     </name>
    </respStmt>
    <respStmt>
     <resp>
      Идея, постановка задач, руководство
     </resp>
     <name>
      Анастасия Бонч-Осмоловская, Фёкла Толстая, Борис Орехов
     </name>
    </respStmt>
   </titleStmt>
   <publicationStmt>
    <idno>
     МЕЛЬНИК
    </idno>
    <publisher>
     <orgName>
      Школа лингвистики НИУ ВШЭ
     </orgName>
    </publisher>
    <availability>
     <p>
      Тексты и метатекстовая разметка доступны для свободного использования и распространения по лицензии Creative Commons Attribution Share-Alike (cc by-sa)
     </p>
    </availability>
   </publicationStmt>
   <sourceDesc>
    <biblStruct>
     <analytic>
      <author>
       Толстой Л.Н.
      </author>
     </analytic>
     <monogr>
      <title level="m">
       Полное собрание сочинений. Том 21
      </title>
      <imprint>
       <pubPlace>
        Москва
       </pubPlace>
       <publisher>
        Государственное издательство "Художественная литература"
       </publisher>
      </imprint>
     </monogr>
     <series>
      <title level="s">
       Л.Н. Толстой. Полное собрание сочинений
      </title>
      <biblScope unit="vol">
       90
      </biblScope>
     </series>
    </biblStruct>
   </sourceDesc>
  </fileDesc>
  <encodingDesc>
   <classDecl>
    <xi:include href="taxonomy.xml"/>
   </classDecl>
  </encodingDesc>
  <profileDesc>
   <creation>
    <date/>
    <rs type="country">
     Россия
    </rs>
   </creation>
   <textClass/>
   <preparedness>
    not finished
   </preparedness>
  </profileDesc>
 </teiHeader>
 <p rend="left emptyline">
  <pb n="347"/>
 </p>
 <text>
  <head rend="center">
   ** МЕЛЬНИК
  </head>
  <p rend="left">
   Был один мельник. У него ничего не было, кроме мельницы. Мельник был скуп, и какие деньги он получал с мельницы, он прятал. Но ему хотелось больше денег. Раз он услыхал, что сосед его нашел бочонок с деньгами в земле и что он видел об этом сон три ночи сряду. Мельнику стало завидно, что соседу его без труда достались деньги, а он всю жизнь работает и трудится и всё остается таким же бедным. С тех пор мельник только и думал о том, как бы ему найти клад, и каждую ночь, ложась спать, желал увидеть такой сон, как его сосед. Один раз он увидал во сне, что под мельницей зарыт огромный бочонок с золотом, а сверх бочонка лежит белый камень. Мельник обрадовался, встал рано утром и пошел с лопатой к тому месту, где он видел клад. Мельник стал копать, вдруг лопата его стукнулась об железо. Он стал искать и нашел сломанное кольцо. Он стал копать дальше и нашел еще черепицу. Он всё копал, и копал, и думал, что клад близко. Перед вечером мельник дорылся до белого камня. Но камень был так велик, что мельник не мог один поднять его. Мельник бросил лопату и побежал к жене, чтобы она помогла ему. Жена побежала с мужем к камню. Они вместе стали копать, и камень уже стал подниматься, как вдруг они услыхали, что мельница их
   <hi style="opdelimiter">
    падает.
   </hi>
   <hi style="opnumber">
    347
   </hi>
  </p>
  <p rend="left">
   <hi style="npnumber">
    348
   </hi>
   <pb n="348"/>
   <hi style="npdelimiter">
    И
   </hi>
   действительно, они выкопали подле мельницы такую глубокую яму, что мельница их завалилась.
  </p>
  <p rend="left">
   Клада они так и не нашли. Мельница их завалилась, так что им жить больше нечем было. И они ради были уже тому, что их самих не задавило до смерти.
  </p>
 </text>
</TEI>