<?xml version='1.0' encoding='UTF-8'?>
<TEI xmlns:xi="http://www.w3.org/2001/XInclude" xmlns="http://www.tei-c.org/ns/1.0">
  <teiHeader>
    <fileDesc>
      <titleStmt>
        <title>ЗВЕЗДЫ</title>
        <author>Толстой Л.Н.</author>
        <respStmt>
          <resp>подготовка TEI/XML</resp>
          <name>Мария Картышева, Евгений Можаев, Даниил Скоринкин, Елена Сидорова, Вероника Файнберг, Кирилл Милинцевич</name>
        </respStmt>
        <respStmt>
          <resp>Идея, постановка задач, руководство</resp>
          <name>Анастасия Бонч-Осмоловская, Фёкла Толстая, Борис Орехов</name>
        </respStmt>
      </titleStmt>
      <publicationStmt>
        <idno>ЗВЕЗДЫ</idno>
        <publisher>
          <orgName>Школа лингвистики НИУ ВШЭ</orgName>
        </publisher>
        <availability>
          <p>Тексты и метатекстовая разметка доступны для свободного использования и распространения по лицензии Creative Commons Attribution Share-Alike (cc by-sa)</p>
        </availability>
      </publicationStmt>
      <sourceDesc>
        <biblStruct>
          <analytic>
            <author>Толстой Л.Н.</author>
          </analytic>
          <monogr>
            <title level="m">Полное собрание сочинений. Том 21</title>
            <imprint>
              <pubPlace>Москва</pubPlace>
              <publisher> Государственное издательство "Художественная литература"</publisher>
            </imprint>
          </monogr>
          <series>
            <title level="s">Л.Н. Толстой. Полное собрание сочинений</title>
            <biblScope unit="vol">90</biblScope>
          </series>
        </biblStruct>
      </sourceDesc>
    </fileDesc>
    <encodingDesc>
      <classDecl>
        <xi:include href="taxonomy.xml"/>
      </classDecl>
    </encodingDesc>
    <profileDesc>
      <creation>
        <date/>
        <rs type="country">Россия</rs>
      </creation>
      <textClass/>
      <preparedness>not finished</preparedness>
    </profileDesc>
  </teiHeader>
  <p rend="left emptyline">
   <pb n="367"/>
  </p>
  <text>
    <head rend="center">* ЗВЕЗДЫ</head>
    <p rend="left">&lt;Прежде чем примечать за солнцем и месяцем, надо узнать звезды, как они всходят и заходят, и как они расставлены. Звезд всех очень много, если смотреть на них в <hi style="opdelimiter">увеличительные</hi><hi style="opnumber">367</hi> <hi style="npnumber">368</hi> <pb n="368"/><hi style="npdelimiter">трубы;</hi> но если смотреть на звезды простым глазом, то их совсем не так много, как кажется. Всех звезд с одного места видно не более 2000; а из этих 2000 больших звезд не больше 40, средних около 100, а остальные маленькие. Большие звезды приметны, и все их знают. Высожары. Медведица. Крест. Все звезды, и большие и маленькие, всходят с востока и заходят на западе. Иные в ночь и поднимутся и зайдут ночью, а иные стоят уже наверху на небе, когда смеркнется и станут видны звезды, но все-таки и эти идут с востока на запад, а иные только перед зарей начинают подниматься и идут на запад, но как солнце взойдет, они потухнут, и простым глазом не видать, как они заходят; но в зрительные трубы видны звезды и днем, и видно, как они все выходят с востока и заходят на запад. Если стать лицом на полдень, то одни звезды будут проходить над самой головой с востока на запад, другие впереди пониже и поменьше круги будут делать, другие еще пониже, другие еще пониже, и в самом конце к полдню будут звезды такие, которые только выйдут из-за земли с востока, сделают маленькую дугу и опять зайдут. Если повернуться назад и смотреть на север, то точно так же будут с востока на запад идти звезды, одни над головой, другие пониже, другие еще пониже и еще пониже, но не будет таких звезд, как на полдне, таких, которые только бы вышли из-за земли, сейчас бы и зашли. Здесь на севере будут, напротив, звезды такие, которые будут кружиться с востока на запад, но вовсе не будут заходить за землю, а будут кружиться над землею. На полудни звезды ходят ниже, а на севере выше. —</p>
    <p rend="left">Все звезды ходят всегда, как сцепившись. Если смерить, сколько от одной звезды до другой и от другой до третьей и до четвертой, то где бы эти звезды ни были над головой или над землею, всегда расстояние между ними будет одинаковое. Это видно на глаз в Кресте и в Большой Медведице.</p>
    <p rend="left">И астрономы меряют эти расстояния, и всегда выходит, что где ни были звезды, наверху или внизу, расстояние между ними всегда одно и то же. Так что небо с звездами вертится у нас над головами, как полог всё с одними и теми же узорами. И проходят все звезды над нами — и те, которые над головами, свои большие круги, и те, которые низко над землею ходят, свои маленькие круги — все в одно и то же время. Всё небо оборачивается над нами ровно в 24 часа. Если прямо над головами 24 часа тому назад была звезда Сириус, а над землей только что выходила Красная звезда, то ровно через 24 часа опять над головами будет Сириус, над землею будет Красная&gt; звезда, и опять пойдут те же самые звезды, какие были в прежние 24 часа. Когда долго и часто будешь смотреть на звезды, то так заучишь их, что как покажется одна знакомая звезда, то сейчас будешь знать, какая от этой будет вправо, влево, какая впереди, назади, и за этими какие другие пойдут звезды. Всё равно <hi style="opdelimiter">как</hi><hi style="opnumber">368</hi> <hi style="npnumber">369</hi> <pb n="369"/><hi style="npdelimiter">на</hi> знакомом ковре знаешь, какие будут узоры, когда развернешь один конец ковра. Так астрономы знают весь свод небесный со всеми звездами. Всё небо с звездами срисовывают на бумагу. А для того, чтобы понятнее было, из бумаги делают такие же шары, как всё небо, и эти шары разделяют полосами так, как дыня бывает разделена полосами. Полосы эти в середине широкие, а к концам сходятся на нет. Таких полос делают 360 и на каждой полосе назначают свои звезды. По этим рисункам легко отыскать каждую звезду.</p>
    <p rend="centerline">————</p>
  </text>
</TEI>
