<?xml version="1.0" encoding="utf-8"?>
<TEI xmlns="http://www.tei-c.org/ns/1.0" xmlns:xi="http://www.w3.org/2001/XInclude">
 <teiHeader>
  <fileDesc>
   <titleStmt>
    <title>
     НЬЮФАУНДЛЕНДСКИЕ СОБАКИ
    </title>
    <author>
     Толстой Л.Н.
    </author>
    <respStmt>
     <resp>
      подготовка TEI/XML
     </resp>
     <name>
      Мария Картышева, Евгений Можаев, Даниил Скоринкин, Елена Сидорова, Вероника Файнберг, Кирилл Милинцевич
     </name>
    </respStmt>
    <respStmt>
     <resp>
      Идея, постановка задач, руководство
     </resp>
     <name>
      Анастасия Бонч-Осмоловская, Фёкла Толстая, Борис Орехов
     </name>
    </respStmt>
   </titleStmt>
   <publicationStmt>
    <idno>
     НЬЮФАУНДЛЕНДСКИЕ СОБАКИ
    </idno>
    <publisher>
     <orgName>
      Школа лингвистики НИУ ВШЭ
     </orgName>
    </publisher>
    <availability>
     <p>
      Тексты и метатекстовая разметка доступны для свободного использования и распространения по лицензии Creative Commons Attribution Share-Alike (cc by-sa)
     </p>
    </availability>
   </publicationStmt>
   <sourceDesc>
    <biblStruct>
     <analytic>
      <author>
       Толстой Л.Н.
      </author>
     </analytic>
     <monogr>
      <title level="m">
       Полное собрание сочинений. Том 21
      </title>
      <imprint>
       <pubPlace>
        Москва
       </pubPlace>
       <publisher>
        Государственное издательство "Художественная литература"
       </publisher>
      </imprint>
     </monogr>
     <series>
      <title level="s">
       Л.Н. Толстой. Полное собрание сочинений
      </title>
      <biblScope unit="vol">
       90
      </biblScope>
     </series>
    </biblStruct>
   </sourceDesc>
  </fileDesc>
  <encodingDesc>
   <classDecl>
    <xi:include href="taxonomy.xml"/>
   </classDecl>
  </encodingDesc>
  <profileDesc>
   <creation>
    <date/>
    <rs type="country">
     Россия
    </rs>
   </creation>
   <textClass/>
   <preparedness>
    not finished
   </preparedness>
  </profileDesc>
 </teiHeader>
 <p rend="left emptyline">
  <pb n="361"/>
 </p>
 <text>
  <head rend="center">
   * &lt;НЬЮФАУНДЛЕНДСКИЕ СОБАКИ
  </head>
  <p rend="left">
   Ньюфаундлендские собаки бывают очень большие ростом. Шерсть на них черная и длинная, и на лапах у них между пальцами перепонки, как
   <choice original_editorial_correction="[у]">
    <sic/>
    <corr>
     у
    </corr>
   </choice>
   уток. Собаки эти очень сильны и плавают так хорошо, что они из воды могут вытащить большого человека. Один барин охотник купил себе такую собаку. Один раз он пошел на охоту. Ему надо было перейти небольшой ручей. Мост был далеко. Он и пошел прямо через воду. Он думал, что вода не будет глубже, чем по колено. Ньюфаундлендская собака не пошла за ним. А села на берегу, подняла уши и стала смотреть на него. Только что барин дошел по воде до половины речки, как вдруг собака вскочила и бросилась в воду. Она подбежала к барину, схватила его за платье и потащила назад. Барин хотел прогнать ее, но собака рычала и делала вид, что она укусит его, если он не пойдет с ней. Барин вышел назад на берег. На берегу собака стала опять ласкаться. Барин опять пошел в реку. Но опять, только что он дошел до половины воды, собака бросилась и потащила его назад. Барин рассердился и привязал собаку к дереву. Когда он пошел опять в воду, собака стала грызть веревку, за которую ее привязали. Но барин думал: я прежде перейду воду, чем она отгрызет веревку. Когда он стал подходить к другому&gt;
  </p>
 </text>
</TEI>