<?xml version="1.0" encoding="utf-8"?>
<TEI xmlns="http://www.tei-c.org/ns/1.0" xmlns:xi="http://www.w3.org/2001/XInclude">
 <teiHeader>
  <fileDesc>
   <titleStmt>
    <title>
     СОЛНЦЕ
    </title>
    <author>
     Толстой Л.Н.
    </author>
    <respStmt>
     <resp>
      подготовка TEI/XML
     </resp>
     <name>
      Мария Картышева, Евгений Можаев, Даниил Скоринкин, Елена Сидорова, Вероника Файнберг, Кирилл Милинцевич
     </name>
    </respStmt>
    <respStmt>
     <resp>
      Идея, постановка задач, руководство
     </resp>
     <name>
      Анастасия Бонч-Осмоловская, Фёкла Толстая, Борис Орехов
     </name>
    </respStmt>
   </titleStmt>
   <publicationStmt>
    <idno>
     СОЛНЦЕ
    </idno>
    <publisher>
     <orgName>
      Школа лингвистики НИУ ВШЭ
     </orgName>
    </publisher>
    <availability>
     <p>
      Тексты и метатекстовая разметка доступны для свободного использования и распространения по лицензии Creative Commons Attribution Share-Alike (cc by-sa)
     </p>
    </availability>
   </publicationStmt>
   <sourceDesc>
    <biblStruct>
     <analytic>
      <author>
       Толстой Л.Н.
      </author>
     </analytic>
     <monogr>
      <title level="m">
       Полное собрание сочинений. Том 21
      </title>
      <imprint>
       <pubPlace>
        Москва
       </pubPlace>
       <publisher>
        Государственное издательство "Художественная литература"
       </publisher>
      </imprint>
     </monogr>
     <series>
      <title level="s">
       Л.Н. Толстой. Полное собрание сочинений
      </title>
      <biblScope unit="vol">
       90
      </biblScope>
     </series>
    </biblStruct>
   </sourceDesc>
  </fileDesc>
  <encodingDesc>
   <classDecl>
    <xi:include href="taxonomy.xml"/>
   </classDecl>
  </encodingDesc>
  <profileDesc>
   <creation>
    <date/>
    <rs type="country">
     Россия
    </rs>
   </creation>
   <textClass/>
   <preparedness>
    not finished
   </preparedness>
  </profileDesc>
 </teiHeader>
 <p rend="left emptyline">
  <pb n="370"/>
 </p>
  <h6 class="center">
   1
  </h6>
  <p rend="left">
   Если посмотришь ночью подольше на звезды, то увидишь что все звезды ходят. Есть звезды приметные, и всякий их знает. Есть Высожары (кучка звезд), есть Медведица (ее называют тоже Коромыслом), есть Петров крест (зимний), есть Треугольник. Заметить какую-нибудь кучку звезд и смотреть на них всю ночь. Откуда и куда они ходят? Если смотреть на Медведицу, то увидишь, что она идет со всеми звездами в одну сторону по небу, как по своду, сначала поднимается выше и выше над головами, а потом станет спускаться и зайдет. Если приметить по какой-нибудь примете, куда зашла Медведица, то стань на другую ночь на том же месте, правой рукой к тому месту, где зашла, а лицом к полудню и смотри другие
   <hi style="opdelimiter">
    звезды
   </hi>
   <hi style="opnumber">
    370
   </hi>
   <hi style="npnumber">
    371
   </hi>
   <pb n="371"/>
   <hi style="npdelimiter">
    перед
   </hi>
   собой. На какие звезды ни смотри, все они точно так же, как Медведица, слева пойдут по своду до верху круга и спустятся направо. Одни звезды будут подниматься прямо над головой высоко, другие впереди — пониже, какие еще больше впереди — еще ниже, какие в самом переди — над землею, но все-таки выйдут слева и опустятся направо. Если повернуться назад и смотреть в другую сторону, на север, так, чтобы восход был слева, а закат справа, то точно так же и с этой стороны все звезды будут подниматься с восхода и заходить на запад. И точно так же одни будут проходить высоко над головой, другие подальше и пониже, другие еще подальше и пониже.
  </p>
  <h6 class="center">
   2
  </h6>
  <p rend="left">
   Если смотреть на звезды без зрительных труб и без привычки, то сначала спутаешься и потеряешь звезду ту, за которой примечал. Спутаешься главное оттого, что звезды не все в ночь выходят из-за земли и заходят за землю; а как только солнце сядет, зажигается на небе много звезд таких, которые уже на ходу. Ночь застает одни звезды уж на четверти, на половине и на трех четвертях пути. И точно так же, когда рассветет, звезды многие потухают на середине неба. Но если примечать за этими звездами, то увидишь, что звезды те, которые зажигаются на середине неба, идут так же от востока на запад, и звезды те, которые потухают на середине неба оттого, что солнце взойдет, так же шли с востока на запад до тех пор, пока не стали нам видны. Звезды эти всё так же идут, как и те, которые нам видны ночью. Они только днем не видны нам. Если бы они не шли, то на другой день они бы были на том месте, где мы их оставили, а этого не бывает. Звезда та, которая вчера, как село солнце, загорелась над головами и в ночь зашла на западе за землю, нынче опять зажигается над головами. Значит, она пришла опять на то место. И звезда та, которая вчера потухла на рассвете на восточной стороне, нынче только ночью подходит к западу. Значит, она шла и днем. Есть зрительные трубы такие, в которые звезды видны и днем. И в эти трубы видно, что все звезды не переставая ходят кругом и днем и ночью. —
  </p>
  <h6 class="center">
   3
  </h6>
  <p rend="left">
   Спутаешься еще оттого, что солнце весной каждый день раньше встает и позже садится, а осенью позже встает и раньше садится. От этого каждый день будешь видеть новые звезды весною и не будешь видеть тех, которые видел осенью. Звезды те, которые видны осенью, потухнут весною, потому что солнце раньше встает и позднее садится. От этого и зимой видны такие звезды, каких не видать летом. Но
   <choice original_editorial_correction="[в]">
    <sic/>
    <corr>
     в
    </corr>
   </choice>
   большие трубы
   <hi style="opdelimiter">
    звезды
   </hi>
   <hi style="opnumber">
    371
   </hi>
   <hi style="npnumber">
    372
   </hi>
   <pb n="372"/>
   <hi style="npdelimiter">
    видны
   </hi>
   и днем. И если зимой в 7 часов вечера видна была звезда над головой, то летом посмотреть в трубу на то место, где ей должно быть зимой, она там и будет.
  </p>
  <h6 class="center">
   ** 4
  </h6>
  <p rend="left">
   Всех звезд очень много, если смотреть на них в увеличительные зрительные трубы, но если смотреть на них простым глазом, то их вовсе не так много, как кажется.
  </p>
  <p rend="left">
   Всех звезд видно глазом и зимою и летом и больших и малых не больше 4000. А больших приметных звезд не больше 200.
  </p>
  <p rend="left">
   Большие звезды тысячи лет тому назад были примечены
   <del>
    астрономами
   </del>
   и нарисованы на бумагу. Звезды почти все одинакие, только одна побольше, покраснее, другая поменьше, побелей, и их нельзя бы было срисовать, если бы каждая ходила особо, сходилась бы или расходилась с другой звездой. Но звезды все сцепленные, как шляпки гвоздей на доске. Они не сходятся и не расходятся. И как сделалось из звезд коромысло или медведица (или кастрюлька), так эти звезды всегда и ходят. Поэтому кучки звезд рисуют в разные фигуры, и эти фигуры всё те же и теперь. В календарях пишут знаки овна (барана) рыб, водолей (льет воду человек), козерог (зверь с рогами), стрелец, скорпион (такое насекомое), весы, дева, лев, рак, близнецы, — это всё звезды такие, которые похожи на эти картинки. Так что по всем звездам рисуют узоры. И узоры эти всё одни и те же. Все звезды ходят всегда, как сцепившись, и расстояние между одной звездой и другой всегда одно и то же, где бы ни были эти звезды, над головами или над землей, к полудню или к северу. Иногда кажется, что когда две звезды невысоко над землей, то они дальше друг от друга, чем когда они над головами, но это только так кажется, как и всё над землей кажется больше, чем над головами.
   <note xi:id="note84">
    Солнце и месяц, когда заходят и выходят, кажутся больше, чем когда стоят высоко на небе. За тридцать аршин по земле посмотри на человека, и он покажется гораздо больше, чем если посмотреть на того человека, когда он влезет на дерево в 30 аршин. На колокольне крест кажется мал, а сколько вышины колокольни? посмотри крест на земле, он покажется велик.
   </note>
   Но астрономы углами меряют расстояние звезды от звезды, и всегда и везде это расстояние одно и то же.
   <note xi:id="note85">
    Меряют углами вот как: Возьми ровный деревянный круг (латок). Назначь середину. Отколи ровно половину. Эту половину раздели пополам, каждую четвертушку еще пополам и еще пополам, так что на половинке вышло 180 делений. Деления эти назначь ножичком на конце полукруга. Утверди полукруг так, чтоб его можно было поворачивать и чтоб он стоял твердо. Полукруг намажь на палец густой глиной. Если хочешь смерять расстояние между двумя звездами, наведи полукруг так, чтобы тебе видно было и ту и другую звезду. Посмотри на одну через полукруг из середины и проведи палочкой от глаза к звезде до края круга, потом посмотри на другую из той же середины и проведи палочкой другую черту по глине от глаза до края полукруга. Две черты сойдутся углом. Посмотри по нарезам, сколько делений между двумя чертами. Если дальше звезда от звезды, то угол будет больше, если меньше, то угол меньше. Так меряют расстояние между звездами и поверяют. И всегда расстояние одно и то же.
   </note>
  </p>
  <p rend="left">
   Так что всё небо со всеми звездами ходит, как полог, у нас над головами. Когда долго и часто смотришь за звездами,
   <hi style="opdelimiter">
    то
   </hi>
   <hi style="opnumber">
    372
   </hi>
   <hi style="npnumber">
    373
   </hi>
   <pb n="373"/>
   <hi style="npdelimiter">
    так
   </hi>
   заучишь их, что как только покажется одно знакомое созвездие, то сейчас знаешь — вправо, влево, назади, впереди, где какая будет звезда
   <note xi:id="note86">
    На полях, против этого места, написано: кот[орый] час
   </note>
   , и за этими какие другие пойдут звезды. Всё равно как на знакомом ковре знаешь, какие будут узоры, когда развернешь один конец ковра. Так астрономы знают все звезды.
  </p>
  <h6 class="center">
   5
  </h6>
  <p rend="left">
   Всё небо ходит у нас над головами и поворачивается так, что как оно зашло направо, так точно оно выйдет слева всё с теми же самыми звездами. И поворачивается всё небо так, что приходится опять то же небо в том же месте в сутки — в 24 часа. Если в 8 часов вечера прямо почти над головами у нас стоит самая светлая звезда (Полярная), а с востока только поднимается Красная звезда, то ровно через 24 часа опять прямо над головами будет самая светлая звезда, а Красная звезда будет только что подниматься с востока; и опять пойдут те же самые звезды, какие и вчера. Если мы зимой в 7 часов вечера заметим какую-нибудь кучку звезд на западе, то всякий раз, когда в 6 часов будет темно, мы будем видеть это созвездие, но когда дни станут длиннее и в 7 часов будет заря, звезды эти будут чуть видны, а потом и совсем не будут видны. Но если посмотреть в трубу на то место, где оно должно быть, то увидишь, что созвездие всё там же. Звезды ходят с небом над нами всё те же, но мы видим другие зимой и летом только оттого, что они тухнут от солнца. —
  </p>
  <p rend="left">
   Небо поворачивается и приходит на старое место в сутки — в 24 часа. Но когда не было часов, то сутки только потому и считали, что звезды пришли на старое место. Больше ни по чему нельзя было считать сутки. По солнцу нельзя считать, потому что восход и закат солнца каждый день переменяется. Если мы говорим: нынче солнце встает в 4 часа или в 7 часов, то мы это знаем потому только, что знаем, что звезды оборачиваются в равное время. А это равное время мы разделили на 24 часа и по нем считаем и меряем, когда всходит и заходит солнце.
  </p>
  <h6 class="center">
   6
   <note xi:id="note87">
    На полях между пятой и шестой главами написано: Как обор. полог. Наклонение оси. Солнце на экваторе. Движение солнца — и луна.
   </note>
  </h6>
  <p rend="left">
   Куда деваются звезды, когда они заходят за землю? И откуда они берутся, когда выходят из-за земли? Прежде думали, что везде кругом земли вода и что звезды падают в воду и
   <hi style="opdelimiter">
    тухнут,
   </hi>
   <hi style="opnumber">
    373
   </hi>
   <hi style="npnumber">
    374
   </hi>
   <pb n="374"/>
   <hi style="npdelimiter">
    а
   </hi>
   с другой стороны опять выходят и зажигаются. Рассказывали в старину что слышали люди, как солнце шипит, когда попадает в море, как красная подкова в воде, и то же про звезды. Но теперь ездят по всем морям на восток и на запад, и никто нигде не слыхал, чтобы звезды падали в море. Теперь ездят по морям и по земле дальше и скорее, чем в старину, и приметили, что и звезды переменяются, когда переезжаешь с места на место. Если едешь на восход — туда, откуда выходят звезды, то что дальше будешь ехать, то раньте будут выходить звезды. Какой звезде надо по приметам всходить в 10 часов вечера, если отъехал верст на 1000 на восход, она встанет раньше на полчаса. Если отъедешь еще дальше, то она встанет еще раньше. Значит, она там за землей не в воде была. Если ехать на закат, то какой звезде надо заходить в 3 часа, та звезда еще будет стоять высоко и зайдет еще через полчаса. Значит, она и прежде не в воду падала, а шла по небу так же, как и прежде, только мне не видать было.
  </p>
  <p rend="left">
   И сколько бы ни ехать на восток, что дальше будешь ехать, то звезды раньте и раньте будут выходить, и сколько бы ни ехать на запад, звезды всё позже будут заходить. Поэтому и надо думать, что всё небо, как оно ходит над нами, так точно оно ходит и под нами. Земля висит в середине неба, а всё небо со всеми звездами кругом оборачивается около земли с востока на запад.
  </p>
  <h6 class="center">
   7
  </h6>
  <p rend="centerline">
   <del>
    ЮГ И СЕВЕР
   </del>
  </p>
  <p rend="left">
   Если хорошо запомнить звезды, то увидишь, что над головами звезды по большим кругам ходят скоро, а по меньшим кругам тише, а на полдни и на полуночи совсем тихо ходят над землею, так тихо, что чуть приметно. Но когда приглядишься, увидишь, что и там они ходят и ходят не одинаково на полдни и на полуночи. На полдни звезды только выйдут из-за земли, сейчас и зайдут, а на полуночи крайние звезды ходят выше, и есть такие, что только зайдут за землю, сейчас опять выйдут, а есть такие, что даже и не цепляют за землю, а кружатся над землею и кружок свой маленький делают также в 24 часа, как и звезды над головами делают большие круги. Если смотреть на звезды в Москве, то будут видны на севере звезды такие, которые не заходят за землю, а ходят над ней и за ней, не цепляют, а на полудни будут видны такие, которые только взойдут над землей и сейчас зайдут.
   <note xi:id="note88">
    На полях против этой фразы написано: Север и юг. Солнце остановить, движение. Луна. Кометы, планеты. Расстояние звезд. Переворот. Солнце заслоняет звезды.
   </note>
   Если из Москвы ехать на полдни, к Одессе, и на каждой станции замечать за звездами на севере и на юге, то увидишь, что чем
   <hi style="opdelimiter">
    дальше
   </hi>
   <hi style="opnumber">
    374
   </hi>
   <hi style="npnumber">
    375
   </hi>
   <pb n="375"/>
   <hi style="npdelimiter">
    уезжаешь
   </hi>
   на юг, тем северные звезды ниже и ниже станут ходить и станут цеплять за землю, а потом станут заходить, и на юге всё выше и выше будут выходить из-за земли, и делать круги больше. И что дальше будешь ехать, то всё небо будет к северу точно спускаться, а к югу подниматься.
   <del>
    Значит, на юг ехать всё равно что на гору.
   </del>
   И так далеко будешь ехать, и всё на севере небо будет спускаться, а на юге подниматься, точно оно всё переваливается. И то же будет, если будешь ехать на север. Небо будет так же переваливаться, только в другую сторону. Ближе к северу будут на севере ходить звезды, не задевая за землю, а на юге будут за землею ходить, а ближе к югу будут на юге ходить звезды, не задевая за землю, а на севере будут за землею ходить. А на самой середине будет такое место, где ровно будут ходить звезды по краям — половина под землею, а половина над землею. На этом месте небо будет не завалившись ни на север, ни на юг и будет ровно вертеться над головами — как колесо на оси. И ось эта будет прямо с севера на юг. Если с этого места, где небо стоит ровно, не завалившись, идти прямо на восход, то небо всё так же будет стоять ровно и ровно поворачиваться, сколько бы ты ни прошел с востока на запад, или с запада на восток. Только, что больше пойдешь на восток, то раньше будут подниматься звезды, а что больше на запад, то позже. Стало быть, такое место, где небо ровно (не завалившись) ходит над нами, не одно только на земле, а таких мест много и на запад и на восток. Это не одно место, а целая дорога прямая с востока на запад. Где бы ни стоял на этой дороге, везде будет небо с звездами кружиться ровно, не завалившись. Эта серединная дорога называется экватор.
  </p>
  <h6 class="center">
   8
  </h6>
  <p rend="centerline">
   ПЛАНЕТЫ
   <note xi:id="note89">
    На полях написано: Планеты, луна солнце (последн.) заслоняют. Расстояния. Если б посадили на верт. &lt;столб и стали бы вертеть&gt; и вертится земля на оси, а солнце ходит. Путь планет. Не ходит ли земля. То ли же будет?
   </note>
  </p>
  <p rend="left">
   Когда присмотришься к звездам, то заметишь, что кроме всех звезд тех, которые со всем небом поворачиваются, как шляпки гвоздей на доске, есть немного звезд таких, которые не со всем небом ворочаются, а ходят сами по себе и ходят ближе к нам, чем все утвержонные звезды. Эти звезды называются планетами заблудящими. Видно, что они ближе, потому что они заслоняют утвержонные звезды. Так же ходит и месяц. И он видно что ближе к нам, потому что заслоняет утвержонные звезды. Если смотреть на небо днем в трубу, то можно видеть, что и солнце заслоняет утвержонные звезды, стало быть тоже ближе к нам, чем звезды.
  </p>
  <p rend="left">
   Как ходят заблудящие звезды, месяц и
   <hi style="opdelimiter">
    солнце?
   </hi>
   <hi style="opnumber">
    375
   </hi>
  </p>
  <p rend="left">
   <hi style="npnumber">
    376
   </hi>
   <pb n="376"/>
   <hi style="npdelimiter">
    Если
   </hi>
   смотреть на заблудящие звезды и примечать, как они ходят, то увидишь, что они то с той звездой сходятся, то с другой и опять приходят на старое место и опять по тому же кругу идут. Так же ходят месяц и солнце. Но все они и заблудящие и месяц и солнце так же, как и утвержонные звезды, выходят каждый день с восхода и заходят на западе. Но каждый раз, как они выходят с востока, они уж на другом месте, чем где были вчера, так что они отстают или обгоняют звезды одни вперед, другие назад, одни вправо, другие влево.
  </p>
  <p rend="left">
   Долго люди примечали за заблудящими звездами, за месяцем и солнцем и никак не могли понять, как они и вместе со всем небом идут и сами по себе ходят. И до тех пор не могли понять, пока один человек не придумал, что не небо ходит над землею, а земля сама поворачивается. Он сказал: ведь всё равно будет казаться, если всё небо над тобой будет поворачиваться, или если ты будешь поворачиваться. Если тебе кажется, что небо вертится справо налево, то вертись сам слева направо, будет всё то же. Он говорит: может, не небо вертится, а вся земля вертится по серединной дороге с запада на восток. Как мы повернемся, так для нас выходят новые звезды, еще, еще новые, еще — солнце всходит, еще повернемся, и солнце заходит. Он и говорит: если так мы вертимся, так и заблудящие звезды и месяц и солнце не вертятся вокруг нас, а мы вертимся. Только что заблудящие звезды, месяц и солнце переходят от одной звезды к другой, это уж они сами ходят. Если так, то нам легче будет разобрать, как они ходят.
  </p>
  <p rend="left">
   Стали думать, и вышло так точно. Он говорит: если бы земля не вертелась, надо бы всему небу вертеться; а небо больше земли гораздо. Какой бы ему круг надо делать? Другое дело. Если бы небо вертелось, надо б и заблудящим звездам и месяцу и солнцу с ними вместе вертеться, а они ходят по-своему. Если бы много небес было, одно поближе к нам — на нем месяц вертится, другое подальше — на нем кометы, 3-е еще подальше — на нем солнце, 4-е еще подальше — на нем утвержонные звезды, так одно бы небо заслоняло другое, а нам всё насквозь видно до последних звезд. —
  </p>
  <p rend="left">
   Если говорят: да как же мы не слышим, что вертимся? А он говорит: потому — не трясет да и воздух с землей вместе идет.
   <note xi:id="note90">
    Дальше поперек страницы помечено: Планеты, солнце, месяц особо ходят и ближе. Как далеко? Смерить до месяца, до солнца, до больших звезд.
   </note>
  </p>
</TEI>