<?xml version="1.0" encoding="utf-8"?>
<TEI xmlns="http://www.tei-c.org/ns/1.0" xmlns:xi="http://www.w3.org/2001/XInclude">
 <teiHeader>
  <fileDesc>
   <titleStmt>
    <title>
     Произведения, написанные для «Азбуки» и не включенные в нее
    </title>
    <author>
     Толстой Л.Н.
    </author>
    <respStmt>
     <resp>
      подготовка TEI/XML
     </resp>
     <name>
      Мария Картышева, Евгений Можаев, Даниил Скоринкин, Елена Сидорова, Вероника Файнберг, Кирилл Милинцевич
     </name>
    </respStmt>
    <respStmt>
     <name>
      Анастасия Бонч-Осмоловская, Фёкла Толстая, Борис Орехов
     </name>
     <resp>
      Идея, постановка задач, руководство
     </resp>
    </respStmt>
   </titleStmt>
   <publicationStmt>
    <idno>
     Азбука  | Произведения, написанные для «Азбуки» и не включенные в нее
    </idno>
    <publisher>
     <orgName>
      Школа лингвистики НИУ ВШЭ
     </orgName>
    </publisher>
    <availability>
     <p>
      Тексты и метатекстовая разметка доступны для свободного использования и распространения по лицензии Creative Commons Attribution Share-Alike (cc by-sa)
     </p>
    </availability>
   </publicationStmt>
   <sourceDesc>
    <biblStruct>
     <analytic>
      <author>
       Толстой Л.Н.
      </author>
      <title level="a">
       Произведения, написанные для «Азбуки» и не включенные в нее
      </title>
     </analytic>
     <monogr>
      <title level="m">
       Полное собрание сочинений. Том 21
      </title>
      <imprint>
       <pubPlace>
        Москва
       </pubPlace>
       <publisher>
        Государственное издательство "Художественная литература"
       </publisher>
       <date when="1871-1872"/>
      </imprint>
     </monogr>
     <series>
      <title level="s">
       Л.Н. Толстой. Полное собрание сочинений
      </title>
      <biblScope unit="vol">
       21
      </biblScope>
     </series>
    </biblStruct>
   </sourceDesc>
  </fileDesc>
  <encodingDesc>
   <classDecl>
    <xi:include href="taxonomy.xml"/>
   </classDecl>
  </encodingDesc>
  <profileDesc>
   <creation>
    <date notAfter="1872" notBefore="1871">
     1871-1872
    </date>
    <rs/>
   </creation>
   <textClass>
    <catRef target="#fiction" type="sphere"/>
    <catRef target="#произведения для детей" type="type"/>
    <catRef target="#works" type="works_letters_diaries"/>
    <catRef target="#сборник" type="ninetyDef"/>
    <catRef target="#Неопубликованное, неотделанное, неоконченное" type="main_var"/>
    <catRef target="#сборник" type="type_short"/>
    <catRef target="None" type="translation"/>
    <catRef target="None" type="translation_origin"/>
    <catRef target="#да" type="tolstoy_or_not"/>
    <catRef target="None" type="name_status"/>
   </textClass>
   <preparedness>
    finished
   </preparedness>
   <settingDesc>
    <time>
     XIX век
    </time>
   </settingDesc>
  </profileDesc>
  <xenoData>
   <cyclusName/>
   <p>
    Проект
    <title>
     Толстой.Digital
    </title>
    разрабатывается сотрудниками и студентами
    <orgName>
     Высшей школы экономики
    </orgName>
    в сотрудничестве с
    <orgName>
     Государственным музеем Л.Н. Толстого
    </orgName>
    . Источник текстов –
    <bibl>
     90-томное собрание сочинений Л.Н.Толстого
    </bibl>
    . Разметка основана на стандарте
    <ref target="http://www.tei-c.org">
     TEI (Text Encoding Initiative)
    </ref>
    .
   </p>
   <versionNumber/>
   <isFinished/>
   <isEdited/>
   <fullBibliographicDescription/>
  </xenoData>
 </teiHeader>
 <p rend="left emptyline">
  <pb n="255"/>
 </p>
 <div type="section" xml:id="h000013051">
  <head rend="center">
   ПОЛИКРАТ САМОССКИЙ
  </head>
  <p rend="center" uuid="a284fe96-c001-463d-9a64-e60e1f15fc20">
   <hi rend="italic">
    (История)
   </hi>
  </p>
  <p rend="left" uuid="2a0f6e88-a7df-49d1-a8b0-8b21fbfef565">
   Был один греческий царь Поликрат. Он во всем был счастлив. Он завоевал много городов и стал очень богат. Поликрат и описал в письме всю свою счастливую жизнь и послал это письмо своему другу, царю Амазису, в Египет. Амазис прочел письмо и написал Поликрату ответ, он писал так: «Приятно бывает знать друга в удаче. Но мне твое счастье не нравится. По-моему, лучше бывает, когда человеку в одном деле удача, а в другом нет, — чтобы было вперемежку. Послушай меня и сделай вот что: что есть у тебя дороже всего, то возьми и брось куда-нибудь в такое место, чтобы не попалось людям. И тогда у тебя будет счастье вперемежку с несчастьем».
  </p>
  <p rend="left" uuid="f786ac66-ebaa-47d3-b946-f6d974fb0056">
   Поликрат прочел это и послушался своего друга. Он сделал вот что: был у него дорогой перстень; взял он этот перстень, собрал много народа и сел со всем народом в лодку. Потом велел ехать в море. И когда выехал далеко за острова, тогда при всем народе бросил перстень в море и вернулся домой.
  </p>
  <p rend="left" uuid="e97dbfa4-0f6b-443f-ad2e-1a947452fc88">
   На пятый день одному рыбаку случилось поймать очень большую, прекрасную рыбу, и захотел он подарить ее царю. Вот пришел он к Поликрату на двор, и когда Поликрат вышел к нему, рыбак сказал: «Царь, я поймал эту рыбу и принес тебе, потому
   <pb n="256"/>
   что такую прекрасную рыбу только царю кушать». Поликрат поблагодарил рыбака и позвал его к себе обедать. Рыбак отдал рыбу и пошел к царю, а повара разрезали рыбу и нашли в ней тот самый перстень, что Поликрат бросил в море.
  </p>
  <p rend="left" uuid="6eb298be-f232-4a09-bc8f-1bfd86f61ec7">
   Когда повара принесли Поликрату его перстень и рассказали, как они нашли его, — Поликрат написал другое письмо в Египет к своему другу Амазису и описал, как он бросил перстень и как он нашелся. Амазис прочел письмо и подумал: «Это не к добру, — видно, нельзя уйти от судьбы. А лучше мне разойтись с своим другом, чтобы потом не жалеть его», — и он послал сказать Поликрату, что дружбе их конец.
  </p>
  <p rend="left" uuid="36f8b576-402f-4084-87e3-b0838611ee4f">
   В то время был один человек — Оройтес. Этот Оройтес был сердит на Поликрата и хотел погубить его. Вот Оройтес придумал какую хитрость. Написал он Поликрату, что будто персидский царь Камбиз обидел его и хотел убить и что он будто ушел от него. Оройтес так писал Поликрату: «У меня много богатств, но я не знаю, где мне жить. Прими ты меня к себе с моими богатствами, и тогда мы с тобой сделаемся самые сильные цари. А если ты не веришь, что у меня много богатств, так пришли кого-нибудь посмотреть».
  </p>
  <p rend="left" uuid="af74792d-c127-476d-9050-8f94854347c4">
   Поликрат и послал своего слугу посмотреть, правда ли, что Оройтес привез столько богатств. Когда слуга приехал смотреть богатства, Оройтес так обманул его: он взял много лодок и во все наложил камни, а сверх камней до краев заложил золотом.
  </p>
  <p rend="left" uuid="aa2f6fe0-231a-4e4e-a5c2-0934d51c274b">
   Когда слуга Поликрата увидел эти лодки, он поверил, что лодки все по края были полны золотом; так и рассказал Поликрату.
  </p>
  <p rend="left" uuid="0ea4fff1-96e2-4e5d-8216-a3a9315b0103">
   Тогда Поликрат захотел сам ехать к Оройтесу — смотреть его богатства. В эту самую ночь дочь Поликрата увидела во сне, что он будто висит на воздухе. Дочь и стала просить отца, чтоб он не ездил к Оройтесу; но отец рассердился и сказал, что он ее не отдаст замуж, если она не замолчит сейчас. А дочь сказала: «Я рада никогда не идти замуж, только не езди ты к Оройтесу: я боюсь, что с тобой случится беда».
  </p>
  <p rend="left" uuid="ce3bea10-5ffb-4a7b-a1e8-75d23a38cf47">
   Отец не послушался ее и поехал. Когда он приехал, Оройтес схватил его и повесил до смерти. Так-то сон дочери и совершился.
  </p>
  <p rend="left" uuid="98b34281-163b-47fb-a9f9-b838ce369533">
   Так и случилось, как угадал Амазис, что большое счастье Поликрата кончилось большим несчастьем.
  </p>
  <p rend="left emptyline" uuid="8551b2a3-716c-4de5-93ae-acbf74fc534e">
   <pb n="257"/>
  </p>
 </div>
</TEI>