<?xml version="1.0" encoding="utf-8"?>
<TEI xmlns="http://www.tei-c.org/ns/1.0" xmlns:xi="http://www.w3.org/2001/XInclude">
 <teiHeader>
  <fileDesc>
   <titleStmt>
    <title>
     Произведения, написанные для «Азбуки» и не включенные в нее
    </title>
    <author>
     Толстой Л.Н.
    </author>
    <respStmt>
     <resp>
      подготовка TEI/XML
     </resp>
     <name>
      Мария Картышева, Евгений Можаев, Даниил Скоринкин, Елена Сидорова, Вероника Файнберг, Кирилл Милинцевич
     </name>
    </respStmt>
    <respStmt>
     <name>
      Анастасия Бонч-Осмоловская, Фёкла Толстая, Борис Орехов
     </name>
     <resp>
      Идея, постановка задач, руководство
     </resp>
    </respStmt>
   </titleStmt>
   <publicationStmt>
    <idno>
     Азбука  | Произведения, написанные для «Азбуки» и не включенные в нее
    </idno>
    <publisher>
     <orgName>
      Школа лингвистики НИУ ВШЭ
     </orgName>
    </publisher>
    <availability>
     <p>
      Тексты и метатекстовая разметка доступны для свободного использования и распространения по лицензии Creative Commons Attribution Share-Alike (cc by-sa)
     </p>
    </availability>
   </publicationStmt>
   <sourceDesc>
    <biblStruct>
     <analytic>
      <author>
       Толстой Л.Н.
      </author>
      <title level="a">
       Произведения, написанные для «Азбуки» и не включенные в нее
      </title>
     </analytic>
     <monogr>
      <title level="m">
       Полное собрание сочинений. Том 21
      </title>
      <imprint>
       <pubPlace>
        Москва
       </pubPlace>
       <publisher>
        Государственное издательство "Художественная литература"
       </publisher>
       <date when="1871-1872"/>
      </imprint>
     </monogr>
     <series>
      <title level="s">
       Л.Н. Толстой. Полное собрание сочинений
      </title>
      <biblScope unit="vol">
       21
      </biblScope>
     </series>
    </biblStruct>
   </sourceDesc>
  </fileDesc>
  <encodingDesc>
   <classDecl>
    <xi:include href="taxonomy.xml"/>
   </classDecl>
  </encodingDesc>
  <profileDesc>
   <creation>
    <date notAfter="1872" notBefore="1871">
     1871-1872
    </date>
    <rs/>
   </creation>
   <textClass>
    <catRef target="#fiction" type="sphere"/>
    <catRef target="#произведения для детей" type="type"/>
    <catRef target="#works" type="works_letters_diaries"/>
    <catRef target="#сборник" type="ninetyDef"/>
    <catRef target="#Неопубликованное, неотделанное, неоконченное" type="main_var"/>
    <catRef target="#сборник" type="type_short"/>
    <catRef target="None" type="translation"/>
    <catRef target="None" type="translation_origin"/>
    <catRef target="#да" type="tolstoy_or_not"/>
    <catRef target="None" type="name_status"/>
   </textClass>
   <preparedness>
    finished
   </preparedness>
   <settingDesc>
    <time>
     XIX век
    </time>
   </settingDesc>
  </profileDesc>
  <xenoData>
   <cyclusName/>
   <p>
    Проект
    <title>
     Толстой.Digital
    </title>
    разрабатывается сотрудниками и студентами
    <orgName>
     Высшей школы экономики
    </orgName>
    в сотрудничестве с
    <orgName>
     Государственным музеем Л.Н. Толстого
    </orgName>
    . Источник текстов –
    <bibl>
     90-томное собрание сочинений Л.Н.Толстого
    </bibl>
    . Разметка основана на стандарте
    <ref target="http://www.tei-c.org">
     TEI (Text Encoding Initiative)
    </ref>
    .
   </p>
   <versionNumber/>
   <isFinished/>
   <isEdited/>
   <fullBibliographicDescription/>
  </xenoData>
 </teiHeader>
 <p rend="left emptyline">
  <pb n="131"/>
 </p>
 <div type="section" xml:id="h000011057">
  <head rend="center">
   МАЛЬЧИК С ПАЛЬЧИК
  </head>
  <p rend="center" uuid="1fe1d0a2-3da6-42cf-8644-54b0368724ad">
   <hi rend="italic">
    (Сказка)
   </hi>
  </p>
  <p rend="left" uuid="ca4e7bb3-d9ec-4c48-985d-9d2dc5d16ad1">
   У одного бедного человека было семеро детей мал мала меньше. Самый меньшой был так мал, что когда он родился, он был не больше пальца. Потом он подрос немножко, но все-таки был немного больше пальца, и оттого его звали:
   <hi rend="italic">
    мальчик с пальчик
   </hi>
   . Но мальчик с пальчик, даром что был мал, был очень ловок и хитер.
  </p>
  <p rend="left" uuid="14e2e365-f26f-4ad0-81c6-f517bb8f3c7e">
   Отец с матерью всё становились беднее и беднее, и пришло им под конец так плохо, что нечем стало и детей кормить. Подумали, подумали отец с матерью и положили отвести детей в лес подальше и оставить их там, так чтобы они домой не вернулись. Когда отец с матерью говорили про это, мальчик с пальчик не спал и всё слышал. Наутро мальчик с пальчик прежде всех
   <pb n="132"/>
   проснулся и побежал на ручей и набрал полны карманы белых камушков. Когда отец с матерью повели детей в лес, мальчик с пальчик шел сзади всех и всё брал по одному камушку из кармана и кидал на дорогу.
  </p>
  <p rend="left" uuid="44f311aa-be12-4bd8-a356-11426589d31f">
   Когда отец с матерью завели детей далеко в лес, они зашли за деревья и убежали. Дети стали звать их, и когда увидали, что никто нейдет, стали плакать.
  </p>
  <p rend="left" uuid="256231a9-ecbd-42c9-8fe6-a072d13da28e">
   Только один мальчик с пальчик не плакал. Он кричал своим тоненьким голосом: «Перестаньте плакать, я вас выведу из лесу»; но братья так громко плакали, что не слышали его. Когда они услышали его, он рассказал им, что он накидал на дороге белых камушков и выведет их из леса; они обрадовались и пошли за ним. Мальчик с пальчик шел с камушка на камушек и так довел их до дома.
  </p>
  <p rend="left" uuid="edb21469-8129-4c5d-81b0-73edad8029b0">
   Случилось так, что в тот самый день, как отец с матерью отвели детей в лес, отец получил деньги. Отец с матерью и говорят: «Зачем мы отвели детей в лес? Они пропадут там. А теперь у нас деньги есть, и мы можем прокормить детей». Мать стала плакать и говорит: «Ах! если бы только дети с нами были!» А мальчик с пальчик услыхал из-под окошка и говорит: «А мы вот они!»
  </p>
  <p rend="left" uuid="98fbe663-192b-4807-b82d-be0095aa1e1f">
   Мать обрадовалась, побежала на крыльцо, и все дети один за другим вошли в горницу.
  </p>
  <p rend="left" uuid="ed24167f-43ef-46a9-b354-6e9e572ed858">
   Купили всё, что надо, и стали жить попрежнему; и жили хорошо до тех пор, пока деньги не вышли.
  </p>
  <p rend="left" uuid="244f4fb8-fc8c-4e82-be88-beb688aee086">
   Но деньги опять все вышли, опять стали отец с матерью судить, как им быть, и опять положили свести детей в лес и оставить их там.
  </p>
  <p rend="left" uuid="acce814b-6c8f-48e7-a7f5-0409d7a296d4">
   Мальчик с пальчик опять услыхал и, как пришло утро, хотел идти потихоньку в ручей за камушками. Только подошел он к двери, хотел отворить, но дверь была заперта на задвижку; хотел отодвинуть, да, как ни бился, не мог достать до задвижки.
  </p>
  <p rend="left" uuid="91f53ffe-a4ef-4c34-829c-a09a5275f569">
   Камушков нельзя было ему набрать, он и взял хлеба. Наложил в карманы и думает: «Как они нас поведут, я накидаю крошки хлеба по дороге и по ним опять выведу братьев».
  </p>
  <p rend="left" uuid="a6c9dc35-daf7-4efa-aded-5e53de5c60ff">
   Отец с матерью опять свели детей в лес и их там бросили, и опять мальчик с пальчик кидал по дороге крошки хлеба.
  </p>
  <p rend="left" uuid="5908ab81-5f32-467b-bb2f-361bfb482290">
   Когда старшие братья стали плакать, мальчик с пальчик опять обещал их вывести.
  </p>
  <p rend="left" uuid="4a6b08fd-55ed-4dfd-b15e-ed373ef1a34b">
   <pb n="133"/>
   Но только в этот раз он не нашел дороги, потому что птицы поклевали все крошки хлеба.
  </p>
  <p rend="left" uuid="7ee4b112-3ae1-495c-b111-cfc6b0c82f61">
   Дети ходили, ходили по лесу и не нашли дороги до самой ночи. Плакали, плакали и все заснули. Мальчик с пальчик проснулся раньше всех и влез на дерево, осмотрел кругом и увидел избушку. Он слез с дерева, разбудил братьев и повел их к избушке.
  </p>
  <p rend="left" uuid="8d83808f-73eb-4591-8010-a6c80ba42ffb">
   Они постучались, и вышла к ним на крыльцо старушка и спросила, чего им надо. Они сказали, что заблудились в лесу. Тогда старушка пустила их в дом и сказала: «Жалко мне вас за то, что вы к нам зашли. Мужик мой людоед. И если он вас увидит, он съест вас. Мне вас жалко. Спрячьтесь сюда под кровать, а завтра я вас выпущу».
  </p>
  <p rend="left" uuid="38ece384-eda0-4b5c-a28a-7ef54182a50a">
   Дети испугались и залезли под кровать. Вдруг слышат они, кто-то постучался в дверь и вошел в горницу. Мальчик с пальчик выглянул из-под кровати и видит — страшный людоед сел за стол и крикнул на старушку: «Давай вина». Старушка подала вина, он выпил, стал нюхать: «А что у нас людским духом пахнет! Кто-нибудь у тебя спрятан?» Старушка стала говорить, что никого нет, но людоед стал нюхать всё ближе и ближе и добрался чутьем до кровати. Стал шарить под кроватью руками, поймал за ножку мальчика с пальчика и закричал: «А, вот они!» И он вытащил их всех и стал радоваться. Потом взял нож и хотел их резать, но жена уговорила его. Она сказала: «Видишь, какие они худые и плохие. Дай мы их покормим немножко, они свежей и вкусней будут». Людоед послушался, велел их накормить и положить спать вместе с своими девочками.
  </p>
  <p rend="left" uuid="cba087e3-9a34-425c-b867-738caed5e628">
   А у людоеда было 7 девочек, такие же маленькие, как мальчиковы братья. Девочки все лежали и спали на одной кровати, и у каждой девочки на голове была золотая шапочка. Мальчик с пальчик приметил это, и, когда людоед с женой ушли, он потихоньку снял шапочки с людоедовых дочерей и надел их на себя и на братьев, а свою и братнины шапочки надел на девочек.
  </p>
  <p rend="left" uuid="ae32654b-14a5-4765-b0a5-e150f79a9a43">
   Людоед всю ночь пил вино. И, когда он много выпил, ему захотелось опять есть. Он встал и пошел в ту горницу, где спали мальчик с пальчик с братьями и 7 девочек. Он подошел к мальчикам, ощупал на них золотые шапочки и говорит: «Вот спьяну чуть своих дочерей не порезал». Оставил мальчиков и пошел к дочерям, ощупал на них мягкие шапочки и всех перерезал и заснул.
  </p>
  <p rend="left" uuid="2572237a-172c-4b1f-ab33-be708c64a284">
   <pb n="134"/>
   Тогда мальчик с пальчик поднял братьев, отворил дверь и побежал с ними в лес.
  </p>
  <p rend="left" uuid="d19f2726-6fbe-4d2b-9660-ba73da598bc1">
   Дети ходили всю ночь и весь день и всё не могли выйти из леса.
  </p>
  <p rend="left" uuid="798642ec-f0fb-42b4-af1d-9e13a98a8aa4">
   А людоед, когда проснулся поутру и увидал, что он вместо чужих перерезал своих детей, надел свои семиверстные сапоги и побежал в лес искать детей.
  </p>
  <p rend="left" uuid="2ec122c2-e476-41c7-9f44-9faaee301bd7">
   А семиверстные сапоги были такие, что кто их наденет, тот каждый шаг в 7 верст ступает.
  </p>
  <p rend="left" uuid="106e69d2-b32b-42f2-8562-807cb3f25d0a">
   Людоед искал, искал детей; не нашел и подле самых их присел отдохнуть и заснул.
  </p>
  <p rend="left" uuid="05f89b78-9796-454b-9784-da661036c590">
   Мальчик с пальчик увидал, что людоед спит, подкрался к нему и вынул у него из кармана горсть золота, роздал братьям. Потом он потихоньку разул его. Когда он разул его, он надел сам семиверстные сапоги, велел братьям крепче взяться рука с рукой и держаться за него. И он побежал так скоро, что сейчас же вышел из леса и нашел дом.
  </p>
  <p rend="left" uuid="d138dbeb-12a1-4150-8c07-892d24f94a4d">
   И когда они вернулись, то отдали отцу с матерью золото. Они стали богаты, и больше уже не отсылали их.
  </p>
 </div>
</TEI>