<?xml version="1.0" encoding="utf-8"?>
<TEI xmlns="http://www.tei-c.org/ns/1.0" xmlns:xi="http://www.w3.org/2001/XInclude">
 <teiHeader>
  <fileDesc>
   <titleStmt>
    <title>
     КАК ВЕЩЕСТВА СОЕДИНЯЮТСЯ
    </title>
    <author>
     Толстой Л.Н.
    </author>
    <respStmt>
     <resp>
      подготовка TEI/XML
     </resp>
     <name>
      Мария Картышева, Евгений Можаев, Даниил Скоринкин, Елена Сидорова, Вероника Файнберг, Кирилл Милинцевич
     </name>
    </respStmt>
    <respStmt>
     <resp>
      Идея, постановка задач, руководство
     </resp>
     <name>
      Анастасия Бонч-Осмоловская, Фёкла Толстая, Борис Орехов
     </name>
    </respStmt>
   </titleStmt>
   <publicationStmt>
    <idno>
     КАК ВЕЩЕСТВА СОЕДИНЯЮТСЯ
    </idno>
    <publisher>
     <orgName>
      Школа лингвистики НИУ ВШЭ
     </orgName>
    </publisher>
    <availability>
     <p>
      Тексты и метатекстовая разметка доступны для свободного использования и распространения по лицензии Creative Commons Attribution Share-Alike (cc by-sa)
     </p>
    </availability>
   </publicationStmt>
   <sourceDesc>
    <biblStruct>
     <analytic>
      <author>
       Толстой Л.Н.
      </author>
     </analytic>
     <monogr>
      <title level="m">
       Полное собрание сочинений. Том 21
      </title>
      <imprint>
       <pubPlace>
        Москва
       </pubPlace>
       <publisher>
        Государственное издательство "Художественная литература"
       </publisher>
      </imprint>
     </monogr>
     <series>
      <title level="s">
       Л.Н. Толстой. Полное собрание сочинений
      </title>
      <biblScope unit="vol">
       90
      </biblScope>
     </series>
    </biblStruct>
   </sourceDesc>
  </fileDesc>
  <encodingDesc>
   <classDecl>
    <xi:include href="taxonomy.xml"/>
   </classDecl>
  </encodingDesc>
  <profileDesc>
   <creation>
    <date/>
    <rs type="country">
     Россия
    </rs>
   </creation>
   <textClass/>
   <preparedness>
    not finished
   </preparedness>
  </profileDesc>
 </teiHeader>
 <p rend="left emptyline">
  <pb n="386"/>
 </p>
 <text>
  <head rend="center">
   * КАК ВЕЩЕСТВА СОЕДИНЯЮТСЯ
  </head>
  <p rend="left">
   Газы редко бывают на свете чистые сами по себе, а почти всегда соединяются с другими веществами. Всегда водород смешан с кислородом, или углерод с кислородом, или кислород с железом или с медью, с кремнем и с разными другими веществами. Когда вещества крепкие или газы смешаны между собой, то трудно разобрать, из чего они соединены, потому что они не смешиваются так, чтобы был кусок кислороду, кусок железа, а они смешиваются такими мелкими частичками, что нельзя найти ни одной самой маленькой частички прежнего вещества, а делается новое вещество.
  </p>
  <p rend="left">
   <del>
    Когда два вещества смешиваются так, что можно разобрать хоть в увеличительное стекло самые маленькие частички веществ смеси, то это называется механическое соединение, но когда нельзя отыскать прежних частиц, и всё вещество делается другое и на вид, и на запах, и на вкус, тогда это называется химическое соединение. Если сметать вместе самый мелкий синий порошок с самым мелким желтым порошком, то сделается зеленый порошок. На вид порошок изменится; но на запах, на вкус, на ощупь он будет такой же. И если рассмотреть его в стекло увеличительное, то будут видны синие и желтые крупинки. Но если железо заржавеет, т. е. смешается кислород с железом, то ржавчина и на вид, и на запах, и на ощупь, и на вкус будет совсем не такая, как железо и кислород, и в какое увеличительное стекло ни смотри, не увидишь частиц кислорода и железа. Это химическое соединение.
   </del>
  </p>
  <p rend="left">
   Если взять кислороду и водороду и смешать, а потом зажечь эту смесь, сейчас водород загорится, заберет в себя, сколько ему нужно, кислороду, вся смесь сделается мокрая и из пара станет вода, и в воде этой не найдешь уж ни одной частицы ни кислорода, ни водорода.
  </p>
  <p rend="left">
   Есть металл содиум и газ хлорин. Если съесть кусочек содиума, то умрешь — это яд. Если подышать хлорином,
   <hi style="opdelimiter">
    то
   </hi>
   <hi style="opnumber">
    386
   </hi>
   <hi style="npnumber">
    387
   </hi>
   <pb n="387"/>
   <hi style="npdelimiter">
    тоже
   </hi>
   умрешь, как от яда. Если свести вместе эти два вещества, то вспыхнет огонь, треснет, как из ружья, и сделается осадок. Если остудить этот осадок, то осадок — это будет соль. Та самая соль, которую едят с хлебом.
  </p>
 </text>
</TEI>