<?xml version="1.0" encoding="utf-8"?>
<TEI xmlns="http://www.tei-c.org/ns/1.0" xmlns:xi="http://www.w3.org/2001/XInclude">
 <teiHeader>
  <fileDesc>
   <titleStmt>
    <title>
     ОБЕЗЬЯНА
    </title>
    <author>
     Толстой Л.Н.
    </author>
    <respStmt>
     <resp>
      подготовка TEI/XML
     </resp>
     <name>
      Мария Картышева, Евгений Можаев, Даниил Скоринкин, Елена Сидорова, Вероника Файнберг, Кирилл Милинцевич
     </name>
    </respStmt>
    <respStmt>
     <resp>
      Идея, постановка задач, руководство
     </resp>
     <name>
      Анастасия Бонч-Осмоловская, Фёкла Толстая, Борис Орехов
     </name>
    </respStmt>
   </titleStmt>
   <publicationStmt>
    <idno>
     ОБЕЗЬЯНА
    </idno>
    <publisher>
     <orgName>
      Школа лингвистики НИУ ВШЭ
     </orgName>
    </publisher>
    <availability>
     <p>
      Тексты и метатекстовая разметка доступны для свободного использования и распространения по лицензии Creative Commons Attribution Share-Alike (cc by-sa)
     </p>
    </availability>
   </publicationStmt>
   <sourceDesc>
    <biblStruct>
     <analytic>
      <author>
       Толстой Л.Н.
      </author>
     </analytic>
     <monogr>
      <title level="m">
       Полное собрание сочинений. Том 21
      </title>
      <imprint>
       <pubPlace>
        Москва
       </pubPlace>
       <publisher>
        Государственное издательство "Художественная литература"
       </publisher>
      </imprint>
     </monogr>
     <series>
      <title level="s">
       Л.Н. Толстой. Полное собрание сочинений
      </title>
      <biblScope unit="vol">
       90
      </biblScope>
     </series>
    </biblStruct>
   </sourceDesc>
  </fileDesc>
  <encodingDesc>
   <classDecl>
    <xi:include href="taxonomy.xml"/>
   </classDecl>
  </encodingDesc>
  <profileDesc>
   <creation>
    <date/>
    <rs type="country">
     Россия
    </rs>
   </creation>
   <textClass/>
   <preparedness>
    not finished
   </preparedness>
  </profileDesc>
 </teiHeader>
 <p rend="left emptyline">
  <pb n="348"/>
 </p>
 <text>
  <head rend="center">
   ** &lt;ОБЕЗЬЯНА
  </head>
  <p rend="left">
   Были два маленькие брата. Меньшой брат построил себе маленький дом и играл с ним. А старший брат побежал мимо дома и нечаянно зацепил его. Меньшой брат рассердился, заплакал, закричал и замахнулся бить старшего брата. Старший брат сказал: Я не нарочно. За что ты сердишься? Хочешь, я тебе сам построю такой же дом? Но младший брат так разозлился, что он ничего слышать не хотел, и плакал, кричал и махал руками, и нельзя было понять, что он говорил. Из носу у него текли сопли, и лицо стало гадкое и страшное. Старший брат ушел от него. На другой день пришел человек показывать обезьяну. Братья вышли смотреть. Когда обезьяна показала все штуки, младший брат стал палочкой дразнить ее. Обезьяна кричала, визжала, из носу у нее текли сопли, и замахивалась на него руками. Старший брат сказал: Вот точно такой ты был вчера, когда рассердился на меня. Младший брат замолчал и сейчас же ушел в дом.&gt;
  </p>
  <p rend="centerline">
   ————
  </p>
  <p rend="left">
   **
   <del>
    Один мальчик увидал нищего. Ему жалко стало его. Он принес ему свою лошадку и отдал. — Мне не нужно лошадки. Мне нужно хлеба. Другой крестьянский мальчик полюбил барченка и принес ему яиц. А барченок говорит: Мне не нужно яиц, я не ем их. Мальчик проиграл все бабки и плакал. А мясник отдал все бабки собакам. Ему не нужно было. Один бедный человек говорил: Если бы мне дали золотой, я был бы счастлив. А другой человек умирал с голода и нашел кошелек с деньгами и бросил его. Вещь хороша только тому, кому она нужна.
   </del>
  </p>
 </text>
</TEI>