<?xml version="1.0" encoding="utf-8"?>
<TEI xmlns="http://www.tei-c.org/ns/1.0" xmlns:xi="http://www.w3.org/2001/XInclude">
 <teiHeader>
  <fileDesc>
   <titleStmt>
    <title>
     Произведения, написанные для «Азбуки» и не включенные в нее
    </title>
    <author>
     Толстой Л.Н.
    </author>
    <respStmt>
     <resp>
      подготовка TEI/XML
     </resp>
     <name>
      Мария Картышева, Евгений Можаев, Даниил Скоринкин, Елена Сидорова, Вероника Файнберг, Кирилл Милинцевич
     </name>
    </respStmt>
    <respStmt>
     <name>
      Анастасия Бонч-Осмоловская, Фёкла Толстая, Борис Орехов
     </name>
     <resp>
      Идея, постановка задач, руководство
     </resp>
    </respStmt>
   </titleStmt>
   <publicationStmt>
    <idno>
     Азбука  | Произведения, написанные для «Азбуки» и не включенные в нее
    </idno>
    <publisher>
     <orgName>
      Школа лингвистики НИУ ВШЭ
     </orgName>
    </publisher>
    <availability>
     <p>
      Тексты и метатекстовая разметка доступны для свободного использования и распространения по лицензии Creative Commons Attribution Share-Alike (cc by-sa)
     </p>
    </availability>
   </publicationStmt>
   <sourceDesc>
    <biblStruct>
     <analytic>
      <author>
       Толстой Л.Н.
      </author>
      <title level="a">
       Произведения, написанные для «Азбуки» и не включенные в нее
      </title>
     </analytic>
     <monogr>
      <title level="m">
       Полное собрание сочинений. Том 21
      </title>
      <imprint>
       <pubPlace>
        Москва
       </pubPlace>
       <publisher>
        Государственное издательство "Художественная литература"
       </publisher>
       <date when="1871-1872"/>
      </imprint>
     </monogr>
     <series>
      <title level="s">
       Л.Н. Толстой. Полное собрание сочинений
      </title>
      <biblScope unit="vol">
       21
      </biblScope>
     </series>
    </biblStruct>
   </sourceDesc>
  </fileDesc>
  <encodingDesc>
   <classDecl>
    <xi:include href="taxonomy.xml"/>
   </classDecl>
  </encodingDesc>
  <profileDesc>
   <creation>
    <date notAfter="1872" notBefore="1871">
     1871-1872
    </date>
    <rs/>
   </creation>
   <textClass>
    <catRef target="#fiction" type="sphere"/>
    <catRef target="#произведения для детей" type="type"/>
    <catRef target="#works" type="works_letters_diaries"/>
    <catRef target="#сборник" type="ninetyDef"/>
    <catRef target="#Неопубликованное, неотделанное, неоконченное" type="main_var"/>
    <catRef target="#сборник" type="type_short"/>
    <catRef target="None" type="translation"/>
    <catRef target="None" type="translation_origin"/>
    <catRef target="#да" type="tolstoy_or_not"/>
    <catRef target="None" type="name_status"/>
   </textClass>
   <preparedness>
    finished
   </preparedness>
   <settingDesc>
    <time>
     XIX век
    </time>
   </settingDesc>
  </profileDesc>
  <xenoData>
   <cyclusName/>
   <p>
    Проект
    <title>
     Толстой.Digital
    </title>
    разрабатывается сотрудниками и студентами
    <orgName>
     Высшей школы экономики
    </orgName>
    в сотрудничестве с
    <orgName>
     Государственным музеем Л.Н. Толстого
    </orgName>
    . Источник текстов –
    <bibl>
     90-томное собрание сочинений Л.Н.Толстого
    </bibl>
    . Разметка основана на стандарте
    <ref target="http://www.tei-c.org">
     TEI (Text Encoding Initiative)
    </ref>
    .
   </p>
   <versionNumber/>
   <isFinished/>
   <isEdited/>
   <fullBibliographicDescription/>
  </xenoData>
 </teiHeader>
 <p rend="left emptyline">
  <pb n="177"/>
 </p>
 <div type="section" xml:id="h000012055">
  <head rend="center">
   КАК ДЯДЯ РАССКАЗЫВАЛ ПРО ТО,
   <lb/>
   КАК ОН ЕЗДИЛ ВЕРХОМ
  </head>
  <p id="19d47c69-020f-4c46-b248-d284ad7559cf" rend="center">
   <hi rend="italic">
    (Рассказ)
   </hi>
  </p>
  <p id="2249fa6d-4f11-497f-bcd0-b611a9a15c1a" rend="left">
   У нас был старый старик, Пимен Тимофеич. Ему было 90 лет. Он жил у своего внука без дела. Спина у него была согнутая, он ходил с палкой и тихо передвигал ногами. Зубов у него
   <pb n="178"/>
   совсем не было, лицо было сморщенное. Нижняя губа его тряслась; когда он ходил и когда говорил, он шлепал губами, и нельзя было понять, что он говорит.
  </p>
  <p id="6823ae5a-ca23-4dd7-8598-dc0324063c69" rend="left">
   Нас было четыре брата, и все мы любили ездить верхом. Но смирных лошадей у нас для езды не было. Только на одной старой лошади нам позволяли ездить: эту лошадь звали Воронок.
  </p>
  <p id="649ecc70-a4e7-4d13-9470-924e2cbe1636" rend="left">
   Один раз матушка позволила нам ездить верхом, и мы все пошли в конюшню с дядькой. Кучер оседлал нам Воронка, и первый поехал старший брат. Он долго ездил; ездил на гумно и кругом сада, и когда он подъезжал назад, мы закричали: «Ну, теперь проскачи!»
  </p>
  <p id="445ba362-a7b2-4910-bb97-2378d39246a0" rend="left">
   Старший брат стал бить Воронка ногами и хлыстом, и Воронок проскакал мимо нас.
  </p>
  <p id="a7afb6e3-4625-4cab-9b38-67b8c474f806" rend="left">
   После старшего сел другой брат, и он ездил долго и тоже хлыстом разогнал Воронка и проскакал из-под горы. Он еще хотел ездить, но третий брат просил, чтобы он поскорее пустил его. Третий брат проехал и на гумно, и вокруг сада, да еще и по деревне, и шибко проскакал из-под горы к конюшие. Когда он подъехал к нам, Воронок сопел, а шея и лопатки потемнели у него от пота.
  </p>
  <p id="a33c1b5a-66dc-4837-853f-13c8dbe6c250" rend="left">
   Когда пришел мой черед, я хотел удивить братьев и показать им, как я хорошо езжу, — стал погонять Воронка изо всех сил, но Воронок не хотел идти от конюшни. И сколько я ни колотил его, он не хотел скакать, а шел шагом и то всё заворачивал назад. Я злился на лошадь и изо всех сил бил ее хлыстом и ногами.
  </p>
  <p id="7b44a161-5f5b-4ecc-a781-15c6ae1b6342" rend="left">
   Я старался бить ее в те места, где ей больнее, сломал хлыст и остатком хлыста стал бить по голове. Но Воронок всё не хотел скакать. Тогда я поворотил назад, подъехал к дядьке и попросил хлыстика покрепче. Но дядька сказал мне:
  </p>
  <p id="b89ce4c2-95d8-43a4-a022-641b4bcd1766" rend="left">
   «Будет вам ездить, сударь, слезайте. Что лошадь мучить?»
  </p>
  <p id="5dfba869-0055-473b-b9e5-224fad1f4d25" rend="left">
   Я обиделся и сказал: «Как же, я совсем не ездил? Посмотри, как я сейчас проскачу! Дай, пожалуйста, мне хлыст покрепче. Я его разожгу».
  </p>
  <p id="b8d7741a-738b-4ebc-95d4-e81f6439f206" rend="left">
   Тогда дядька покачал головой и сказал:
  </p>
  <p id="956b9e31-0d06-4c38-9934-5fafd1dea3f7" rend="left">
   «Ах, сударь, жалости в вас нет. Что его разжигать? Ведь ему 20 лет. Лошадь измучена, насилу дышит, да и стара. Ведь она такая старая! Всё равно как Пимен Тимофеич. Вы бы сели на Тимофеича, да так-то чрез силу погоняли бы его хлыстом. Что же, вам не жалко бы было?»
  </p>
  <p id="08fe1e44-fa1f-4675-a53f-7c331ad50113" rend="left">
   <pb n="179"/>
   Я вспомнил про Пимена и послушал дядьки. Я слез с лошади, и, когда я посмотрел, как она носила потными боками, тяжело дышала ноздрями и помахивала облезшим хвостиком, я понял, что лошади трудно было. А то я думал, что ей было так же весело, как мне. Мне так жалко стало Воронка, что я стал целовать его в потную шею и просить у него прощенья за то, что я его бил.
  </p>
  <p id="606bf2a0-8f26-433f-acde-207ca077f924" rend="left">
   С тех пор я вырос большой и всегда жалею лошадей и всегда вспоминаю Воронка и Пимена Тимофеича, когда вижу, что мучают лошадей.
  </p>
 </div>
</TEI>