<?xml version="1.0" encoding="utf-8"?>
<TEI xmlns="http://www.tei-c.org/ns/1.0" xmlns:xi="http://www.w3.org/2001/XInclude">
 <teiHeader>
  <fileDesc>
   <titleStmt>
    <title>
     ДЕРЕВЬЯ ДЫШАТ
    </title>
    <author>
     Толстой Л.Н.
    </author>
    <respStmt>
     <resp>
      подготовка TEI/XML
     </resp>
     <name>
      Мария Картышева, Евгений Можаев, Даниил Скоринкин, Елена Сидорова, Вероника Файнберг, Кирилл Милинцевич
     </name>
    </respStmt>
    <respStmt>
     <resp>
      Идея, постановка задач, руководство
     </resp>
     <name>
      Анастасия Бонч-Осмоловская, Фёкла Толстая, Борис Орехов
     </name>
    </respStmt>
   </titleStmt>
   <publicationStmt>
    <idno>
     ДЕРЕВЬЯ ДЫШАТ
    </idno>
    <publisher>
     <orgName>
      Школа лингвистики НИУ ВШЭ
     </orgName>
    </publisher>
    <availability>
     <p>
      Тексты и метатекстовая разметка доступны для свободного использования и распространения по лицензии Creative Commons Attribution Share-Alike (cc by-sa)
     </p>
    </availability>
   </publicationStmt>
   <sourceDesc>
    <biblStruct>
     <analytic>
      <author>
       Толстой Л.Н.
      </author>
     </analytic>
     <monogr>
      <title level="m">
       Полное собрание сочинений. Том 21
      </title>
      <imprint>
       <pubPlace>
        Москва
       </pubPlace>
       <publisher>
        Государственное издательство "Художественная литература"
       </publisher>
      </imprint>
     </monogr>
     <series>
      <title level="s">
       Л.Н. Толстой. Полное собрание сочинений
      </title>
      <biblScope unit="vol">
       90
      </biblScope>
     </series>
    </biblStruct>
   </sourceDesc>
  </fileDesc>
  <encodingDesc>
   <classDecl>
    <xi:include href="taxonomy.xml"/>
   </classDecl>
  </encodingDesc>
  <profileDesc>
   <creation>
    <date/>
    <rs type="country">
     Россия
    </rs>
   </creation>
   <textClass/>
   <preparedness>
    not finished
   </preparedness>
  </profileDesc>
 </teiHeader>
 <p rend="left emptyline">
  <pb n="363"/>
 </p>
 <text>
  <head rend="center">
   ** ДЕРЕВЬЯ ДЫШАТ
  </head>
  <p rend="left">
   Ребенок был болен. Он бился, метался, потом затих. Мать думала, что он заснул; посмотрела — а он не дышит. Она стала плакать, позвала бабушку и говорит: «посмотри, у меня ребеночек умер». Бабушка говорит: «погоди плакать, может быть он только замер, а не умер. Вот, дай приставим стеклышко к ротику, если отпотеет, значит, дышит и
   <hi style="opdelimiter">
    жив».
   </hi>
   <hi style="opnumber">
    363
   </hi>
  </p>
  <p rend="left">
   <hi style="npnumber">
    364
   </hi>
   <pb n="364"/>
   <hi style="npdelimiter">
    Приставили
   </hi>
   стеклышко к ротику. Стеклышко отпотело. Ребенок был жив. Он проснулся и выздоровел.
  </p>
  <p rend="left">
   Великим постом была оттепель, да не согнала всего снегу, и опять заморозило, и сделался туман.
  </p>
  <p rend="left">
   Рано утром пошел я по насту в сад. Смотрю — все яблони пестрые, одни сучки черные, а другие точно посыпаны белыми звездочками. Подошел я ближе — посмотрел черные сучки — все сухие, посмотрел на пестрые — все живые и все по почкам облипли инеем.
   <note xi:id="note81">
    Слова: все живые и все по почкам облипли инеем вставлены в корректуре-верстке.
   </note>
   Нигде нет инея, только на самых на кончиках почек, на ротиках там, где раскрываться начали, точно как усы и борода у мужиков обиндивеют на морозе. Мертвые деревья не дышат, а живые деревья дышат, так же, как люди. Мы ртами и носами, они — почками.
  </p>
 </text>
</TEI>