<?xml version="1.0" encoding="utf-8"?>
<TEI xmlns="http://www.tei-c.org/ns/1.0" xmlns:xi="http://www.w3.org/2001/XInclude">
 <teiHeader>
  <fileDesc>
   <titleStmt>
    <title>
     АСТРОНОМЫ
    </title>
    <author>
     Толстой Л.Н.
    </author>
    <respStmt>
     <resp>
      подготовка TEI/XML
     </resp>
     <name>
      Мария Картышева, Евгений Можаев, Даниил Скоринкин, Елена Сидорова, Вероника Файнберг, Кирилл Милинцевич
     </name>
    </respStmt>
    <respStmt>
     <resp>
      Идея, постановка задач, руководство
     </resp>
     <name>
      Анастасия Бонч-Осмоловская, Фёкла Толстая, Борис Орехов
     </name>
    </respStmt>
   </titleStmt>
   <publicationStmt>
    <idno>
     АСТРОНОМЫ
    </idno>
    <publisher>
     <orgName>
      Школа лингвистики НИУ ВШЭ
     </orgName>
    </publisher>
    <availability>
     <p>
      Тексты и метатекстовая разметка доступны для свободного использования и распространения по лицензии Creative Commons Attribution Share-Alike (cc by-sa)
     </p>
    </availability>
   </publicationStmt>
   <sourceDesc>
    <biblStruct>
     <analytic>
      <author>
       Толстой Л.Н.
      </author>
     </analytic>
     <monogr>
      <title level="m">
       Полное собрание сочинений. Том 21
      </title>
      <imprint>
       <pubPlace>
        Москва
       </pubPlace>
       <publisher>
        Государственное издательство "Художественная литература"
       </publisher>
      </imprint>
     </monogr>
     <series>
      <title level="s">
       Л.Н. Толстой. Полное собрание сочинений
      </title>
      <biblScope unit="vol">
       90
      </biblScope>
     </series>
    </biblStruct>
   </sourceDesc>
  </fileDesc>
  <encodingDesc>
   <classDecl>
    <xi:include href="taxonomy.xml"/>
   </classDecl>
  </encodingDesc>
  <profileDesc>
   <creation>
    <date/>
    <rs type="country">
     Россия
    </rs>
   </creation>
   <textClass/>
   <preparedness>
    not finished
   </preparedness>
  </profileDesc>
 </teiHeader>
 <p rend="left emptyline">
  <pb n="366"/>
 </p>
 <text>
  <head rend="center">
   * АСТРОНОМЫ
  </head>
  <p rend="left">
   В календаре сказано вперед, когда дни и ночи будут равные, сказано тоже вперед, когда, какого дня и в каком часу родится месяц. Сказано тоже бывает в календарях, когда, какого дня и в каком часу затмится луна или солнце.
   <del>
    Затмения солнца и луны бывают каждый год не меньше трех, только не всегда затмения эти видны от нас. Иногда видно в Петербурге, а на Кавказе не видно
   </del>
   . В календарях тоже вперед сказано, когда, в каком часу выйдет на небо звезда с хвостом.
   <del>
    И звезды эти с хвостами каждый год бывают на небе, только мы не всегда их примечаем.
   </del>
   — И всегда всё сбывается, как предсказано в календаре.
  </p>
  <p rend="left">
   Было предсказано в 1871 году затмение луны и затмение солнца, и точно так, как предсказано, в тот самый день и
   <hi style="opdelimiter">
    час
   </hi>
   <hi style="opnumber">
    366
   </hi>
   <hi style="npnumber">
    367
   </hi>
   <pb n="367"/>
   <hi style="npdelimiter">
    в
   </hi>
   середине ночи на полную луну нашло черное пятно, закрыло и потом открыло месяц, и середь дня на солнце нашло черное пятно, закрыло солнце и опять открыло.
   <del>
    Узнают всё это вперед астрономы. У них есть построены башни, на башнях длинные зрительные трубы, и в эти трубы звезды днем видно. И они смотрят звезды, месяц, солнце, меряют расстояние между звездами, на бумагу срисовывают звезды и высчитывают, сколько времени какая звезда идет от места до места, и узнают, где, в какое время солнцу, месяцу и звезде надо быть. За тысячи лет до нас астрономы рассматривали звезды, солнце и месяц и замечали, как и куда они ходят, и записывали, и рисовали на бумаге и рассчитывали, когда какая звезда должна прийти. И теперь тоже делают и кое-что знают и вперед угадывают. — Но прежде те, кто знали об звездах, никому не показывали своих расчетов и удивляли народ тем, что вперед угадывали, что будет, а теперь всякий, у кого есть охота к этому делу, может сам дойти до того, что предсказывают в календарях.
   </del>
  </p>
  <p rend="left">
   Если кто будет
   <del>
    летом
   </del>
   в ночи вставать каждый день до зари и замечать, где всходит солнце, то он заметит, что солнце встает не в том же месте, где встало вчера, а в другом, немного полевее, и встает не в то же время, как вчера, а каждый день пораньше. Если он будет смотреть всякий день с одного места и примечать по чему-нибудь, по дереву или бугру, против чего встает солнце, и так будет примечать год и два, то он вперед угадает, где в какой день встанет солнце. Если он так же по вечерам будет замечать за месяцем, где встает и в какое время месяц, то он вперед угадает, где будет месяц вставать. Если он по звездам будет примечать против какой звезды в каком часу будет месяц, то он тоже предскажет. И для человека, того, который никогда не примечал за этим, будет так же удивительно, как и то, как в календарях угадывают, когда будет какая звезда и когда затмение. Тут один человек примечал год и два, а там примечали тысячи человек тысячи лет. — &lt;Тот, кто имеет охоту к этому делу, тот может узнать, как дошли люди до этого. Только это дело трудное и много надо учиться, прочесть книг и самому примечать и уметь считать.
  </p>
  <p rend="left">
   Одни говорят, что земля стоит на трех рыбах, а другие говорят, что она круглая, как шар, ни на чем не стоит. Это всё равно, никто не видал ни трех рыб, ни всей земли, ни того, что она вертится. А дорого то, как дошли люди до того, что знают вперед, что с солнцем, с луной и с звездами делается.&gt;
  </p>
 </text>
</TEI>