<?xml version="1.0" encoding="utf-8"?>
<TEI xmlns="http://www.tei-c.org/ns/1.0" xmlns:xi="http://www.w3.org/2001/XInclude">
 <teiHeader>
  <fileDesc>
   <titleStmt>
    <title>
     Произведения, написанные для «Азбуки» и не включенные в нее
    </title>
    <author>
     Толстой Л.Н.
    </author>
    <respStmt>
     <resp>
      подготовка TEI/XML
     </resp>
     <name>
      Мария Картышева, Евгений Можаев, Даниил Скоринкин, Елена Сидорова, Вероника Файнберг, Кирилл Милинцевич
     </name>
    </respStmt>
    <respStmt>
     <name>
      Анастасия Бонч-Осмоловская, Фёкла Толстая, Борис Орехов
     </name>
     <resp>
      Идея, постановка задач, руководство
     </resp>
    </respStmt>
   </titleStmt>
   <publicationStmt>
    <idno>
     Азбука  | Произведения, написанные для «Азбуки» и не включенные в нее
    </idno>
    <publisher>
     <orgName>
      Школа лингвистики НИУ ВШЭ
     </orgName>
    </publisher>
    <availability>
     <p>
      Тексты и метатекстовая разметка доступны для свободного использования и распространения по лицензии Creative Commons Attribution Share-Alike (cc by-sa)
     </p>
    </availability>
   </publicationStmt>
   <sourceDesc>
    <biblStruct>
     <analytic>
      <author>
       Толстой Л.Н.
      </author>
      <title level="a">
       Произведения, написанные для «Азбуки» и не включенные в нее
      </title>
     </analytic>
     <monogr>
      <title level="m">
       Полное собрание сочинений. Том 21
      </title>
      <imprint>
       <pubPlace>
        Москва
       </pubPlace>
       <publisher>
        Государственное издательство "Художественная литература"
       </publisher>
       <date when="1871-1872"/>
      </imprint>
     </monogr>
     <series>
      <title level="s">
       Л.Н. Толстой. Полное собрание сочинений
      </title>
      <biblScope unit="vol">
       21
      </biblScope>
     </series>
    </biblStruct>
   </sourceDesc>
  </fileDesc>
  <encodingDesc>
   <classDecl>
    <xi:include href="taxonomy.xml"/>
   </classDecl>
  </encodingDesc>
  <profileDesc>
   <creation>
    <date notAfter="1872" notBefore="1871">
     1871-1872
    </date>
    <rs/>
   </creation>
   <textClass>
    <catRef target="#fiction" type="sphere"/>
    <catRef target="#произведения для детей" type="type"/>
    <catRef target="#works" type="works_letters_diaries"/>
    <catRef target="#сборник" type="ninetyDef"/>
    <catRef target="#Неопубликованное, неотделанное, неоконченное" type="main_var"/>
    <catRef target="#сборник" type="type_short"/>
    <catRef target="None" type="translation"/>
    <catRef target="None" type="translation_origin"/>
    <catRef target="#да" type="tolstoy_or_not"/>
    <catRef target="None" type="name_status"/>
   </textClass>
   <preparedness>
    finished
   </preparedness>
   <settingDesc>
    <time>
     XIX век
    </time>
   </settingDesc>
  </profileDesc>
  <xenoData>
   <cyclusName/>
   <p>
    Проект
    <title>
     Толстой.Digital
    </title>
    разрабатывается сотрудниками и студентами
    <orgName>
     Высшей школы экономики
    </orgName>
    в сотрудничестве с
    <orgName>
     Государственным музеем Л.Н. Толстого
    </orgName>
    . Источник текстов –
    <bibl>
     90-томное собрание сочинений Л.Н.Толстого
    </bibl>
    . Разметка основана на стандарте
    <ref target="http://www.tei-c.org">
     TEI (Text Encoding Initiative)
    </ref>
    .
   </p>
   <versionNumber/>
   <isFinished/>
   <isEdited/>
   <fullBibliographicDescription/>
  </xenoData>
 </teiHeader>
 <p rend="left emptyline">
  <pb n="126"/>
 </p>
 <div type="section" xml:id="h000011049">
  <head rend="center">
   ВИЗИРЬ АБДУЛ
  </head>
  <p rend="center" uuid="d380182c-0f6c-4757-9639-bcbbf1931b60">
   <hi rend="italic">
    (Сказка)
   </hi>
  </p>
  <p rend="left" uuid="66c31486-e29a-480b-8512-8f16f491b5be">
   Был у персидского царя правдивый визирь Абдул. Поехал он раз к царю через город. А в городе собрался народ бунтовать. Как только увидали визиря, обступили его, остановили лошадь и стали грозить ему, что они его убьют, если он по-ихнему не сделает. Один человек так осмелился, что взял его за бороду и подергал ему бороду.
  </p>
  <p rend="left" uuid="50ecdc4e-3214-4a22-92ba-a71d493fbbf7">
   Когда они отпустили визиря, он приехал к царю и упросил его помочь народу и не наказывать за то, что они его так обидели.
  </p>
  <p rend="left" uuid="0cadf2b0-b7d8-4720-a326-0058b7d34aec">
   На другое утро пришел к визирю лавочник. Визирь спросил, что ему надо. Лавочник говорит: «Я пришел выдать тебе того самого человека, который тебя обидел вчера. Я его знаю — это мой сосед, его звать Нагим; пошли за ним и накажи его!»
  </p>
  <p rend="left" uuid="40883f35-407d-4725-a68a-86ae47052e94">
   Визирь отпустил лавочника и послал за Нагимом. Нагим догадался, что его выдали, пришел ни жив ни мертв к визирю и упал в ноги.
  </p>
  <p rend="left" uuid="f1e3c331-6c0e-4cfb-ba38-1f5108168195">
   Визирь поднял его и сказал: «Я не за тем призвал тебя, чтобы наказывать, а только за тем, чтобы сказать тебе, что у тебя сосед нехорош. Он тебя выдал, берегись его. Ступай с богом».
  </p>
  <p rend="left emptyline" uuid="82c45b85-146e-4bc6-9cae-9baf56d54cf5">
   <pb n="127"/>
  </p>
 </div>
</TEI>