<?xml version="1.0" encoding="utf-8"?>
<TEI xmlns="http://www.tei-c.org/ns/1.0" xmlns:xi="http://www.w3.org/2001/XInclude">
 <teiHeader>
  <fileDesc>
   <titleStmt>
    <title>
     Произведения, написанные для «Азбуки» и не включенные в нее
    </title>
    <author>
     Толстой Л.Н.
    </author>
    <respStmt>
     <resp>
      подготовка TEI/XML
     </resp>
     <name>
      Мария Картышева, Евгений Можаев, Даниил Скоринкин, Елена Сидорова, Вероника Файнберг, Кирилл Милинцевич
     </name>
    </respStmt>
    <respStmt>
     <name>
      Анастасия Бонч-Осмоловская, Фёкла Толстая, Борис Орехов
     </name>
     <resp>
      Идея, постановка задач, руководство
     </resp>
    </respStmt>
   </titleStmt>
   <publicationStmt>
    <idno>
     Азбука  | Произведения, написанные для «Азбуки» и не включенные в нее
    </idno>
    <publisher>
     <orgName>
      Школа лингвистики НИУ ВШЭ
     </orgName>
    </publisher>
    <availability>
     <p>
      Тексты и метатекстовая разметка доступны для свободного использования и распространения по лицензии Creative Commons Attribution Share-Alike (cc by-sa)
     </p>
    </availability>
   </publicationStmt>
   <sourceDesc>
    <biblStruct>
     <analytic>
      <author>
       Толстой Л.Н.
      </author>
      <title level="a">
       Произведения, написанные для «Азбуки» и не включенные в нее
      </title>
     </analytic>
     <monogr>
      <title level="m">
       Полное собрание сочинений. Том 21
      </title>
      <imprint>
       <pubPlace>
        Москва
       </pubPlace>
       <publisher>
        Государственное издательство "Художественная литература"
       </publisher>
       <date when="1871-1872"/>
      </imprint>
     </monogr>
     <series>
      <title level="s">
       Л.Н. Толстой. Полное собрание сочинений
      </title>
      <biblScope unit="vol">
       21
      </biblScope>
     </series>
    </biblStruct>
   </sourceDesc>
  </fileDesc>
  <encodingDesc>
   <classDecl>
    <xi:include href="taxonomy.xml"/>
   </classDecl>
  </encodingDesc>
  <profileDesc>
   <creation>
    <date notAfter="1872" notBefore="1871">
     1871-1872
    </date>
    <rs/>
   </creation>
   <textClass>
    <catRef target="#fiction" type="sphere"/>
    <catRef target="#произведения для детей" type="type"/>
    <catRef target="#works" type="works_letters_diaries"/>
    <catRef target="#сборник" type="ninetyDef"/>
    <catRef target="#Неопубликованное, неотделанное, неоконченное" type="main_var"/>
    <catRef target="#сборник" type="type_short"/>
    <catRef target="None" type="translation"/>
    <catRef target="None" type="translation_origin"/>
    <catRef target="#да" type="tolstoy_or_not"/>
    <catRef target="None" type="name_status"/>
   </textClass>
   <preparedness>
    finished
   </preparedness>
   <settingDesc>
    <time>
     XIX век
    </time>
   </settingDesc>
  </profileDesc>
  <xenoData>
   <cyclusName/>
   <p>
    Проект
    <title>
     Толстой.Digital
    </title>
    разрабатывается сотрудниками и студентами
    <orgName>
     Высшей школы экономики
    </orgName>
    в сотрудничестве с
    <orgName>
     Государственным музеем Л.Н. Толстого
    </orgName>
    . Источник текстов –
    <bibl>
     90-томное собрание сочинений Л.Н.Толстого
    </bibl>
    . Разметка основана на стандарте
    <ref target="http://www.tei-c.org">
     TEI (Text Encoding Initiative)
    </ref>
    .
   </p>
   <versionNumber/>
   <isFinished/>
   <isEdited/>
   <fullBibliographicDescription/>
  </xenoData>
 </teiHeader>
 <p rend="left emptyline">
  <pb n="223"/>
 </p>
 <div type="section" xml:id="h000013029">
  <head rend="center">
   ГАЛЧОНОК
  </head>
  <p rend="center" uuid="54ccd211-c2f6-4ed8-8549-55a9d03f920d">
   <hi rend="italic">
    (Басня)
   </hi>
  </p>
  <p rend="left" uuid="453d6265-7a45-4818-8e48-a1cb89674bb2">
   Пустынник увидал раз в лесу сокола. Сокол принес в гнездо кусок мяса, разорвал мясо на маленькие куски и стал кормить галчонка.
  </p>
  <p rend="left" uuid="c1328f8d-0838-4eaf-b156-736bef7281ed">
   Пустынник удивился, как так сокол кормит галчонка, и подумал: «Галчонок, и тот у бога не пропадет, и научил же бог этого сокола кормить чужого сироту. Видно, бог всех тварей кормит, а мы всё о себе думаем. Перестану я о себе заботиться, не буду себе припасать пищи. Бог всех тварей не оставляет, и меня не оставит».
  </p>
  <p rend="left" uuid="5a1482da-e788-45e5-a824-079ac094473c">
   Так и сделал: сел в лесу и не вставал с места, а только молился богу. Три дня и три ночи он пробыл без питья и еды. На третий день пустынник так ослабел, что уж не мог поднять руки. От слабости он заснул. И приснился ему старец. Старец будто подошел к нему и говорит: «Ты зачем себе пищи не припасаешь? Ты думаешь богу угодить, а ты грешишь. Бог так мир устроил, чтоб каждая тварь добывала себе нужное. Бог велел соколу кормить галчонка, потому что галчонок пропал бы без сокола; а ты можешь сам работать. Ты хочешь испытывать бога, а это грех. Проснись и работай попрежнему».
  </p>
  <p rend="left" uuid="a9c3c72d-0314-4648-bcdf-2dbb65ff51bc">
   Пустынник проснулся и стал жить попрежнему.
  </p>
 </div>
</TEI>