<?xml version="1.0" encoding="utf-8"?>
<TEI xmlns="http://www.tei-c.org/ns/1.0" xmlns:xi="http://www.w3.org/2001/XInclude">
 <teiHeader>
  <fileDesc>
   <titleStmt>
    <title>
     Произведения, написанные для «Азбуки» и не включенные в нее
    </title>
    <author>
     Толстой Л.Н.
    </author>
    <respStmt>
     <resp>
      подготовка TEI/XML
     </resp>
     <name>
      Мария Картышева, Евгений Можаев, Даниил Скоринкин, Елена Сидорова, Вероника Файнберг, Кирилл Милинцевич
     </name>
    </respStmt>
    <respStmt>
     <name>
      Анастасия Бонч-Осмоловская, Фёкла Толстая, Борис Орехов
     </name>
     <resp>
      Идея, постановка задач, руководство
     </resp>
    </respStmt>
   </titleStmt>
   <publicationStmt>
    <idno>
     Азбука  | Произведения, написанные для «Азбуки» и не включенные в нее
    </idno>
    <publisher>
     <orgName>
      Школа лингвистики НИУ ВШЭ
     </orgName>
    </publisher>
    <availability>
     <p>
      Тексты и метатекстовая разметка доступны для свободного использования и распространения по лицензии Creative Commons Attribution Share-Alike (cc by-sa)
     </p>
    </availability>
   </publicationStmt>
   <sourceDesc>
    <biblStruct>
     <analytic>
      <author>
       Толстой Л.Н.
      </author>
      <title level="a">
       Произведения, написанные для «Азбуки» и не включенные в нее
      </title>
     </analytic>
     <monogr>
      <title level="m">
       Полное собрание сочинений. Том 21
      </title>
      <imprint>
       <pubPlace>
        Москва
       </pubPlace>
       <publisher>
        Государственное издательство "Художественная литература"
       </publisher>
       <date when="1871-1872"/>
      </imprint>
     </monogr>
     <series>
      <title level="s">
       Л.Н. Толстой. Полное собрание сочинений
      </title>
      <biblScope unit="vol">
       21
      </biblScope>
     </series>
    </biblStruct>
   </sourceDesc>
  </fileDesc>
  <encodingDesc>
   <classDecl>
    <xi:include href="taxonomy.xml"/>
   </classDecl>
  </encodingDesc>
  <profileDesc>
   <creation>
    <date notAfter="1872" notBefore="1871">
     1871-1872
    </date>
    <rs/>
   </creation>
   <textClass>
    <catRef target="#fiction" type="sphere"/>
    <catRef target="#произведения для детей" type="type"/>
    <catRef target="#works" type="works_letters_diaries"/>
    <catRef target="#сборник" type="ninetyDef"/>
    <catRef target="#Неопубликованное, неотделанное, неоконченное" type="main_var"/>
    <catRef target="#сборник" type="type_short"/>
    <catRef target="None" type="translation"/>
    <catRef target="None" type="translation_origin"/>
    <catRef target="#да" type="tolstoy_or_not"/>
    <catRef target="None" type="name_status"/>
   </textClass>
   <preparedness>
    finished
   </preparedness>
   <settingDesc>
    <time>
     XIX век
    </time>
   </settingDesc>
  </profileDesc>
  <xenoData>
   <cyclusName/>
   <p>
    Проект
    <title>
     Толстой.Digital
    </title>
    разрабатывается сотрудниками и студентами
    <orgName>
     Высшей школы экономики
    </orgName>
    в сотрудничестве с
    <orgName>
     Государственным музеем Л.Н. Толстого
    </orgName>
    . Источник текстов –
    <bibl>
     90-томное собрание сочинений Л.Н.Толстого
    </bibl>
    . Разметка основана на стандарте
    <ref target="http://www.tei-c.org">
     TEI (Text Encoding Initiative)
    </ref>
    .
   </p>
   <versionNumber/>
   <isFinished/>
   <isEdited/>
   <fullBibliographicDescription/>
  </xenoData>
 </teiHeader>
 <p rend="left emptyline">
  <pb n="179"/>
 </p>
 <div type="section" xml:id="h000012056">
  <head rend="center">
   ЕЖ И ЗАЯЦ
  </head>
  <p id="f375a838-53de-461d-b0ee-5a7881789888" rend="center">
   <hi rend="italic">
    (Басня)
   </hi>
  </p>
  <p id="750aa374-0383-431e-bf72-88bdc7677118" rend="left">
   Повстречал заяц ежа и говорит:
  </p>
  <p id="4c380eb9-74a2-49bb-ab7d-a0bb1990d517" rend="left">
   «Всем бы ты хорош, еж, только ноги у тебя кривые, заплетаются».
  </p>
  <p id="9c7dda96-d056-4f7a-8e44-5c5ca3a6e981" rend="left">
   Еж рассердился и говорит:
  </p>
  <p id="022215b3-762d-409d-9b37-a526a041df2e" rend="left">
   «Ты что ж смеешься; мои кривые ноги скорее твоих прямых бегают. Вот дай только схожу домой, а потом давай побежим наперегонку!»
  </p>
  <p id="e8628dce-6634-40c6-a01a-1706e720477b" rend="left">
   Еж пошел домой и говорит жене: «Я с зайцем поспорил: хотим бежать наперегонку!»
  </p>
  <p id="3019a619-ac84-44ba-980e-67ba68d6ee61" rend="left">
   Ежова жена и говорит: «Ты, видно, с ума сошел! Где тебе с зайцем бежать? У него ноги быстрые, а у тебя кривые и тупые».
  </p>
  <p id="89d5ce09-726d-4d3b-9807-678738a51821" rend="left">
   А еж говорит: «У него ноги быстрые, а у меня ум быстрый. Только ты делай, что я велю. Пойдем в поле».
  </p>
  <p id="3c623bdd-da26-4959-9731-6998dab79e7a" rend="left">
   Вот пришли они па вспаханное поле к зайцу; еж и говорит жене:
  </p>
  <p id="e706373f-21bf-478a-ac17-d8842b236b22" rend="left">
   «Спрячься ты на этом конце борозды, а мы с зайцем побежим с другого конца; как он разбежится, я вернусь назад; а как прибежит к твоему концу, ты выходи и скажи: а я уже давно жду». Он тебя от меня не узнает — подумает, что это я».
  </p>
  <p id="07bf423c-e974-497e-b1cb-0a3d44f7e707" rend="left">
   Ежова жена спряталась в борозде, а еж с зайцем побежали с другого конца.
  </p>
  <p id="9979507b-d4e8-4a52-b0fa-ac22dca2c892" rend="left">
   Как заяц разбежался, еж вернулся назад и спрятался в борозду. Заяц прискакал на другой конец борозды: глядь! — а ежова жена уже там сидит. Она увидала зайца и говорит ему: «А я уже давно жду!»
  </p>
  <p id="295f9135-6579-432c-b8fe-71473fabbe83" rend="left">
   <pb n="180"/>
   Заяц не узнал ежову жену от ежа и думает: «Что за чудо! Как это он меня обогнал?»
  </p>
  <p id="0eae0024-8256-411f-aff8-436d3b724026" rend="left">
   «Ну, — говорит, — давай еще раз побежим!»
  </p>
  <p id="f4e00798-0a06-4ef9-a79b-a6be9d77d9ff" rend="left">
   «Давай!»
  </p>
  <p id="d7e239f2-d30e-4c8a-81b9-284de7a55247" rend="left">
   Заяц пустился назад, прибежал на другой конец: глядь! — а еж уже там, да и говорит: «Э, брат, ты только теперь, а я уже давно тут».
  </p>
  <p id="5a8bc5f2-800e-486a-b984-a6ed8d3a8a27" rend="left">
   «Что за чудо! — думает заяц, — уж как я шибко скакал, а всё он обогнал меня. Ну, так побежим еще раз, теперь уж не обгонишь».
  </p>
  <p id="49949336-442b-4571-afc7-d2483abb837a" rend="left">
   «Побежим!»
  </p>
  <p id="d3b20eeb-7e99-4405-9203-f161d01356d5" rend="left">
   Поскакал заяц, что было духу: глядь! — еж впереди сидит и дожидается.
  </p>
  <p id="f9059c36-f7c8-4669-9106-9c3f547beef6" rend="left">
   Итак, заяц до тех пор скакал из конца в конец, что из сил выбился.
  </p>
  <p id="aa88203a-6652-477e-9455-9492869768fe" rend="left">
   Заяц покорился и сказал, что вперед никогда не будет спорить.
  </p>
 </div>
</TEI>