<?xml version="1.0" encoding="utf-8"?>
<TEI xmlns="http://www.tei-c.org/ns/1.0" xmlns:xi="http://www.w3.org/2001/XInclude">
 <teiHeader>
  <fileDesc>
   <titleStmt>
    <title>
     Произведения, написанные для «Азбуки» и не включенные в нее
    </title>
    <author>
     Толстой Л.Н.
    </author>
    <respStmt>
     <resp>
      подготовка TEI/XML
     </resp>
     <name>
      Мария Картышева, Евгений Можаев, Даниил Скоринкин, Елена Сидорова, Вероника Файнберг, Кирилл Милинцевич
     </name>
    </respStmt>
    <respStmt>
     <name>
      Анастасия Бонч-Осмоловская, Фёкла Толстая, Борис Орехов
     </name>
     <resp>
      Идея, постановка задач, руководство
     </resp>
    </respStmt>
   </titleStmt>
   <publicationStmt>
    <idno>
     Азбука  | Произведения, написанные для «Азбуки» и не включенные в нее
    </idno>
    <publisher>
     <orgName>
      Школа лингвистики НИУ ВШЭ
     </orgName>
    </publisher>
    <availability>
     <p>
      Тексты и метатекстовая разметка доступны для свободного использования и распространения по лицензии Creative Commons Attribution Share-Alike (cc by-sa)
     </p>
    </availability>
   </publicationStmt>
   <sourceDesc>
    <biblStruct>
     <analytic>
      <author>
       Толстой Л.Н.
      </author>
      <title level="a">
       Произведения, написанные для «Азбуки» и не включенные в нее
      </title>
     </analytic>
     <monogr>
      <title level="m">
       Полное собрание сочинений. Том 21
      </title>
      <imprint>
       <pubPlace>
        Москва
       </pubPlace>
       <publisher>
        Государственное издательство "Художественная литература"
       </publisher>
       <date when="1871-1872"/>
      </imprint>
     </monogr>
     <series>
      <title level="s">
       Л.Н. Толстой. Полное собрание сочинений
      </title>
      <biblScope unit="vol">
       21
      </biblScope>
     </series>
    </biblStruct>
   </sourceDesc>
  </fileDesc>
  <encodingDesc>
   <classDecl>
    <xi:include href="taxonomy.xml"/>
   </classDecl>
  </encodingDesc>
  <profileDesc>
   <creation>
    <date notAfter="1872" notBefore="1871">
     1871-1872
    </date>
    <rs/>
   </creation>
   <textClass>
    <catRef target="#fiction" type="sphere"/>
    <catRef target="#произведения для детей" type="type"/>
    <catRef target="#works" type="works_letters_diaries"/>
    <catRef target="#сборник" type="ninetyDef"/>
    <catRef target="#Неопубликованное, неотделанное, неоконченное" type="main_var"/>
    <catRef target="#сборник" type="type_short"/>
    <catRef target="None" type="translation"/>
    <catRef target="None" type="translation_origin"/>
    <catRef target="#да" type="tolstoy_or_not"/>
    <catRef target="None" type="name_status"/>
   </textClass>
   <preparedness>
    finished
   </preparedness>
   <settingDesc>
    <time>
     XIX век
    </time>
   </settingDesc>
  </profileDesc>
  <xenoData>
   <cyclusName/>
   <p>
    Проект
    <title>
     Толстой.Digital
    </title>
    разрабатывается сотрудниками и студентами
    <orgName>
     Высшей школы экономики
    </orgName>
    в сотрудничестве с
    <orgName>
     Государственным музеем Л.Н. Толстого
    </orgName>
    . Источник текстов –
    <bibl>
     90-томное собрание сочинений Л.Н.Толстого
    </bibl>
    . Разметка основана на стандарте
    <ref target="http://www.tei-c.org">
     TEI (Text Encoding Initiative)
    </ref>
    .
   </p>
   <versionNumber/>
   <isFinished/>
   <isEdited/>
   <fullBibliographicDescription/>
  </xenoData>
 </teiHeader>
 <p rend="left emptyline">
  <pb n="268"/>
 </p>
 <div type="section" xml:id="h000014004">
  <head rend="center">
   ВОЛК И МУЖИК
  </head>
  <p rend="center" uuid="51ba4323-3be8-4c55-8311-47ba168037d9">
   <hi rend="italic">
    (Сказка)
   </hi>
  </p>
  <p rend="left" uuid="893418de-1819-4497-9544-4495e85ec0c8">
   Гнались за волком охотники. И набежал волк на мужика. Мужик шел с гумна и нес цеп и мешок.
  </p>
  <p rend="left" uuid="46ba388d-d2a6-42ee-90c7-c1ae3e9d831f">
   Волк и говорит: «Мужик, спрячь меня, — меня охотники гонят». Мужик пожалел волка, спрятал его в мешок и взвалил на плечи. Наезжают охотники и спрашивают мужика, не видал ли волка?
  </p>
  <p rend="left" uuid="9fb78aae-ef3a-46db-b1b5-2e6c013a6af5">
   — Нет, не видал.
  </p>
  <p rend="left" uuid="91eb74e5-bbbe-4ff0-a69b-ddb6561ae1ae">
   Охотники уехали. Волк выскочил из мешка и бросился на мужика, хочет его съесть. Мужик и говорит:
  </p>
  <p rend="left" uuid="30f20be9-5681-4097-9ab7-c5e8d6547f6c">
   — Ах, волк, нет в тебе совести: я тебя спас, а ты ж меня съесть хочешь. — А волк и говорит:
  </p>
  <p rend="left" uuid="ee9ba47e-5171-4fd8-908a-3b00578bb64f">
   — Старая хлеб-соль не помнится.
  </p>
  <p rend="left" uuid="b5289099-ab15-4cef-957c-d8353fd40df6">
   — Нет, старая хлеб-соль помнится, хоть у кого хочешь спроси, — всякий скажет, что помнится. — Волк и говорит:
  </p>
  <p rend="left" uuid="17427735-16e8-4633-8915-f13bfb0f6172">
   — Давай, пойдем вместе по дороге. Кого первого встретим, спросим: забывается ли старая хлеб-соль, или помнится? Если скажут: помнится, — я пущу тебя, а скажут: забывается, — съем.
  </p>
  <p rend="left" uuid="5aee055e-0eeb-48f1-9fc6-7014b4cb4311">
   Пошли они по дороге, и повстречалась им старая, слепая кобыла. Мужик и спрашивает: «Скажи, кобыла, что помнится старая хлеб-соль или забывается?»
  </p>
  <p rend="left" uuid="840f1157-24e4-4091-8062-d7bd721afe7b">
   Кобыла говорит:
  </p>
  <p rend="left" uuid="ee3b7f33-e86a-4ed7-909f-167d31437e99">
   — Да вот как: жила я у хозяина 12 лет, принесла ему 12 жеребят, и всё то время пахала да возила, а прошлым годом ослепла и всё работала на рушалке; а вот намедни стало мне не в силу кружиться, я и упала на колесо. Меня били, били, стащили за хвост под кручь и бросили. Очнулась я, насилу выбралась, и куда иду — сама не знаю. — Волк говорит:
  </p>
  <p rend="left" uuid="1c8ed6d9-fb4a-49c6-a012-e84965e0cfdc">
   — Мужик, видишь, — старая хлеб-соль не помнится.
  </p>
  <p rend="left" uuid="e5e086bb-920e-42f0-8017-972e0d20d48d">
   Мужик, говорит:
  </p>
  <p rend="left" uuid="d1527f2f-7d73-4b10-9313-348ebfe58e14">
   — Погоди, еще спросим.
  </p>
  <p rend="left" uuid="b50df7da-58e6-438f-a43c-4e32d9b3deef">
   Пошли дальше. Встречается им старая собака. Ползет, зад волочит.
  </p>
  <p rend="left" uuid="2ef67207-e5a9-4e55-b196-ae06c5a5857a">
   Мужик говорит:
  </p>
  <p rend="left" uuid="0ec0b4f8-3f4c-424a-8887-a9243e7bc557">
   — Ну, скажи, собака, забывается ли старая хлеб-соль, или помнится?
  </p>
  <p rend="left" uuid="173156dc-bb94-4fff-b05c-543cf69939f7">
   — А вот как: жила я у хозяина 15 лет, его дом стерегла, лаяла и бросалась кусаться; а вот состарилась, зуб не стало, —
   <pb n="269"/>
   меня со двора прогнали, да еще зад оглоблею отбили. Вот и волочусь, сама не знаю куда, подальше от старого хозяина.
  </p>
  <p rend="left" uuid="01b7ba2b-f522-4443-9bdd-7fd4b303a021">
   Волк говорит:
  </p>
  <p rend="left" uuid="a21bf5ba-0716-4aba-874d-316ef6a2f684">
   — Слышишь, что говорит?
  </p>
  <p rend="left" uuid="de128565-c959-4107-9a24-ef9cd04c6e57">
   А мужик говорит:
  </p>
  <p rend="left" uuid="c7d4850e-9097-4c08-bb61-c82d154ac76b">
   — Погоди еще до третьей встречи.
  </p>
  <p rend="left" uuid="acda47fd-15c4-4771-9f93-6a4341997679">
   И встречается им лисица. Мужик говорит: «Скажи, лиса, что, помнится старая хлеб-соль или забывается?»
  </p>
  <p rend="left" uuid="b03c35ac-3d7e-4728-9255-568e332a2229">
   А лиса говорит:
  </p>
  <p rend="left" uuid="9a23bc38-20bb-4156-bed1-a2949dc056fb">
   — Тебе зачем знать?
  </p>
  <p rend="left" uuid="20f9d6a6-6294-4afa-8d5e-5cb63c1033e6">
   А мужик говорит:
  </p>
  <p rend="left" uuid="35e5153d-6fd9-4eba-858f-cc9f7809da34">
   — Да вот бежал волк от охотников, стал меня просить, — и я спрятал его в мешок, а теперь он меня съесть хочет.
  </p>
  <p rend="left" uuid="5ef2f52b-2c1a-4e59-9d37-58b24ff06391">
   Лисица и говорит:
  </p>
  <p rend="left" uuid="8dffbd43-a4e5-4cce-965a-b0df87aecdce">
   — Да разве можно большому волку в такой мешок уместиться? Кабы я видела, я бы вас рассудила.
  </p>
  <p rend="left" uuid="7269bd20-50f3-4313-9990-3bb45c5698c8">
   Мужик говорит:
  </p>
  <p rend="left" uuid="01950341-da03-4499-ae18-313ba351d6fb">
   — Весь поместится, хоть у него сама спроси.
  </p>
  <p rend="left" uuid="d50232f7-c2b4-4f4d-960c-88c6b5cfbde6">
   И волк сказал: «Правда».
  </p>
  <p rend="left" uuid="39ed4031-e74d-4e94-98fa-17bb5e24be4a">
   Тогда лисица говорит:
  </p>
  <p rend="left" uuid="bf538886-de0c-4e64-aa7e-65552b80b8dc">
   — Не поверю, пока не увижу. Покажи, как ты лазил.
  </p>
  <p rend="left" uuid="7ee46625-f4fa-4918-926f-625ca8c64a34">
   Тогда волк всунул голову в мешок и говорит: «Вот как».
  </p>
  <p rend="left" uuid="4f5c5b87-b5fa-4207-aa9e-045f7b691da7">
   Лисица говорит:
  </p>
  <p rend="left" uuid="060cb82d-d7d3-4af9-bdeb-0eaa744e92fa">
   — Ты весь влезь, а то я так не вижу.
  </p>
  <p rend="left" uuid="9be97410-b9c2-49b7-891e-89b922eb5a6f">
   Волк и влез в мешок. Лисица и говорит мужику: «Теперь завяжи». Мужик завязал мешок. Лисица и говорит:
  </p>
  <p rend="left" uuid="b6d59a37-7dc4-4864-834e-881b23c1817b">
   — Ну теперь покажи, мужик, как ты на току хлеб молотишь. — Мужик обрадовался и стал бить цепом по волку.
  </p>
  <p rend="left" uuid="499137cc-7880-4f59-83aa-78d822019d97">
   А потом говорит: «А посмотри, лисица, как на току хлеб отворачивают», — и ударил лисицу по голове и убил, а сам говорит: «Старая хлеб-соль не помнится!»
  </p>
 </div>
</TEI>