<?xml version="1.0" encoding="utf-8"?>
<TEI xmlns="http://www.tei-c.org/ns/1.0" xmlns:xi="http://www.w3.org/2001/XInclude">
 <teiHeader>
  <fileDesc>
   <titleStmt>
    <title>
     Произведения, написанные для «Азбуки» и не включенные в нее
    </title>
    <author>
     Толстой Л.Н.
    </author>
    <respStmt>
     <resp>
      подготовка TEI/XML
     </resp>
     <name>
      Мария Картышева, Евгений Можаев, Даниил Скоринкин, Елена Сидорова, Вероника Файнберг, Кирилл Милинцевич
     </name>
    </respStmt>
    <respStmt>
     <name>
      Анастасия Бонч-Осмоловская, Фёкла Толстая, Борис Орехов
     </name>
     <resp>
      Идея, постановка задач, руководство
     </resp>
    </respStmt>
   </titleStmt>
   <publicationStmt>
    <idno>
     Азбука  | Произведения, написанные для «Азбуки» и не включенные в нее
    </idno>
    <publisher>
     <orgName>
      Школа лингвистики НИУ ВШЭ
     </orgName>
    </publisher>
    <availability>
     <p>
      Тексты и метатекстовая разметка доступны для свободного использования и распространения по лицензии Creative Commons Attribution Share-Alike (cc by-sa)
     </p>
    </availability>
   </publicationStmt>
   <sourceDesc>
    <biblStruct>
     <analytic>
      <author>
       Толстой Л.Н.
      </author>
      <title level="a">
       Произведения, написанные для «Азбуки» и не включенные в нее
      </title>
     </analytic>
     <monogr>
      <title level="m">
       Полное собрание сочинений. Том 21
      </title>
      <imprint>
       <pubPlace>
        Москва
       </pubPlace>
       <publisher>
        Государственное издательство "Художественная литература"
       </publisher>
       <date when="1871-1872"/>
      </imprint>
     </monogr>
     <series>
      <title level="s">
       Л.Н. Толстой. Полное собрание сочинений
      </title>
      <biblScope unit="vol">
       21
      </biblScope>
     </series>
    </biblStruct>
   </sourceDesc>
  </fileDesc>
  <encodingDesc>
   <classDecl>
    <xi:include href="taxonomy.xml"/>
   </classDecl>
  </encodingDesc>
  <profileDesc>
   <creation>
    <date notAfter="1872" notBefore="1871">
     1871-1872
    </date>
    <rs/>
   </creation>
   <textClass>
    <catRef target="#fiction" type="sphere"/>
    <catRef target="#произведения для детей" type="type"/>
    <catRef target="#works" type="works_letters_diaries"/>
    <catRef target="#сборник" type="ninetyDef"/>
    <catRef target="#Неопубликованное, неотделанное, неоконченное" type="main_var"/>
    <catRef target="#сборник" type="type_short"/>
    <catRef target="None" type="translation"/>
    <catRef target="None" type="translation_origin"/>
    <catRef target="#да" type="tolstoy_or_not"/>
    <catRef target="None" type="name_status"/>
   </textClass>
   <preparedness>
    finished
   </preparedness>
   <settingDesc>
    <time>
     XIX век
    </time>
   </settingDesc>
  </profileDesc>
  <xenoData>
   <cyclusName/>
   <p>
    Проект
    <title>
     Толстой.Digital
    </title>
    разрабатывается сотрудниками и студентами
    <orgName>
     Высшей школы экономики
    </orgName>
    в сотрудничестве с
    <orgName>
     Государственным музеем Л.Н. Толстого
    </orgName>
    . Источник текстов –
    <bibl>
     90-томное собрание сочинений Л.Н.Толстого
    </bibl>
    . Разметка основана на стандарте
    <ref target="http://www.tei-c.org">
     TEI (Text Encoding Initiative)
    </ref>
    .
   </p>
   <versionNumber/>
   <isFinished/>
   <isEdited/>
   <fullBibliographicDescription/>
  </xenoData>
 </teiHeader>
 <p rend="left emptyline">
  <pb n="297"/>
 </p>
 <div type="section" xml:id="h000014029">
  <head rend="center">
   ВОРОН И ВОРОНЯТА
  </head>
  <p rend="center" uuid="e1684a74-3e08-40c7-8eee-46ce489fa3a5">
   <hi rend="italic">
    (Басня)
   </hi>
  </p>
  <p rend="left" uuid="94233bce-3f3d-4f6a-a2d0-917033851a4f">
   Ворон свил себе гнездо на острове, и когда воронята вывелись, он стал их переносить с острова на землю. Сперва он взял в когти одного вороненка и полетел с ним через море. Когда старый ворон вылетел на средину моря, он уморился, стал реже махать крыльями и подумал: теперь я силен, а он слаб, я перенесу его через море; а когда он станет велик и силен, а я стану слаб от старости, вспомнит ли он мои труды и будет ли переносить меня с места на место? И старый ворон спросил вороненка: «Когда я буду слаб, а ты будешь силен, будешь ли ты носить меня? Говори мне правду!» Вороненок боялся, что отец бросит его в море, и сказал: «Буду». Но старый ворон не поверил сыну и выпустил вороненка из когтей. Вороненок, как комок, упал книзу и потонул в море. Старый ворон один полетел через море назад на свой остров. Потом старый ворон взял другого вороненка и также понес его через море. Опять он уморился на средине моря и спросил сына, будет ли он его в старости переносить с места на место. Сын испугался, чтобы отец не бросил его, и сказал: «Буду».
  </p>
  <p rend="left" uuid="195e1211-2227-432d-b936-6f318a1a0563">
   Отец не поверил и этому сыну и бросил его в море. Когда старый ворон прилетел назад к своему гнезду, у него оставался один вороненок. Он взял последнего сына и полетел с ним через море. Когда он вылетел на средину моря и уморился, он спросил: «Будешь ли ты в моей старости кормить меня и переносить с места на место?» Вороненок сказал: «Нет, не буду». — «Отчего?» — спросил отец. «Когда ты будешь стар, а я буду большой, у меня будет свое гнездо и свои воронята, и я буду кормить
   <pb n="298"/>
   и носить своих детей». Тогда старый ворон подумал: «он правду сказал, за то потружусь и перенесу его за море». И старый ворон не выпустил вороненка, а из последних сил замахал крыльями и перенес на землю, чтобы он свил себе гнездо и вывел детей.
  </p>
 </div>
</TEI>