<?xml version='1.0' encoding='UTF-8'?>
<TEI xmlns:xi="http://www.w3.org/2001/XInclude" xmlns="http://www.tei-c.org/ns/1.0">
  <teiHeader>
    <fileDesc>
      <titleStmt>
        <title>ВОЛК И СЕМЕРО МАЛЕНЬКИХ КОЗЛЯТОЧЕК</title>
        <author>Толстой Л.Н.</author>
        <respStmt>
          <resp>подготовка TEI/XML</resp>
          <name>Мария Картышева, Евгений Можаев, Даниил Скоринкин, Елена Сидорова, Вероника Файнберг, Кирилл Милинцевич</name>
        </respStmt>
        <respStmt>
          <resp>Идея, постановка задач, руководство</resp>
          <name>Анастасия Бонч-Осмоловская, Фёкла Толстая, Борис Орехов</name>
        </respStmt>
      </titleStmt>
      <publicationStmt>
        <idno>ВОЛК И СЕМЕРО МАЛЕНЬКИХ КОЗЛЯТОЧЕК</idno>
        <publisher>
          <orgName>Школа лингвистики НИУ ВШЭ</orgName>
        </publisher>
        <availability>
          <p>Тексты и метатекстовая разметка доступны для свободного использования и распространения по лицензии Creative Commons Attribution Share-Alike (cc by-sa)</p>
        </availability>
      </publicationStmt>
      <sourceDesc>
        <biblStruct>
          <analytic>
            <author>Толстой Л.Н.</author>
          </analytic>
          <monogr>
            <title level="m">Полное собрание сочинений. Том 21</title>
            <imprint>
              <pubPlace>Москва</pubPlace>
              <publisher> Государственное издательство "Художественная литература"</publisher>
            </imprint>
          </monogr>
          <series>
            <title level="s">Л.Н. Толстой. Полное собрание сочинений</title>
            <biblScope unit="vol">90</biblScope>
          </series>
        </biblStruct>
      </sourceDesc>
    </fileDesc>
    <encodingDesc>
      <classDecl>
        <xi:include href="taxonomy.xml"/>
      </classDecl>
    </encodingDesc>
    <profileDesc>
      <creation>
        <date/>
        <rs type="country">Россия</rs>
      </creation>
      <textClass/>
      <preparedness>not finished</preparedness>
    </profileDesc>
  </teiHeader>
  <p rend="left emptyline">
   <pb n="342"/>
  </p>
  <text>
    <head rend="center">*<choice original_editorial_correction="[ВОЛК И СЕМЕРО МАЛЕНЬКИХ КОЗЛЯТОЧЕК]"><sic/><corr>ВОЛК И СЕМЕРО МАЛЕНЬКИХ КОЗЛЯТОЧЕК</corr></choice></head>
    <p rend="left">&lt;что ее козлята еще живы. Коза побежала скорей домой и принесла большие ножницы. Она разрезала волку живот, и все ее семь козлят выпрыгнули живые из живота волка. После этого коза принесла семь больших камней, положила их в живот волка и зашила его.</p>
    <p rend="left">Когда волк проснулся, ему захотелось пить. Он пошел к колодцу напиться. Только что он встал на ноги, камни застучали в его животе. Волк удивился и сказал: Что это стучит во мне? Я съел козлят, а у меня в животе точно камни.</p>
    <p rend="left">Когда он пришел к колодцу, он нагнулся за водой; но камни были тяжелы, перетянули его, и он упал в колодезь вниз головою. Старая коза была так рада, что стала с козлятами плясать кругом колодца.&gt;</p>
  </text>
</TEI>
