<?xml version="1.0" encoding="utf-8"?>
<TEI xmlns="http://www.tei-c.org/ns/1.0" xmlns:xi="http://www.w3.org/2001/XInclude">
 <teiHeader>
  <fileDesc>
   <titleStmt>
    <title>
     АЛМАЗ
    </title>
    <author>
     Толстой Л.Н.
    </author>
    <respStmt>
     <resp>
      подготовка TEI/XML
     </resp>
     <name>
      Мария Картышева, Евгений Можаев, Даниил Скоринкин, Елена Сидорова, Вероника Файнберг, Кирилл Милинцевич
     </name>
    </respStmt>
    <respStmt>
     <resp>
      Идея, постановка задач, руководство
     </resp>
     <name>
      Анастасия Бонч-Осмоловская, Фёкла Толстая, Борис Орехов
     </name>
    </respStmt>
   </titleStmt>
   <publicationStmt>
    <idno>
     АЛМАЗ
    </idno>
    <publisher>
     <orgName>
      Школа лингвистики НИУ ВШЭ
     </orgName>
    </publisher>
    <availability>
     <p>
      Тексты и метатекстовая разметка доступны для свободного использования и распространения по лицензии Creative Commons Attribution Share-Alike (cc by-sa)
     </p>
    </availability>
   </publicationStmt>
   <sourceDesc>
    <biblStruct>
     <analytic>
      <author>
       Толстой Л.Н.
      </author>
     </analytic>
     <monogr>
      <title level="m">
       Полное собрание сочинений. Том 21
      </title>
      <imprint>
       <pubPlace>
        Москва
       </pubPlace>
       <publisher>
        Государственное издательство "Художественная литература"
       </publisher>
      </imprint>
     </monogr>
     <series>
      <title level="s">
       Л.Н. Толстой. Полное собрание сочинений
      </title>
      <biblScope unit="vol">
       90
      </biblScope>
     </series>
    </biblStruct>
   </sourceDesc>
  </fileDesc>
  <encodingDesc>
   <classDecl>
    <xi:include href="taxonomy.xml"/>
   </classDecl>
  </encodingDesc>
  <profileDesc>
   <creation>
    <date/>
    <rs type="country">
     Россия
    </rs>
   </creation>
   <textClass/>
   <preparedness>
    not finished
   </preparedness>
  </profileDesc>
 </teiHeader>
 <p rend="left emptyline">
  <pb n="387"/>
 </p>
 <text>
  <head rend="center">
   * АЛМАЗ
  </head>
  <p rend="left">
   <del>
    Золото дороже всего на свете — железа, меди и серебра. Оно дороже всего потому, что оно крепче железа, меди и серебра. Из золота можно сделать проволоку такую тонкую, как нитку. И на этой проволоке можно поднять человека.
   </del>
  </p>
  <p rend="left">
   Из всех камней самый дорогой алмаз. Алмаз крепче всего на свете. Алмазом можно резать всякий другой камень. А никакой другой камень не может резать алмаза. Алмаз дорог еще потому, что никакой камень и никакое стекло не блестит так, как алмаз. —
  </p>
  <p rend="left">
   А еще алмазы дороги потому, что их очень мало. Самый маленький алмаз стоит три рубля. Стекольщики покупают такие, чтобы резать стекла. Алмаз с горошину величиной уже стоит в 100 раз больше. Но алмаз с орех стоит дороже большого дома — сто тысяч рублей
   <del>
    и больше. Таких больших алмазов есть только четыре во всем свете. Один в России, другой во Франции, третий в Италии, четвертый во Франции.
   </del>
  </p>
  <p rend="left">
   Алмазы находят в земле. Они лежат маленькими камушками в красной глине. Когда находят алмаз в земле, он не блестит. Но когда узнают, что это алмаз, тогда его очищают, и тогда он начинает блестеть. Алмазы чистят другими алмазами.
  </p>
 </text>
</TEI>