<?xml version="1.0" encoding="utf-8"?>
<TEI xmlns="http://www.tei-c.org/ns/1.0" xmlns:xi="http://www.w3.org/2001/XInclude">
 <teiHeader>
  <fileDesc>
   <titleStmt>
    <title>
     Произведения, написанные для «Азбуки» и не включенные в нее
    </title>
    <author>
     Толстой Л.Н.
    </author>
    <respStmt>
     <resp>
      подготовка TEI/XML
     </resp>
     <name>
      Мария Картышева, Евгений Можаев, Даниил Скоринкин, Елена Сидорова, Вероника Файнберг, Кирилл Милинцевич
     </name>
    </respStmt>
    <respStmt>
     <name>
      Анастасия Бонч-Осмоловская, Фёкла Толстая, Борис Орехов
     </name>
     <resp>
      Идея, постановка задач, руководство
     </resp>
    </respStmt>
   </titleStmt>
   <publicationStmt>
    <idno>
     Азбука  | Произведения, написанные для «Азбуки» и не включенные в нее
    </idno>
    <publisher>
     <orgName>
      Школа лингвистики НИУ ВШЭ
     </orgName>
    </publisher>
    <availability>
     <p>
      Тексты и метатекстовая разметка доступны для свободного использования и распространения по лицензии Creative Commons Attribution Share-Alike (cc by-sa)
     </p>
    </availability>
   </publicationStmt>
   <sourceDesc>
    <biblStruct>
     <analytic>
      <author>
       Толстой Л.Н.
      </author>
      <title level="a">
       Произведения, написанные для «Азбуки» и не включенные в нее
      </title>
     </analytic>
     <monogr>
      <title level="m">
       Полное собрание сочинений. Том 21
      </title>
      <imprint>
       <pubPlace>
        Москва
       </pubPlace>
       <publisher>
        Государственное издательство "Художественная литература"
       </publisher>
       <date when="1871-1872"/>
      </imprint>
     </monogr>
     <series>
      <title level="s">
       Л.Н. Толстой. Полное собрание сочинений
      </title>
      <biblScope unit="vol">
       21
      </biblScope>
     </series>
    </biblStruct>
   </sourceDesc>
  </fileDesc>
  <encodingDesc>
   <classDecl>
    <xi:include href="taxonomy.xml"/>
   </classDecl>
  </encodingDesc>
  <profileDesc>
   <creation>
    <date notAfter="1872" notBefore="1871">
     1871-1872
    </date>
    <rs/>
   </creation>
   <textClass>
    <catRef target="#fiction" type="sphere"/>
    <catRef target="#произведения для детей" type="type"/>
    <catRef target="#works" type="works_letters_diaries"/>
    <catRef target="#сборник" type="ninetyDef"/>
    <catRef target="#Неопубликованное, неотделанное, неоконченное" type="main_var"/>
    <catRef target="#сборник" type="type_short"/>
    <catRef target="None" type="translation"/>
    <catRef target="None" type="translation_origin"/>
    <catRef target="#да" type="tolstoy_or_not"/>
    <catRef target="None" type="name_status"/>
   </textClass>
   <preparedness>
    finished
   </preparedness>
   <settingDesc>
    <time>
     XIX век
    </time>
   </settingDesc>
  </profileDesc>
  <xenoData>
   <cyclusName/>
   <p>
    Проект
    <title>
     Толстой.Digital
    </title>
    разрабатывается сотрудниками и студентами
    <orgName>
     Высшей школы экономики
    </orgName>
    в сотрудничестве с
    <orgName>
     Государственным музеем Л.Н. Толстого
    </orgName>
    . Источник текстов –
    <bibl>
     90-томное собрание сочинений Л.Н.Толстого
    </bibl>
    . Разметка основана на стандарте
    <ref target="http://www.tei-c.org">
     TEI (Text Encoding Initiative)
    </ref>
    .
   </p>
   <versionNumber/>
   <isFinished/>
   <isEdited/>
   <fullBibliographicDescription/>
  </xenoData>
 </teiHeader>
 <p rend="left emptyline">
  <pb n="273"/>
 </p>
 <div type="section" xml:id="h000014009">
  <head rend="center">
   ДУРНОЙ ВОЗДУХ
  </head>
  <p rend="center" uuid="29a6ef92-aa05-4f23-a529-194bf86e96a6">
   <hi rend="italic">
    (Рассуждение)
   </hi>
  </p>
  <p rend="left" uuid="4ee9dc80-898e-494d-bc5a-8d105143831f">
   Дурной воздух бывает такой тяжелый, что в нем ни человек и никакое животное жить не может.
  </p>
  <p rend="left" uuid="0dca0245-028d-4404-b217-72f572eb5960">
   Бывают места под землей, где этот воздух собирается, и если попадешь в такое место, то сейчас умираешь. Для этого в рудниках делают лампы, и прежде чем человеку идти в такое место, спускают туда лампу. Если лампа тухнет, то и человеку нельзя идти; тогда пускают туда чистого воздуха до тех пор, пока может огонь гореть.
  </p>
  <p rend="left" uuid="d2bdf840-0eb1-47cd-a047-4a51e78fab9c">
   Подле города Неаполя есть одна такая пещера. В ней дурной воздух всегда стоит внизу на аршин от земли, а выше хороший
   <pb n="274"/>
   воздух. Человек будет ходить по этой пещере, и ему ничего не сделается; а собака — как войдет, так и задохнется.
  </p>
  <p rend="left" uuid="5c45a6a6-d1f2-4967-bbf1-7339ad822d8d">
   Откуда берется этот дурной воздух? Он делается из того самого хорошего воздуха, каким мы дышим. Если собрать много людей в одно место и закрыть все двери и окна так, чтобы не проходил свежий воздух, то сделается такой же воздух, как в колодце, и люди помрут.
  </p>
  <p rend="left" uuid="5f583a67-4b0e-4ae7-9fbf-090c20033bac">
   Сто лет тому назад, на войне, индейцы взяли в плен 146 англичан. Их заперли в подземную пещеру, куда не мог проходить воздух.
  </p>
  <p rend="left" uuid="9c591c53-991c-460e-b378-b13d37d58211">
   Пленные англичане, когда побыли там несколько часов, стали задыхаться, — и под конец ночи из них 123 умерло, а остальные вышли еле живые и больные. Сначала в пещере воздух был хорош; но когда пленные выдышали весь хороший воздух, а нового не проходило, — сделался дурной воздух, похожий на тот, что был в колодце, и они померли. Отчего делается дурной воздух из хорошего, когда соберутся много людей? Оттого, что люди, когда дышат, то собирают в себя хороший воздух, а выдыхают дурной.
  </p>
 </div>
</TEI>