<?xml version="1.0" encoding="utf-8"?>
<TEI xmlns="http://www.tei-c.org/ns/1.0" xmlns:xi="http://www.w3.org/2001/XInclude">
 <teiHeader>
  <fileDesc>
   <titleStmt>
    <title>
     Произведения, написанные для «Азбуки» и не включенные в нее
    </title>
    <author>
     Толстой Л.Н.
    </author>
    <respStmt>
     <resp>
      подготовка TEI/XML
     </resp>
     <name>
      Мария Картышева, Евгений Можаев, Даниил Скоринкин, Елена Сидорова, Вероника Файнберг, Кирилл Милинцевич
     </name>
    </respStmt>
    <respStmt>
     <name>
      Анастасия Бонч-Осмоловская, Фёкла Толстая, Борис Орехов
     </name>
     <resp>
      Идея, постановка задач, руководство
     </resp>
    </respStmt>
   </titleStmt>
   <publicationStmt>
    <idno>
     Азбука  | Произведения, написанные для «Азбуки» и не включенные в нее
    </idno>
    <publisher>
     <orgName>
      Школа лингвистики НИУ ВШЭ
     </orgName>
    </publisher>
    <availability>
     <p>
      Тексты и метатекстовая разметка доступны для свободного использования и распространения по лицензии Creative Commons Attribution Share-Alike (cc by-sa)
     </p>
    </availability>
   </publicationStmt>
   <sourceDesc>
    <biblStruct>
     <analytic>
      <author>
       Толстой Л.Н.
      </author>
      <title level="a">
       Произведения, написанные для «Азбуки» и не включенные в нее
      </title>
     </analytic>
     <monogr>
      <title level="m">
       Полное собрание сочинений. Том 21
      </title>
      <imprint>
       <pubPlace>
        Москва
       </pubPlace>
       <publisher>
        Государственное издательство "Художественная литература"
       </publisher>
       <date when="1871-1872"/>
      </imprint>
     </monogr>
     <series>
      <title level="s">
       Л.Н. Толстой. Полное собрание сочинений
      </title>
      <biblScope unit="vol">
       21
      </biblScope>
     </series>
    </biblStruct>
   </sourceDesc>
  </fileDesc>
  <encodingDesc>
   <classDecl>
    <xi:include href="taxonomy.xml"/>
   </classDecl>
  </encodingDesc>
  <profileDesc>
   <creation>
    <date notAfter="1872" notBefore="1871">
     1871-1872
    </date>
    <rs/>
   </creation>
   <textClass>
    <catRef target="#fiction" type="sphere"/>
    <catRef target="#произведения для детей" type="type"/>
    <catRef target="#works" type="works_letters_diaries"/>
    <catRef target="#сборник" type="ninetyDef"/>
    <catRef target="#Неопубликованное, неотделанное, неоконченное" type="main_var"/>
    <catRef target="#сборник" type="type_short"/>
    <catRef target="None" type="translation"/>
    <catRef target="None" type="translation_origin"/>
    <catRef target="#да" type="tolstoy_or_not"/>
    <catRef target="None" type="name_status"/>
   </textClass>
   <preparedness>
    finished
   </preparedness>
   <settingDesc>
    <time>
     XIX век
    </time>
   </settingDesc>
  </profileDesc>
  <xenoData>
   <cyclusName/>
   <p>
    Проект
    <title>
     Толстой.Digital
    </title>
    разрабатывается сотрудниками и студентами
    <orgName>
     Высшей школы экономики
    </orgName>
    в сотрудничестве с
    <orgName>
     Государственным музеем Л.Н. Толстого
    </orgName>
    . Источник текстов –
    <bibl>
     90-томное собрание сочинений Л.Н.Толстого
    </bibl>
    . Разметка основана на стандарте
    <ref target="http://www.tei-c.org">
     TEI (Text Encoding Initiative)
    </ref>
    .
   </p>
   <versionNumber/>
   <isFinished/>
   <isEdited/>
   <fullBibliographicDescription/>
  </xenoData>
 </teiHeader>
 <p rend="left emptyline">
  <pb n="271"/>
 </p>
 <div type="section" xml:id="h000014007">
  <head rend="center">
   ДУБ И ОРЕШНИК
  </head>
  <p rend="center" uuid="7ad19f8a-b6dd-4020-bccf-90bf026283f5">
   <hi rend="italic">
    (Басня)
   </hi>
  </p>
  <p rend="left" uuid="26c7d095-f431-43c8-9f9d-15b3bf80c3e9">
   Старый дуб уронил с себя жолудь под куст орешника. Орешник сказал дубу: «Разве мало простора под твоими сучьями? Ты бы ронял свои жолуди на чистое место. Здесь мне самому тесно для моих отростков, и я сам не бросаю наземь своих орехов, а отдаю их людям».
  </p>
  <p rend="left" uuid="e5f35ecf-736b-48b7-ba45-78a1badce48e">
   «Я живу 200 лет, — сказал на это дуб, — и дубок из этого жолудя проживает столько же».
  </p>
  <p rend="left" uuid="a1558f38-121e-43d2-8776-0c6831710627">
   <pb n="272"/>
   Тогда орешник рассердился и сказал: «Так я заглушу твой дубок, и он не проживет и трех дней». Дуб ничего не ответил, а велел расти своему сынку из жолудя.
  </p>
  <p rend="left" uuid="a8447151-08a1-4f68-9382-566fe73f877c">
   Жолудь намок, лопнул и уцепился крючком ростка в землю, а другой росток пустил кверху.
  </p>
  <p rend="left" uuid="53508656-77d0-402e-bf3a-6ade4279a8af">
   Орешник глушил его и не давал солнца. Но дубок тянулся кверху и стал сильнее в тени орешника. Прошло сто лет. Орешник давно засох, а дуб из жолудя поднялся до неба и раскинул шатер на все стороны.
  </p>
 </div>
</TEI>