<?xml version="1.0" encoding="utf-8"?>
<TEI xmlns="http://www.tei-c.org/ns/1.0" xmlns:xi="http://www.w3.org/2001/XInclude">
 <teiHeader>
  <fileDesc>
   <titleStmt>
    <title>
     Произведения, написанные для «Азбуки» и не включенные в нее
    </title>
    <author>
     Толстой Л.Н.
    </author>
    <respStmt>
     <resp>
      подготовка TEI/XML
     </resp>
     <name>
      Мария Картышева, Евгений Можаев, Даниил Скоринкин, Елена Сидорова, Вероника Файнберг, Кирилл Милинцевич
     </name>
    </respStmt>
    <respStmt>
     <name>
      Анастасия Бонч-Осмоловская, Фёкла Толстая, Борис Орехов
     </name>
     <resp>
      Идея, постановка задач, руководство
     </resp>
    </respStmt>
   </titleStmt>
   <publicationStmt>
    <idno>
     Азбука  | Произведения, написанные для «Азбуки» и не включенные в нее
    </idno>
    <publisher>
     <orgName>
      Школа лингвистики НИУ ВШЭ
     </orgName>
    </publisher>
    <availability>
     <p>
      Тексты и метатекстовая разметка доступны для свободного использования и распространения по лицензии Creative Commons Attribution Share-Alike (cc by-sa)
     </p>
    </availability>
   </publicationStmt>
   <sourceDesc>
    <biblStruct>
     <analytic>
      <author>
       Толстой Л.Н.
      </author>
      <title level="a">
       Произведения, написанные для «Азбуки» и не включенные в нее
      </title>
     </analytic>
     <monogr>
      <title level="m">
       Полное собрание сочинений. Том 21
      </title>
      <imprint>
       <pubPlace>
        Москва
       </pubPlace>
       <publisher>
        Государственное издательство "Художественная литература"
       </publisher>
       <date when="1871-1872"/>
      </imprint>
     </monogr>
     <series>
      <title level="s">
       Л.Н. Толстой. Полное собрание сочинений
      </title>
      <biblScope unit="vol">
       21
      </biblScope>
     </series>
    </biblStruct>
   </sourceDesc>
  </fileDesc>
  <encodingDesc>
   <classDecl>
    <xi:include href="taxonomy.xml"/>
   </classDecl>
  </encodingDesc>
  <profileDesc>
   <creation>
    <date notAfter="1872" notBefore="1871">
     1871-1872
    </date>
    <rs/>
   </creation>
   <textClass>
    <catRef target="#fiction" type="sphere"/>
    <catRef target="#произведения для детей" type="type"/>
    <catRef target="#works" type="works_letters_diaries"/>
    <catRef target="#сборник" type="ninetyDef"/>
    <catRef target="#Неопубликованное, неотделанное, неоконченное" type="main_var"/>
    <catRef target="#сборник" type="type_short"/>
    <catRef target="None" type="translation"/>
    <catRef target="None" type="translation_origin"/>
    <catRef target="#да" type="tolstoy_or_not"/>
    <catRef target="None" type="name_status"/>
   </textClass>
   <preparedness>
    finished
   </preparedness>
   <settingDesc>
    <time>
     XIX век
    </time>
   </settingDesc>
  </profileDesc>
  <xenoData>
   <cyclusName/>
   <p>
    Проект
    <title>
     Толстой.Digital
    </title>
    разрабатывается сотрудниками и студентами
    <orgName>
     Высшей школы экономики
    </orgName>
    в сотрудничестве с
    <orgName>
     Государственным музеем Л.Н. Толстого
    </orgName>
    . Источник текстов –
    <bibl>
     90-томное собрание сочинений Л.Н.Толстого
    </bibl>
    . Разметка основана на стандарте
    <ref target="http://www.tei-c.org">
     TEI (Text Encoding Initiative)
    </ref>
    .
   </p>
   <versionNumber/>
   <isFinished/>
   <isEdited/>
   <fullBibliographicDescription/>
  </xenoData>
 </teiHeader>
 <p rend="left emptyline">
  <pb n="233"/>
 </p>
 <div type="section" xml:id="h000013036">
  <head rend="center">
   БУЛЬКА
  </head>
  <p rend="center" uuid="bec138a7-959f-46b4-953b-d189f39dfc1d">
   <hi rend="italic">
    (Рассказ офицера)
   </hi>
  </p>
  <p rend="left" uuid="7c50be40-c871-4efa-aa72-c182448f1174">
   У меня была мордашка. Ее звали Булькой. Она была вся черная, только кончики передних лап были белые.
  </p>
  <p rend="left" uuid="0322b265-1ad2-4bf5-a356-2a69594d8ab2">
   У всех мордашек нижняя челюсть длиннее верхней и верхние зубы заходят за нижние; но у Бульки нижняя челюсть так выдавалась вперед, что палец можно было заложить между нижними и верхними зубами. Лицо у Бульки было широкое; глаза большие, черные и блестящие; и зубы и клыки белые всегда торчали наружу. Он был похож на арапа. Булька был смирный и не кусался, но он был очень силен и цепок. Когда он, бывало, уцепится за что-нибудь, то стиснет зубы и повиснет, как тряпка, и его, как клещука, нельзя никак оторвать.
  </p>
  <p rend="left" uuid="e1636254-4735-48de-afe9-b623e18fb95a">
   Один раз его пускали на медведя, и он вцепился медведю в ухо и повис, как пиявка. Медведь бил его лапами, прижимал к себе, кидал из стороны в сторону, но не мог оторвать и повалился на голову, чтобы раздавить Бульку; но Булька до тех пор на нем держался, пока его не отлили холодной водой.
  </p>
  <p rend="left" uuid="e639a5b3-25fe-47c7-85bc-acb2d245b1e0">
   Я взял его щенком и сам выкормил. Когда я ехал служить на Кавказ, я не хотел брать его и ушел от него потихоньку, а его велел запереть. На первой станции я хотел уже садиться на другую перекладную, как вдруг увидал, что по дороге катится что-то черное и блестящее. Это был Булька в своем медном ошейнике. Он летел во весь дух к станции. Он бросился ко мне, лизнул мою руку и растянулся в тени под телегой. Язык его высунулся на целую ладонь. Он то втягивал его назад, глотая слюни, то опять высовывал на целую ладонь. Он торопился, не поспевал дышать, бока его так и прыгали. Он поворачивался с боку на бок и постукивал хвостом о землю.
  </p>
  <p rend="left" uuid="8a1179c0-3687-4bd3-8148-40c5db5b3cc1">
   Я узнал потом, что он после меня пробил раму и выскочил из окна и прямо, по моему следу, поскакал по дороге и проскакал так верст 20-ть в самый жар.
  </p>
 </div>
</TEI>