<?xml version="1.0" encoding="utf-8"?>
<TEI xmlns="http://www.tei-c.org/ns/1.0" xmlns:xi="http://www.w3.org/2001/XInclude">
 <teiHeader>
  <fileDesc>
   <titleStmt>
    <title>
     Произведения, написанные для «Азбуки» и не включенные в нее
    </title>
    <author>
     Толстой Л.Н.
    </author>
    <respStmt>
     <resp>
      подготовка TEI/XML
     </resp>
     <name>
      Мария Картышева, Евгений Можаев, Даниил Скоринкин, Елена Сидорова, Вероника Файнберг, Кирилл Милинцевич
     </name>
    </respStmt>
    <respStmt>
     <name>
      Анастасия Бонч-Осмоловская, Фёкла Толстая, Борис Орехов
     </name>
     <resp>
      Идея, постановка задач, руководство
     </resp>
    </respStmt>
   </titleStmt>
   <publicationStmt>
    <idno>
     Азбука  | Произведения, написанные для «Азбуки» и не включенные в нее
    </idno>
    <publisher>
     <orgName>
      Школа лингвистики НИУ ВШЭ
     </orgName>
    </publisher>
    <availability>
     <p>
      Тексты и метатекстовая разметка доступны для свободного использования и распространения по лицензии Creative Commons Attribution Share-Alike (cc by-sa)
     </p>
    </availability>
   </publicationStmt>
   <sourceDesc>
    <biblStruct>
     <analytic>
      <author>
       Толстой Л.Н.
      </author>
      <title level="a">
       Произведения, написанные для «Азбуки» и не включенные в нее
      </title>
     </analytic>
     <monogr>
      <title level="m">
       Полное собрание сочинений. Том 21
      </title>
      <imprint>
       <pubPlace>
        Москва
       </pubPlace>
       <publisher>
        Государственное издательство "Художественная литература"
       </publisher>
       <date when="1871-1872"/>
      </imprint>
     </monogr>
     <series>
      <title level="s">
       Л.Н. Толстой. Полное собрание сочинений
      </title>
      <biblScope unit="vol">
       21
      </biblScope>
     </series>
    </biblStruct>
   </sourceDesc>
  </fileDesc>
  <encodingDesc>
   <classDecl>
    <xi:include href="taxonomy.xml"/>
   </classDecl>
  </encodingDesc>
  <profileDesc>
   <creation>
    <date notAfter="1872" notBefore="1871">
     1871-1872
    </date>
    <rs/>
   </creation>
   <textClass>
    <catRef target="#fiction" type="sphere"/>
    <catRef target="#произведения для детей" type="type"/>
    <catRef target="#works" type="works_letters_diaries"/>
    <catRef target="#сборник" type="ninetyDef"/>
    <catRef target="#Неопубликованное, неотделанное, неоконченное" type="main_var"/>
    <catRef target="#сборник" type="type_short"/>
    <catRef target="None" type="translation"/>
    <catRef target="None" type="translation_origin"/>
    <catRef target="#да" type="tolstoy_or_not"/>
    <catRef target="None" type="name_status"/>
   </textClass>
   <preparedness>
    finished
   </preparedness>
   <settingDesc>
    <time>
     XIX век
    </time>
   </settingDesc>
  </profileDesc>
  <xenoData>
   <cyclusName/>
   <p>
    Проект
    <title>
     Толстой.Digital
    </title>
    разрабатывается сотрудниками и студентами
    <orgName>
     Высшей школы экономики
    </orgName>
    в сотрудничестве с
    <orgName>
     Государственным музеем Л.Н. Толстого
    </orgName>
    . Источник текстов –
    <bibl>
     90-томное собрание сочинений Л.Н.Толстого
    </bibl>
    . Разметка основана на стандарте
    <ref target="http://www.tei-c.org">
     TEI (Text Encoding Initiative)
    </ref>
    .
   </p>
   <versionNumber/>
   <isFinished/>
   <isEdited/>
   <fullBibliographicDescription/>
  </xenoData>
 </teiHeader>
 <p rend="left emptyline">
  <pb n="180"/>
 </p>
 <div type="section" xml:id="h000012057">
  <head rend="center">
   ДВА БРАТА
  </head>
  <p id="6351b37a-584b-432c-adf8-ca8a6e7fce3c" rend="center">
   <hi rend="italic">
    (Сказка)
   </hi>
  </p>
  <p id="a7ebcecc-40ef-473a-be76-8c3542a85ad8" rend="left">
   Два брата пошли вместе путешествовать. В полдень они легли го отдохнуть в лесу. Когда они проснулись, то увидали — подле них лежит камень и на камне что-то написано. Они стали разбирать и прочли:
  </p>
  <p id="d896f780-c88f-4064-aab9-79ef2880ea4a" rend="left">
   <hi rend="italic">
    «Кто найдет этот камень
   </hi>
   ,
   <hi rend="italic">
    тот пускай идет прямо в лес на восход солнца
   </hi>
   .
   <hi rend="italic">
    В лесу придет река: пускай плывет через эту реку на другую сторону
   </hi>
   .
   <hi rend="italic">
    Увидишь медведицу с медвежатами
   </hi>
   :
   <hi rend="italic">
    отними медвежат у медведицы и беги без оглядки прямо в гору
   </hi>
   .
   <hi rend="italic">
    На горе увидишь дом
   </hi>
   ,
   <hi rend="italic">
    и в доме том найдешь счастие
   </hi>
   ».
  </p>
  <p id="e918b90c-ed99-41b8-bd90-16ae823bb58a" rend="left">
   Братья прочли, что было написано, и меньшой сказал: «Давай пойдем вместе. Может быть, мы переплывем эту реку, донесем медвежат до дому и вместе найдем счастие».
  </p>
  <p id="8f547499-6ee1-42a7-81cd-a0de5c6085a7" rend="left">
   Тогда старший сказал: «Я не пойду в лес за медвежатами и тебе не советую. Первое дело: никто не знает — правда ли написана на этом камне; может быть всё это написано на смех. Да может быть, мы и не так разобрали. Второе: если и правда написана, — пойдем мы в лес, придет ночь, мы не попадем на реку и заблудимся. Да если и найдем реку, как мы переплывем ее? Может быть, она быстра и широка? Третье: если и переплывем
   <pb n="181"/>
   реку, — разве легкое дело отнять у медведицы медвежат: она нас задерет, и мы вместо счастия пропадем ни за что. Четвертое дело: если нам и удастся унести медвежат, — мы не добежим без отдыха в гору. Главное же дело, не сказано:
   <hi rend="italic">
    какое счастие мы найдем в этом доме? Может быть
   </hi>
   ,
   <hi rend="italic">
    нас там ждет такое счастие
   </hi>
   ,
   <hi rend="italic">
    какого нам вовсе не нужно
   </hi>
   ».
  </p>
  <p id="12def342-ebba-4194-b1c8-3c87f37ac6e4" rend="left">
   А меньшой сказал: «По-моему, не так. Напрасно этого писать на камне не стали бы. И всё написано ясно. Первое дело: нам беды не будет, если и попытаемся. Второе дело: если мы не пойдем, кто-нибудь другой прочтет надпись на камне и найдет счастье, а мы останемся ни при чем. Третье дело: не потрудиться, да не поработать, ничто в свете не радует. Четвертое: не хочу я, чтоб подумали, что я чего-нибудь да побоялся».
  </p>
  <p id="ca6827ab-ff70-4e77-bbc9-b644b29f2de8" rend="left">
   Тогда старший сказал: «И пословица говорит:
   <hi rend="italic">
    искать большого счастия
   </hi>
   —
   <hi rend="italic">
    малое потерять
   </hi>
   ; да еще:
   <hi rend="italic">
    не сули журавля в небе
   </hi>
   ,
   <hi rend="italic">
    а дай синицу в руки
   </hi>
   ».
  </p>
  <p id="84695070-c7e0-47c0-abcc-84d673e14037" rend="left">
   А меньшой сказал: «А я слыхал —
   <hi rend="italic">
    волков бояться, в лес не ходить
   </hi>
   ; да еще:
   <hi rend="italic">
    под лежачий камень вода не потечет
   </hi>
   . По мне, надо идти».
  </p>
  <p id="c78c6682-caec-45ef-91bb-65fbee961edc" rend="left">
   Меньшой брат пошел, а старший остался.
  </p>
  <p id="e89cd930-34c4-4ef3-9f52-092ba550c38e" rend="left">
   Как только меньшой брат вошел в лес, он напал на реку, переплыл ее и тут же на берегу увидал медведицу. Она спала. Он ухватил медвежат и побежал без оглядки на гору. Только что добежал до верху, — выходит ему навстречу народ, подвезли ему карету, повезли в город и сделали царем.
  </p>
  <p id="e499c65f-d00a-4ab4-86d5-9c00b940d8c4" rend="left">
   Он царствовал пять лет. На 6-й год пришел на него войной другой царь, сильнее его; завоевал город и прогнал его. Тогда меньшой брат пошел опять странствовать и пришел к старшему брату.
  </p>
  <p id="1115259c-6f5a-4c20-8339-21771ec2d6a2" rend="left">
   Старший брат жил в деревне ни богато, ни бедно. Братья обрадовались друг другу и стали рассказывать про свою жизнь.
  </p>
  <p id="0ad23843-d1cc-43d3-9b90-643f115bcf95" rend="left">
   Старший брат и говорит: «Вот и вышла моя правда: я всё время жил тихо и хорошо, а ты хошь и был царем, зато много горя видел».
  </p>
  <p id="5bf366d7-e697-46e8-9ad8-48ba3e8bcc70" rend="left">
   А меньшой сказал: «Я не тужу, что пошел тогда в лес на гору; хоть мне и плохо теперь, зато есть чем помянуть мою жизнь, а тебе и помянуть-то нечем».
  </p>
  <p id="8a8fa099-74ef-4fa7-98a9-207c9f44ae1b" rend="left emptyline">
   <pb n="182"/>
  </p>
 </div>
</TEI>