<?xml version="1.0" encoding="utf-8"?>
<TEI xmlns="http://www.tei-c.org/ns/1.0" xmlns:xi="http://www.w3.org/2001/XInclude">
 <teiHeader>
  <fileDesc>
   <titleStmt>
    <title>
     ВЕНЕЦИЯ
    </title>
    <author>
     Толстой Л.Н.
    </author>
    <respStmt>
     <resp>
      подготовка TEI/XML
     </resp>
     <name>
      Мария Картышева, Евгений Можаев, Даниил Скоринкин, Елена Сидорова, Вероника Файнберг, Кирилл Милинцевич
     </name>
    </respStmt>
    <respStmt>
     <resp>
      Идея, постановка задач, руководство
     </resp>
     <name>
      Анастасия Бонч-Осмоловская, Фёкла Толстая, Борис Орехов
     </name>
    </respStmt>
   </titleStmt>
   <publicationStmt>
    <idno>
     ВЕНЕЦИЯ
    </idno>
    <publisher>
     <orgName>
      Школа лингвистики НИУ ВШЭ
     </orgName>
    </publisher>
    <availability>
     <p>
      Тексты и метатекстовая разметка доступны для свободного использования и распространения по лицензии Creative Commons Attribution Share-Alike (cc by-sa)
     </p>
    </availability>
   </publicationStmt>
   <sourceDesc>
    <biblStruct>
     <analytic>
      <author>
       Толстой Л.Н.
      </author>
     </analytic>
     <monogr>
      <title level="m">
       Полное собрание сочинений. Том 21
      </title>
      <imprint>
       <pubPlace>
        Москва
       </pubPlace>
       <publisher>
        Государственное издательство "Художественная литература"
       </publisher>
      </imprint>
     </monogr>
     <series>
      <title level="s">
       Л.Н. Толстой. Полное собрание сочинений
      </title>
      <biblScope unit="vol">
       90
      </biblScope>
     </series>
    </biblStruct>
   </sourceDesc>
  </fileDesc>
  <encodingDesc>
   <classDecl>
    <xi:include href="taxonomy.xml"/>
   </classDecl>
  </encodingDesc>
  <profileDesc>
   <creation>
    <date/>
    <rs type="country">
     Россия
    </rs>
   </creation>
   <textClass/>
   <preparedness>
    not finished
   </preparedness>
  </profileDesc>
 </teiHeader>
 <p rend="left emptyline">
  <pb n="355"/>
 </p>
 <text>
  <head rend="center">
   * &lt;ВЕНЕЦИЯ
  </head>
  <p rend="left">
   В Италии есть такой город на берегу моря. Его называют Венеция. В этом городе по всем улицам вода. И ездят в этом городе не на лошадях, а на лодках. Крыльца в этом городе сделаны над самой водой. Как выдешь из дома, так сейчас вода. Если кто хочет куда-нибудь ехать, то зовет извозчика. И извозчик приезжает на лодке. Дома в этом городе большие — в 4 и пять этажей. Дома эти построили купцы. Они торговали в море и оттого разбогатели.&gt;
  </p>
  <p rend="left emptyline">
   <hi style="opnumber">
    355
   </hi>
   <hi style="npnumber">
    356
   </hi>
   <pb n="356"/>
  </p>
 </text>
</TEI>