<?xml version="1.0" encoding="utf-8"?>
<TEI xmlns="http://www.tei-c.org/ns/1.0" xmlns:xi="http://www.w3.org/2001/XInclude">
 <teiHeader>
  <fileDesc>
   <titleStmt>
    <title>
     Произведения, написанные для «Азбуки» и не включенные в нее
    </title>
    <author>
     Толстой Л.Н.
    </author>
    <respStmt>
     <resp>
      подготовка TEI/XML
     </resp>
     <name>
      Мария Картышева, Евгений Можаев, Даниил Скоринкин, Елена Сидорова, Вероника Файнберг, Кирилл Милинцевич
     </name>
    </respStmt>
    <respStmt>
     <name>
      Анастасия Бонч-Осмоловская, Фёкла Толстая, Борис Орехов
     </name>
     <resp>
      Идея, постановка задач, руководство
     </resp>
    </respStmt>
   </titleStmt>
   <publicationStmt>
    <idno>
     Азбука  | Произведения, написанные для «Азбуки» и не включенные в нее
    </idno>
    <publisher>
     <orgName>
      Школа лингвистики НИУ ВШЭ
     </orgName>
    </publisher>
    <availability>
     <p>
      Тексты и метатекстовая разметка доступны для свободного использования и распространения по лицензии Creative Commons Attribution Share-Alike (cc by-sa)
     </p>
    </availability>
   </publicationStmt>
   <sourceDesc>
    <biblStruct>
     <analytic>
      <author>
       Толстой Л.Н.
      </author>
      <title level="a">
       Произведения, написанные для «Азбуки» и не включенные в нее
      </title>
     </analytic>
     <monogr>
      <title level="m">
       Полное собрание сочинений. Том 21
      </title>
      <imprint>
       <pubPlace>
        Москва
       </pubPlace>
       <publisher>
        Государственное издательство "Художественная литература"
       </publisher>
       <date when="1871-1872"/>
      </imprint>
     </monogr>
     <series>
      <title level="s">
       Л.Н. Толстой. Полное собрание сочинений
      </title>
      <biblScope unit="vol">
       21
      </biblScope>
     </series>
    </biblStruct>
   </sourceDesc>
  </fileDesc>
  <encodingDesc>
   <classDecl>
    <xi:include href="taxonomy.xml"/>
   </classDecl>
  </encodingDesc>
  <profileDesc>
   <creation>
    <date notAfter="1872" notBefore="1871">
     1871-1872
    </date>
    <rs/>
   </creation>
   <textClass>
    <catRef target="#fiction" type="sphere"/>
    <catRef target="#произведения для детей" type="type"/>
    <catRef target="#works" type="works_letters_diaries"/>
    <catRef target="#сборник" type="ninetyDef"/>
    <catRef target="#Неопубликованное, неотделанное, неоконченное" type="main_var"/>
    <catRef target="#сборник" type="type_short"/>
    <catRef target="None" type="translation"/>
    <catRef target="None" type="translation_origin"/>
    <catRef target="#да" type="tolstoy_or_not"/>
    <catRef target="None" type="name_status"/>
   </textClass>
   <preparedness>
    finished
   </preparedness>
   <settingDesc>
    <time>
     XIX век
    </time>
   </settingDesc>
  </profileDesc>
  <xenoData>
   <cyclusName/>
   <p>
    Проект
    <title>
     Толстой.Digital
    </title>
    разрабатывается сотрудниками и студентами
    <orgName>
     Высшей школы экономики
    </orgName>
    в сотрудничестве с
    <orgName>
     Государственным музеем Л.Н. Толстого
    </orgName>
    . Источник текстов –
    <bibl>
     90-томное собрание сочинений Л.Н.Толстого
    </bibl>
    . Разметка основана на стандарте
    <ref target="http://www.tei-c.org">
     TEI (Text Encoding Initiative)
    </ref>
    .
   </p>
   <versionNumber/>
   <isFinished/>
   <isEdited/>
   <fullBibliographicDescription/>
  </xenoData>
 </teiHeader>
 <p rend="left emptyline">
  <pb n="272"/>
 </p>
 <div type="section" xml:id="h000014008">
  <head rend="center">
   ВРЕДНЫЙ ВОЗДУХ
  </head>
  <p rend="center" uuid="9c58ed40-0500-404b-9893-0d0f84317da6">
   <hi rend="italic">
    (Быль)
   </hi>
  </p>
  <p rend="left" uuid="ecdf68b5-f352-43f1-bbe0-7ef8bca7f932">
   В селе Никольском, в праздник, народ пошел к обедне. На барском дворе остались скотница, староста и конюх. Скотница пошла к колодцу за водой. Колодезь был на самом дворе. Она вытащила бадью, да не удержала. Бадья сорвалась, ударилась о стенку колодца и оторвала веревку. Скотница вернулась в избу и говорит старосте:
  </p>
  <p rend="left" uuid="26023f65-1f2f-4fa6-880f-a4e3da13a72c">
   — Александр! слазяй, батюшка, в колодезь, — я бадью упустила. — Александр сказал:
  </p>
  <p rend="left" uuid="b01296aa-9bc7-4a65-b82d-4766125d0ed0">
   — Ты упустила, ты и доставай. — Скотница сказала, что она, пожалуй, сама полезет, — только, чтобы он спускал ее.
  </p>
  <p rend="left" uuid="74d1d60c-2ce0-46ae-9a75-d01246fc6ef0">
   Староста посмеялся ей и сказал:
  </p>
  <p rend="left" uuid="aa50290b-eafe-4909-864b-0e6c229ebb29">
   — Ну, пойдем. Ты теперь натощак, так я удержу; а после обеда и не удержать.
  </p>
  <p rend="left" uuid="dc13c91f-e92c-4c37-80a6-bac7b40d45b8">
   Староста привязал палку к веревке, и баба верхом села на нее, взялась за веревку и стала слезать в колодезь, а староста за колесо стал спускать ее. В колодце было всего шесть аршин глубины, и только на аршин стояла вода. Староста спускал за колесо потихоньку и всё спрашивал: «еще, что ли?» Скотница кричала оттуда: «Еще немного!»
  </p>
  <p rend="left" uuid="2e93d1db-f7ab-4602-ab2b-2e62758729f8">
   Вдруг староста почувствовал, что веревка ослабла; он окликнул скотницу, но она не отвечала. Староста поглядел в колодезь и увидел, что баба лежит в воде головой и кверху ногами. Староста стал кричать и звать народ; но никого не было. Пришел только один конюх. Староста велел ему держать колесо, а сам вытянул веревку, сел на палку и полез в колодезь.
  </p>
  <p rend="left" uuid="a293809a-a3ae-418a-af07-a55d91a100c0">
   Только что конюх спустил старосту до воды, с старостой сделалось то же самое. Он бросил веревку и упал головой вниз на бабу. Конюх стал кричать, потом побежал в церковь за
   <pb n="273"/>
   народом. Обедня отошла, и народ шел из церкви. Все мужики и бабы побежали к колодцу. Все столпились у колодца и всякий кричал свое, но никто не знал, что делать. Молодой плотник Иван пробился сквозь толпу к колодцу, схватил веревку, сел на палку и велел себя спускать. Иван только привязал себя к веревке кушаком. Двое спускали его, а другие все смотрели в колодезь, что будет с Иваном. Как только он стал доходить до воды, он бросил веревку руками и упал бы головой, но кушак держал его. Все закричали: «тащи его назад!» — и Ивана вытащили.
  </p>
  <p rend="left" uuid="ad5fb542-e138-4beb-a86c-38635913cfe6">
   Он как мертвый висел на кушаке, голова его тоже висела и билась о края колодца. Лицо было сине-багровое. Его вынули, сняли с веревки и положили на землю. Думали, что он мертвый; но он вдруг тяжело дохнул, стал перхать и ожил.
  </p>
  <p rend="left" uuid="a70e09e2-0130-4a85-9cd2-cd5389c71a90">
   Тогда хотели лезть еще, но один старый мужик сказал, что лазить нельзя, потому что в колодце дурной воздух и что этот дурной воздух убивает людей. Тогда мужики побежали за баграми и стали вытаскивать старосту и бабу. Старостина жена и мать голосили у колодца, другие их унимали, а мужики цепляли в колодце баграми и старались вытащить мертвых. Раза два они дотаскивали старосту до половины колодца за его платье; но он был тяжел, платье прорывалось, и он срывался. Наконец, зацепили его за два багра и вытащили. Потом вытащили и скотницу. Оба уже были совсем мертвые и не ожили.
  </p>
  <p rend="left" uuid="8a1ed866-21f9-4025-840a-9cda80d00b17">
   Потом, когда стали осматривать колодезь, то узнали, что точно, — внизу колодца был дурной воздух.
  </p>
 </div>
</TEI>