<?xml version="1.0" encoding="utf-8"?>
<TEI xmlns="http://www.tei-c.org/ns/1.0" xmlns:xi="http://www.w3.org/2001/XInclude">
 <teiHeader>
  <fileDesc>
   <titleStmt>
    <title>
     БУРАН
    </title>
    <author>
     Толстой Л.Н.
    </author>
    <respStmt>
     <resp>
      подготовка TEI/XML
     </resp>
     <name>
      Мария Картышева, Евгений Можаев, Даниил Скоринкин, Елена Сидорова, Вероника Файнберг, Кирилл Милинцевич
     </name>
    </respStmt>
    <respStmt>
     <resp>
      Идея, постановка задач, руководство
     </resp>
     <name>
      Анастасия Бонч-Осмоловская, Фёкла Толстая, Борис Орехов
     </name>
    </respStmt>
   </titleStmt>
   <publicationStmt>
    <idno>
     БУРАН
    </idno>
    <publisher>
     <orgName>
      Школа лингвистики НИУ ВШЭ
     </orgName>
    </publisher>
    <availability>
     <p>
      Тексты и метатекстовая разметка доступны для свободного использования и распространения по лицензии Creative Commons Attribution Share-Alike (cc by-sa)
     </p>
    </availability>
   </publicationStmt>
   <sourceDesc>
    <biblStruct>
     <analytic>
      <author>
       Толстой Л.Н.
      </author>
     </analytic>
     <monogr>
      <title level="m">
       Полное собрание сочинений. Том 21
      </title>
      <imprint>
       <pubPlace>
        Москва
       </pubPlace>
       <publisher>
        Государственное издательство "Художественная литература"
       </publisher>
      </imprint>
     </monogr>
     <series>
      <title level="s">
       Л.Н. Толстой. Полное собрание сочинений
      </title>
      <biblScope unit="vol">
       90
      </biblScope>
     </series>
    </biblStruct>
   </sourceDesc>
  </fileDesc>
  <encodingDesc>
   <classDecl>
    <xi:include href="taxonomy.xml"/>
   </classDecl>
  </encodingDesc>
  <profileDesc>
   <creation>
    <date/>
    <rs type="country">
     Россия
    </rs>
   </creation>
   <textClass/>
   <preparedness>
    not finished
   </preparedness>
  </profileDesc>
 </teiHeader>
 <p rend="left emptyline">
  <pb n="356"/>
 </p>
 <text>
  <head rend="center">
   * БУРАН
  </head>
  <p rend="left">
   Мятель бывает сильнее там, где нет гор и лесов. Есть такие места в России, где на 500 верст кругом нет ни одного леса и ни одной горки; а везде ровная и голая степь. В этих местах мятели — там называют их буранами — бывают такие сильные, что заносят не только людей, но целые стада скотины. В этих местах живут калмыки, ногаи, киргизы и башкирцы. Народы эти говорят своим особенным языком и веруют в свою особенную веру, но живут в России и покоряются русскому царю. Народы эти не живут, как русские, на одних местах, и не строят себе домов, и не пашут земли, а переходят с места на место и живут в балаганах и кормятся не хлебом, а молоком и
   <hi style="opdelimiter">
    мясом.
   </hi>
   <hi style="opnumber">
    356
   </hi>
  </p>
  <p rend="left">
   <hi style="npnumber">
    357
   </hi>
   <pb n="357"/>
   <hi style="npdelimiter">
    У
   </hi>
   них много бывает всякой скотины: и баранов, и рогатой, и лошадей,
   <del>
    и всё, что им нужно: и платье, и дома, и пищу они делают из шкур, из шерсти, из молока и мяса.
   </del>
   У богатого киргиза бывает у одного тысяч 7 лошадей, тысячи две коров и тысяч 20 баранов. Когда стает снег и станет тепло, у этих народов начинается самая веселая жизнь. Они запрягают повозки, на повозки накладывают все свои вещи и складные дома из решеток и войлоков, сажают на них своих жен, старух и детей, гонят свои стада и выезжают на самые лучшие луга к какой-нибудь речке. Так они рядышком устанавливают свои балаганы и начинают жить. Мужчины пасут скотину и бьют баранов и лошадей для еды, бабы доят коров и кобыл и делают сыр и кумыс, варят кушанье и шьют платья и гуляют целое лето.
  </p>
 </text>
</TEI>