<?xml version="1.0" encoding="utf-8"?>
<TEI xmlns="http://www.tei-c.org/ns/1.0" xmlns:xi="http://www.w3.org/2001/XInclude">
 <teiHeader>
  <fileDesc>
   <titleStmt>
    <title>
     Произведения, написанные для «Азбуки» и не включенные в нее
    </title>
    <author>
     Толстой Л.Н.
    </author>
    <respStmt>
     <resp>
      подготовка TEI/XML
     </resp>
     <name>
      Мария Картышева, Евгений Можаев, Даниил Скоринкин, Елена Сидорова, Вероника Файнберг, Кирилл Милинцевич
     </name>
    </respStmt>
    <respStmt>
     <name>
      Анастасия Бонч-Осмоловская, Фёкла Толстая, Борис Орехов
     </name>
     <resp>
      Идея, постановка задач, руководство
     </resp>
    </respStmt>
   </titleStmt>
   <publicationStmt>
    <idno>
     Азбука  | Произведения, написанные для «Азбуки» и не включенные в нее
    </idno>
    <publisher>
     <orgName>
      Школа лингвистики НИУ ВШЭ
     </orgName>
    </publisher>
    <availability>
     <p>
      Тексты и метатекстовая разметка доступны для свободного использования и распространения по лицензии Creative Commons Attribution Share-Alike (cc by-sa)
     </p>
    </availability>
   </publicationStmt>
   <sourceDesc>
    <biblStruct>
     <analytic>
      <author>
       Толстой Л.Н.
      </author>
      <title level="a">
       Произведения, написанные для «Азбуки» и не включенные в нее
      </title>
     </analytic>
     <monogr>
      <title level="m">
       Полное собрание сочинений. Том 21
      </title>
      <imprint>
       <pubPlace>
        Москва
       </pubPlace>
       <publisher>
        Государственное издательство "Художественная литература"
       </publisher>
       <date when="1871-1872"/>
      </imprint>
     </monogr>
     <series>
      <title level="s">
       Л.Н. Толстой. Полное собрание сочинений
      </title>
      <biblScope unit="vol">
       21
      </biblScope>
     </series>
    </biblStruct>
   </sourceDesc>
  </fileDesc>
  <encodingDesc>
   <classDecl>
    <xi:include href="taxonomy.xml"/>
   </classDecl>
  </encodingDesc>
  <profileDesc>
   <creation>
    <date notAfter="1872" notBefore="1871">
     1871-1872
    </date>
    <rs/>
   </creation>
   <textClass>
    <catRef target="#fiction" type="sphere"/>
    <catRef target="#произведения для детей" type="type"/>
    <catRef target="#works" type="works_letters_diaries"/>
    <catRef target="#сборник" type="ninetyDef"/>
    <catRef target="#Неопубликованное, неотделанное, неоконченное" type="main_var"/>
    <catRef target="#сборник" type="type_short"/>
    <catRef target="None" type="translation"/>
    <catRef target="None" type="translation_origin"/>
    <catRef target="#да" type="tolstoy_or_not"/>
    <catRef target="None" type="name_status"/>
   </textClass>
   <preparedness>
    finished
   </preparedness>
   <settingDesc>
    <time>
     XIX век
    </time>
   </settingDesc>
  </profileDesc>
  <xenoData>
   <cyclusName/>
   <p>
    Проект
    <title>
     Толстой.Digital
    </title>
    разрабатывается сотрудниками и студентами
    <orgName>
     Высшей школы экономики
    </orgName>
    в сотрудничестве с
    <orgName>
     Государственным музеем Л.Н. Толстого
    </orgName>
    . Источник текстов –
    <bibl>
     90-томное собрание сочинений Л.Н.Толстого
    </bibl>
    . Разметка основана на стандарте
    <ref target="http://www.tei-c.org">
     TEI (Text Encoding Initiative)
    </ref>
    .
   </p>
   <versionNumber/>
   <isFinished/>
   <isEdited/>
   <fullBibliographicDescription/>
  </xenoData>
 </teiHeader>
 <p rend="left emptyline">
  <pb n="184"/>
 </p>
 <div type="section" xml:id="h000012060">
  <head rend="center">
   ВОРОБЕЙ И ЛАСТОЧКИ
  </head>
  <p id="b7c9cf6a-8068-4f14-b828-da3360c76af5" rend="center">
   <hi rend="italic">
    (Рассказ)
   </hi>
  </p>
  <p id="76fccd4b-d4e5-4682-b7ee-9996227fbc93" rend="left">
   Раз я стоял на дворе и смотрел на гнездо ласточек под крышей. Обе ласточки при мне улетели, и гнездо осталось пустое.
  </p>
  <p id="36a663fd-394e-4fe1-a432-e961b466e7d8" rend="left">
   В то время, когда они были в отлучке, с крыши слетел воробей, прыгнул на гнездо, оглянулся, взмахнул крылышками и юркнул в гнездо; потом высунул оттуда свою головку и зачирикал.
  </p>
  <p id="6e96f69c-2883-492b-b95a-80dedbd1fe3f" rend="left">
   Скоро после того прилетела к гнезду ласточка. Она сунулась в гнездо, но, как только увидала гостя, запищала, побилась крыльями на месте и улетела.
  </p>
  <p id="e7149b12-ad41-4ef2-9291-2ce782acd853" rend="left">
   Воробей сидел и чирикал.
  </p>
  <p id="ec9c1e62-f5f6-486b-adda-fe6e5bc7a367" rend="left">
   Вдруг прилетел табунок ласточек: все ласточки подлетали к гнезду — как будто для того, чтоб посмотреть на воробья, и опять улетали.
  </p>
  <p id="ae40bf63-4383-46e9-862c-3a6b8d99377a" rend="left">
   Воробей не робел, поворачивал голову и чирикал.
  </p>
  <p id="2bab8d61-7bf0-4b0c-a7f1-7510e488ba9a" rend="left">
   Ласточки опять подлетали к гнезду, что-то делали и опять улетали.
  </p>
  <p id="d44d209d-87dc-4eed-857b-83d2b75cbc90" rend="left">
   Ласточки недаром подлетали: они приносили каждая в клювике грязь и понемногу замазывали отверстие гнезда.
  </p>
  <p id="182e25c0-668e-452f-ae90-3ef39bf03f4b" rend="left">
   Опять улетали и опять прилетали ласточки, и всё больше и больше замазывали гнездо, и отверстие становилось всё теснее и теснее.
  </p>
  <p id="0c3e2e2d-5b82-4da0-b9ae-095944292170" rend="left">
   Сначала видна была шея воробья, потом уже одна головка, потом носик, а потом и ничего не стало видно; ласточки совсем замазали его в гнезде, улетели и со свистом стали кружиться вокруг дома.
  </p>
 </div>
</TEI>