<?xml version="1.0" encoding="utf-8"?>
<TEI xmlns="http://www.tei-c.org/ns/1.0" xmlns:xi="http://www.w3.org/2001/XInclude">
 <teiHeader>
  <fileDesc>
   <titleStmt>
    <title>
     Произведения, написанные для «Азбуки» и не включенные в нее
    </title>
    <author>
     Толстой Л.Н.
    </author>
    <respStmt>
     <resp>
      подготовка TEI/XML
     </resp>
     <name>
      Мария Картышева, Евгений Можаев, Даниил Скоринкин, Елена Сидорова, Вероника Файнберг, Кирилл Милинцевич
     </name>
    </respStmt>
    <respStmt>
     <name>
      Анастасия Бонч-Осмоловская, Фёкла Толстая, Борис Орехов
     </name>
     <resp>
      Идея, постановка задач, руководство
     </resp>
    </respStmt>
   </titleStmt>
   <publicationStmt>
    <idno>
     Азбука  | Произведения, написанные для «Азбуки» и не включенные в нее
    </idno>
    <publisher>
     <orgName>
      Школа лингвистики НИУ ВШЭ
     </orgName>
    </publisher>
    <availability>
     <p>
      Тексты и метатекстовая разметка доступны для свободного использования и распространения по лицензии Creative Commons Attribution Share-Alike (cc by-sa)
     </p>
    </availability>
   </publicationStmt>
   <sourceDesc>
    <biblStruct>
     <analytic>
      <author>
       Толстой Л.Н.
      </author>
      <title level="a">
       Произведения, написанные для «Азбуки» и не включенные в нее
      </title>
     </analytic>
     <monogr>
      <title level="m">
       Полное собрание сочинений. Том 21
      </title>
      <imprint>
       <pubPlace>
        Москва
       </pubPlace>
       <publisher>
        Государственное издательство "Художественная литература"
       </publisher>
       <date when="1871-1872"/>
      </imprint>
     </monogr>
     <series>
      <title level="s">
       Л.Н. Толстой. Полное собрание сочинений
      </title>
      <biblScope unit="vol">
       21
      </biblScope>
     </series>
    </biblStruct>
   </sourceDesc>
  </fileDesc>
  <encodingDesc>
   <classDecl>
    <xi:include href="taxonomy.xml"/>
   </classDecl>
  </encodingDesc>
  <profileDesc>
   <creation>
    <date notAfter="1872" notBefore="1871">
     1871-1872
    </date>
    <rs/>
   </creation>
   <textClass>
    <catRef target="#fiction" type="sphere"/>
    <catRef target="#произведения для детей" type="type"/>
    <catRef target="#works" type="works_letters_diaries"/>
    <catRef target="#сборник" type="ninetyDef"/>
    <catRef target="#Неопубликованное, неотделанное, неоконченное" type="main_var"/>
    <catRef target="#сборник" type="type_short"/>
    <catRef target="None" type="translation"/>
    <catRef target="None" type="translation_origin"/>
    <catRef target="#да" type="tolstoy_or_not"/>
    <catRef target="None" type="name_status"/>
   </textClass>
   <preparedness>
    finished
   </preparedness>
   <settingDesc>
    <time>
     XIX век
    </time>
   </settingDesc>
  </profileDesc>
  <xenoData>
   <cyclusName/>
   <p>
    Проект
    <title>
     Толстой.Digital
    </title>
    разрабатывается сотрудниками и студентами
    <orgName>
     Высшей школы экономики
    </orgName>
    в сотрудничестве с
    <orgName>
     Государственным музеем Л.Н. Толстого
    </orgName>
    . Источник текстов –
    <bibl>
     90-томное собрание сочинений Л.Н.Толстого
    </bibl>
    . Разметка основана на стандарте
    <ref target="http://www.tei-c.org">
     TEI (Text Encoding Initiative)
    </ref>
    .
   </p>
   <versionNumber/>
   <isFinished/>
   <isEdited/>
   <fullBibliographicDescription/>
  </xenoData>
 </teiHeader>
 <p rend="left emptyline">
  <pb n="147"/>
 </p>
 <div type="section" xml:id="h000012002">
  <head rend="center">
   ДЕВОЧКА И ГРИБЫ
  </head>
  <p id="1b123557-5208-4a84-b198-eaa67a8fbeb3" rend="center">
   <hi rend="italic">
    (Быль)
   </hi>
  </p>
  <p id="ad31383e-c5bc-4b6f-bef1-326c3259f2bb" rend="left">
   Две девочки шли домой с грибами.
  </p>
  <p id="c908acd0-8ec3-42d9-8614-c3670d88a25a" rend="left">
   Им надо было переходить через железную дорогу.
  </p>
  <p id="0b9a8d5d-46f7-45de-a0d4-d0474916b8f3" rend="left">
   Они думали, что машина далеко, взлезли на насыпь и пошли через рельсы.
  </p>
  <p id="e43ab815-579f-42c9-80e4-66e7187a2cf2" rend="left">
   Вдруг зашумела машина. Старшая девочка побежала назад, а меньшая — перебежала через дорогу.
  </p>
  <p id="7a814463-b6b2-49a2-84b4-da4e6776cdf1" rend="left">
   Старшая девочка закричала сестре: «Не ходи назад!»
  </p>
  <p id="63806b62-454c-4284-bc25-0b0a23717634" rend="left">
   Но машина была так близко и так громко шумела, что меньшая девочка не расслышала; она подумала, что ей велят бежать назад. Она побежала назад через рельсы, споткнулась, выронила грибы и стала подбирать их.
  </p>
  <p id="5e4711ac-8ed3-4c4b-b428-ad83a9098d75" rend="left">
   Машина уже была близко, и машинист свистел что было силы.
  </p>
  <p id="47d2c45d-48fa-4e8f-908d-1374f4de033b" rend="left">
   Старшая девочка кричала: «Брось грибы!», а маленькая девочка думала, что ей велят собрать грибы, и ползала по дороге.
  </p>
  <p id="4cc731dc-e04b-4be5-9673-1dd16dfe1a87" rend="left">
   Машинист не мог удержать машины. Она свистала изо всех сил и наехала на девочку.
  </p>
  <p id="da622bd8-926e-41d1-bb3f-c57969cb0da3" rend="left">
   Старшая девочка кричала и плакала. Все проезжающие смотрели из окон вагонов, а кондуктор побежал на конец поезда, чтобы видеть, что сделалось с девочкой.
  </p>
  <p id="2eb6969b-d1f5-44a7-b4ae-86c6b5351aae" rend="left">
   Когда поезд прошел, все увидали, что девочка лежит между рельсами головой вниз и не шевелится.
  </p>
  <p id="f37f17b1-0134-4ca0-86d5-840deced0340" rend="left">
   Потом, когда поезд уже отъехал далеко, девочка подняла голову, вскочила на колени, собрала грибы и побежала к сестре.
  </p>
 </div>
</TEI>