<?xml version="1.0" encoding="utf-8"?>
<TEI xmlns="http://www.tei-c.org/ns/1.0" xmlns:xi="http://www.w3.org/2001/XInclude">
 <teiHeader>
  <fileDesc>
   <titleStmt>
    <title>
     Произведения, написанные для «Азбуки» и не включенные в нее
    </title>
    <author>
     Толстой Л.Н.
    </author>
    <respStmt>
     <resp>
      подготовка TEI/XML
     </resp>
     <name>
      Мария Картышева, Евгений Можаев, Даниил Скоринкин, Елена Сидорова, Вероника Файнберг, Кирилл Милинцевич
     </name>
    </respStmt>
    <respStmt>
     <name>
      Анастасия Бонч-Осмоловская, Фёкла Толстая, Борис Орехов
     </name>
     <resp>
      Идея, постановка задач, руководство
     </resp>
    </respStmt>
   </titleStmt>
   <publicationStmt>
    <idno>
     Азбука  | Произведения, написанные для «Азбуки» и не включенные в нее
    </idno>
    <publisher>
     <orgName>
      Школа лингвистики НИУ ВШЭ
     </orgName>
    </publisher>
    <availability>
     <p>
      Тексты и метатекстовая разметка доступны для свободного использования и распространения по лицензии Creative Commons Attribution Share-Alike (cc by-sa)
     </p>
    </availability>
   </publicationStmt>
   <sourceDesc>
    <biblStruct>
     <analytic>
      <author>
       Толстой Л.Н.
      </author>
      <title level="a">
       Произведения, написанные для «Азбуки» и не включенные в нее
      </title>
     </analytic>
     <monogr>
      <title level="m">
       Полное собрание сочинений. Том 21
      </title>
      <imprint>
       <pubPlace>
        Москва
       </pubPlace>
       <publisher>
        Государственное издательство "Художественная литература"
       </publisher>
       <date when="1871-1872"/>
      </imprint>
     </monogr>
     <series>
      <title level="s">
       Л.Н. Толстой. Полное собрание сочинений
      </title>
      <biblScope unit="vol">
       21
      </biblScope>
     </series>
    </biblStruct>
   </sourceDesc>
  </fileDesc>
  <encodingDesc>
   <classDecl>
    <xi:include href="taxonomy.xml"/>
   </classDecl>
  </encodingDesc>
  <profileDesc>
   <creation>
    <date notAfter="1872" notBefore="1871">
     1871-1872
    </date>
    <rs/>
   </creation>
   <textClass>
    <catRef target="#fiction" type="sphere"/>
    <catRef target="#произведения для детей" type="type"/>
    <catRef target="#works" type="works_letters_diaries"/>
    <catRef target="#сборник" type="ninetyDef"/>
    <catRef target="#Неопубликованное, неотделанное, неоконченное" type="main_var"/>
    <catRef target="#сборник" type="type_short"/>
    <catRef target="None" type="translation"/>
    <catRef target="None" type="translation_origin"/>
    <catRef target="#да" type="tolstoy_or_not"/>
    <catRef target="None" type="name_status"/>
   </textClass>
   <preparedness>
    finished
   </preparedness>
   <settingDesc>
    <time>
     XIX век
    </time>
   </settingDesc>
  </profileDesc>
  <xenoData>
   <cyclusName/>
   <p>
    Проект
    <title>
     Толстой.Digital
    </title>
    разрабатывается сотрудниками и студентами
    <orgName>
     Высшей школы экономики
    </orgName>
    в сотрудничестве с
    <orgName>
     Государственным музеем Л.Н. Толстого
    </orgName>
    . Источник текстов –
    <bibl>
     90-томное собрание сочинений Л.Н.Толстого
    </bibl>
    . Разметка основана на стандарте
    <ref target="http://www.tei-c.org">
     TEI (Text Encoding Initiative)
    </ref>
    .
   </p>
   <versionNumber/>
   <isFinished/>
   <isEdited/>
   <fullBibliographicDescription/>
  </xenoData>
 </teiHeader>
 <p rend="left emptyline">
  <pb n="301"/>
 </p>
 <div type="section" xml:id="h000014032">
  <head rend="center">
   ГАЛЬВАНИЗМ
  </head>
  <p rend="center" uuid="b65613aa-2316-4185-b7a0-d6dc61cc1160">
   <hi rend="italic">
    (Рассуждение)
   </hi>
  </p>
  <p rend="left" uuid="2cbf456a-2a17-4269-9a96-e1fdfd4188ab">
   Был один ученый итальянец Гальвани. У него была электрическая машина, и он показывал своим ученикам, что такое электричество. Он натирал крепко стекло шелком с мазью и потом к стеклу подводил медную шишечку, укрепленную в стекле, и из стекла перескакивала искра в медную шишечку. Он толковал им, что бывает такая же искра от сургуча и от янтаря. Показывал, как перышки и бумажки иногда притягиваются электричеством, иногда отталкиваются, и отчего это бывает. Он много делал разных опытов с электричеством, и всё это показывал ученикам.
  </p>
  <p rend="left" uuid="0be6499e-f66e-4fc4-aa9c-5deb2a939984">
   Однажды у него заболела жена. Он позвал доктора и спросил, чем ее лечить. Доктор велел сделать ей суп из лягушек. Гальвани велел наловить съедобных лягушек. Ему наловили, убили их и положили к нему на стол.
  </p>
  <p rend="left" uuid="9e9afaa2-cab3-4128-878d-b8befb2d772c">
   Пока кухарка не приходила за лягушками, Гальвани продолжал показывать ученикам электрическую машину и пускать искры.
  </p>
  <p rend="left" uuid="8cf6f2de-6a3c-4b0d-abfa-0c8bd979f78e">
   Вдруг он увидал, что мертвые лягушки на столе дрыгают ногами. Он стал присматриваться и заметил, что всякий раз, как он пустит искру из электрической машины, лягушки дрыгнут ногами. Гальвани набрал еще лягушек и стал над
   <pb n="302"/>
   ними делать опыты. Всякий раз выходило так, что как пустит искру, так мертвые лягушки станут, как живые, шевелить ногами.
  </p>
  <p rend="left" uuid="8a3a485e-d204-4f6c-a208-b8eb94e2e838">
   Гальвани и подумал, что живые лягушки не оттого ли шевелят ногами, что в них проходит электричество. А Гальвани знал, что электричество есть и в воздухе, что в сургуче, янтаре и стекле оно заметнее, но что оно есть в воздухе и что гроза и молния бывают от воздушного электричества.
  </p>
  <p rend="left" uuid="c28582e1-a922-4ffa-867c-64168d49f976">
   Вот он и стал пытать, не будут ли мертвые лягушки двигать ногами и от воздушного электричества. Для этого он взял лягушек, снял с них шкуру, отрезал головы и передние лапы и подвесил их медными крючками к крыше под железный жолоб. Он думал, что когда найдет гроза и в воздухе будет много электричества, то через медную проволоку электричество пройдет в лягушек, и они начнут шевелиться.
  </p>
  <p rend="left" uuid="7258344d-4a15-4762-a60e-b29798587e8f">
   Только гроза проходила несколько раз, а лягушки не шевелились. Гальвани стал уже снимать их, да, снимаючи, тронул лягушечьей ногой о жолоб, — и нога дрыгнула. Гальвани снял лягушек и стал пробовать так: он привязал к медному крючку железную проволоку и проволокой трогал лягушечью лапу, — и лапа дрыгала.
  </p>
  <p rend="left" uuid="d01417d9-f856-4059-88ed-46e9067054cc">
   Вот Гальвани и решил, что все животные живы только оттого, что в них электричество и что электричество перескакивает от мозга в мясо и от этого животные движутся. Никто тогда еще не пробовал хорошенько этого дела и не знал, и все поверили Гальвани. Но в это время другой ученый Вольта стал пробовать по-своему и показал всем, что Гальвани ошибся. Он попробовал трогать лягушку не так, как Гальвани, не медным крючком с железною проволокой, а либо медною проволокой с медным крючком, либо железной с железным крючком, — и лягушки не шевелились. Лягушки шевелились только тогда, когда Вольта трогал их железною проволокой, связанною с медной.
  </p>
  <p rend="left" uuid="9aa50a9d-eefa-454b-bb63-c50ad6a8597a">
   Вольта и подумал, что электричество не в мертвой лягушке, а в железе и меди. Он стал пробовать, и точно: как только сведет вместе железо и медь, так и делается электричество; а от электричества уже и дрыгает ногами мертвая лягушка. Вольта и стал пробовать, как бы делать электричество не так, как прежде его делали. Прежде электричество делали тем, что натирали стекло или сургуч. А Вольта стал делать его тем,
   <pb n="303"/>
   что железо и медь сводил вместе. Он пробовал сводить вместе железо и медь и другие металлы и дошел до того, что из одного соединения металлов: серебра, платины, цинка, олова, железа, он производил электрические искры.
  </p>
  <p rend="left" uuid="1f73c3cd-c901-45ae-a5fe-f0e4d42fff3e">
   После Вольты придумали еще усилить электричество тем, что промеж металлов стали наливать разные жидкости — воду и кислоты. От этих жидкостей электричество стало еще сильнее, так что уж не нужно, как прежде делали, тереть, чтобы было электричество; а стоит только положить в одну чашку кусков разного металла и налить жидкостей, и в этой чашке будет электричество, и будет выходить искра из проволоки.
  </p>
  <p rend="left" uuid="7097a176-9aee-43be-b9b3-d9b49ef6de8e">
   Когда придумано было это электричество, стали его прилагать к делу: придумали золотить и серебрить электричеством, придумали свет электрический и придумали электричеством на дальнем расстоянии с места на место передавать знаки.
  </p>
  <p rend="left" uuid="66477960-e99d-4681-8877-1583f796a313">
   Для этого кладут куски разных металлов в стаканчики; в них наливают жидкости. В стаканчиках набирается электричество, и это электричество проводят по проволоке в то место, куда хотят, а из того места проволоку проводят на землю. Электричество в земле бежит опять назад к стаканчикам и поднимается к ним из земли по другой проволоке; так что электричество между двух мест не переставая ходит кругом, как в кольце, — по проволоке в землю и назад по земле, и опять по проволоке, и опять по земле. Если по проволоке пустить электричество и проволокою этой обмотать кусок железа, то железо это сделается магнитом и будет к себе притягивать другое железо.
  </p>
  <p rend="left" uuid="44d8b981-d884-405f-894a-912f32402f83">
   Телеграф делают так: пустят электричество по проволоке, и проволокою этой обмотают железный столбик. А над столбиком приделан на перевесе железный молоточек. И пока электричество ходит по проволоке, железный столбик, обмотанный проволокой, притягивает к себе молоточек. Как только на другом конце — хоть за 100 верст — разведут концы проволоки врозь, электричество перестает ходить кругом, и железный столбик перестает быть магнитом и молоточек от него отпадает. Как сведут опять концы, так молоточек притягивается. И так можно с одной станции на другую постукивать молоточком. И по этим стукам уговорены знаки.
  </p>
  <p rend="left emptyline" uuid="4c36da1b-6c15-4384-96c0-fb9d28ce7e4a">
   <pb n="304"/>
  </p>
 </div>
</TEI>