<?xml version="1.0" encoding="utf-8"?>
<TEI xmlns="http://www.tei-c.org/ns/1.0" xmlns:xi="http://www.w3.org/2001/XInclude">
 <teiHeader>
  <fileDesc>
   <titleStmt>
    <title>
     Произведения, написанные для «Азбуки» и не включенные в нее
    </title>
    <author>
     Толстой Л.Н.
    </author>
    <respStmt>
     <resp>
      подготовка TEI/XML
     </resp>
     <name>
      Мария Картышева, Евгений Можаев, Даниил Скоринкин, Елена Сидорова, Вероника Файнберг, Кирилл Милинцевич
     </name>
    </respStmt>
    <respStmt>
     <name>
      Анастасия Бонч-Осмоловская, Фёкла Толстая, Борис Орехов
     </name>
     <resp>
      Идея, постановка задач, руководство
     </resp>
    </respStmt>
   </titleStmt>
   <publicationStmt>
    <idno>
     Азбука  | Произведения, написанные для «Азбуки» и не включенные в нее
    </idno>
    <publisher>
     <orgName>
      Школа лингвистики НИУ ВШЭ
     </orgName>
    </publisher>
    <availability>
     <p>
      Тексты и метатекстовая разметка доступны для свободного использования и распространения по лицензии Creative Commons Attribution Share-Alike (cc by-sa)
     </p>
    </availability>
   </publicationStmt>
   <sourceDesc>
    <biblStruct>
     <analytic>
      <author>
       Толстой Л.Н.
      </author>
      <title level="a">
       Произведения, написанные для «Азбуки» и не включенные в нее
      </title>
     </analytic>
     <monogr>
      <title level="m">
       Полное собрание сочинений. Том 21
      </title>
      <imprint>
       <pubPlace>
        Москва
       </pubPlace>
       <publisher>
        Государственное издательство "Художественная литература"
       </publisher>
       <date when="1871-1872"/>
      </imprint>
     </monogr>
     <series>
      <title level="s">
       Л.Н. Толстой. Полное собрание сочинений
      </title>
      <biblScope unit="vol">
       21
      </biblScope>
     </series>
    </biblStruct>
   </sourceDesc>
  </fileDesc>
  <encodingDesc>
   <classDecl>
    <xi:include href="taxonomy.xml"/>
   </classDecl>
  </encodingDesc>
  <profileDesc>
   <creation>
    <date notAfter="1872" notBefore="1871">
     1871-1872
    </date>
    <rs/>
   </creation>
   <textClass>
    <catRef target="#fiction" type="sphere"/>
    <catRef target="#произведения для детей" type="type"/>
    <catRef target="#works" type="works_letters_diaries"/>
    <catRef target="#сборник" type="ninetyDef"/>
    <catRef target="#Неопубликованное, неотделанное, неоконченное" type="main_var"/>
    <catRef target="#сборник" type="type_short"/>
    <catRef target="None" type="translation"/>
    <catRef target="None" type="translation_origin"/>
    <catRef target="#да" type="tolstoy_or_not"/>
    <catRef target="None" type="name_status"/>
   </textClass>
   <preparedness>
    finished
   </preparedness>
   <settingDesc>
    <time>
     XIX век
    </time>
   </settingDesc>
  </profileDesc>
  <xenoData>
   <cyclusName/>
   <p>
    Проект
    <title>
     Толстой.Digital
    </title>
    разрабатывается сотрудниками и студентами
    <orgName>
     Высшей школы экономики
    </orgName>
    в сотрудничестве с
    <orgName>
     Государственным музеем Л.Н. Толстого
    </orgName>
    . Источник текстов –
    <bibl>
     90-томное собрание сочинений Л.Н.Толстого
    </bibl>
    . Разметка основана на стандарте
    <ref target="http://www.tei-c.org">
     TEI (Text Encoding Initiative)
    </ref>
    .
   </p>
   <versionNumber/>
   <isFinished/>
   <isEdited/>
   <fullBibliographicDescription/>
  </xenoData>
 </teiHeader>
 <p rend="left emptyline">
  <pb n="185"/>
 </p>
 <div type="section" xml:id="h000012062">
  <head rend="center">
   АКУЛА
  </head>
  <p id="45341aa6-bea2-4cf2-8587-d178cd42a164" rend="center">
   <hi rend="italic">
    (Рассказ)
   </hi>
  </p>
  <p id="d572cf3c-4708-4e76-a5dc-4e3d05dd3d63" rend="left">
   Наш корабль стоял на якоре у берега Африки. День был прекрасный, с моря дул свежий ветер; но к вечеру погода изменилась: стало душно и точно из топленой печки несло на нас горячим воздухом с пустыни Сахары.
  </p>
  <p id="c7109e20-6931-4773-87cf-75f0e51e56f9" rend="left">
   <pb n="186"/>
   Перед закатом солнца капитан вышел на палубу, крикнул: «купаться!» — и в одну минуту матросы попрыгали в воду, спустили в воду парус, привязали его и в парусе устроили купальню.
  </p>
  <p id="e5cbd62e-55ef-49eb-bcf1-90f316bd3042" rend="left">
   На корабле с нами было два мальчика. Мальчики первые попрыгали в воду, но им тесно было в парусе и они вздумали плавать на перегонки в открытом море.
  </p>
  <p id="6dbe4ecf-0d89-42ae-9aac-30763c5e12ef" rend="left">
   Оба, как ящерицы, вытягивались в воде и что было силы поплыли к тому месту, где был бочонок над якорем.
  </p>
  <p id="23024f86-582a-4158-88d2-f0f35410bba5" rend="left">
   Один мальчик сначала перегнал товарища, но потом стал отставать. Отец мальчика, старый артиллерист, стоял на палубе и любовался на своего сынишку. Когда сын стал отставать, отец крикнул ему: «Не выдавай! понатужься!»
  </p>
  <p id="967aa66d-47e8-4384-8c41-9ec60ae1e121" rend="left">
   Вдруг с палубы кто-то крикнул: «акула!» — и все мы увидали в воде спину морского чудовища.
  </p>
  <p id="662538ad-9d8d-4f33-b45c-08a9e3ad1a7d" rend="left">
   Акула плыла прямо на мальчиков.
  </p>
  <p id="d60d82c9-9d9b-4d23-8da9-b853f3937fdb" rend="left">
   — Назад! назад! вернитесь! акула! — закричал артиллерист. Но ребята не слыхали его, плыли дальше, смеялись и кричали еще веселее и громче прежнего.
  </p>
  <p id="745efc6c-3336-4bf9-9ff8-f45b2d312f1a" rend="left">
   Артиллерист, бледный, как полотно, не шевелясь, смотрел на детей.
  </p>
  <p id="2a47d4b9-7c82-493a-bf37-58bc9209e500" rend="left">
   Матросы спустили лодку, бросились в нее и, сгибая весла, понеслись что было силы к мальчикам; но они были еще далеко от них, когда акула уже была не дальше 20-ти шагов.
  </p>
  <p id="be9e49fc-bb69-44af-ac32-90073c112402" rend="left">
   Мальчики сначала не слыхали того, что̀ им кричали, и не видали акулы; но потом один из них оглянулся, и мы все услыхали пронзительный визг, и мальчики поплыли в разные стороны.
  </p>
  <p id="e430c6f8-048a-4edc-b31c-62b42f532d66" rend="left">
   Визг этот как будто разбудил артиллериста. Он сорвался с места и побежал к пушкам. Он повернул хобот, прилег к пушке, прицелился и взял фитиль.
  </p>
  <p id="37d7c279-236d-451a-9c05-5217c67f38f4" rend="left">
   Мы все, сколько нас ни было на корабле, замерли от страха и ждали, что будет.
  </p>
  <p id="0d0596b7-55eb-430a-b1f4-ebffc9838b6f" rend="left">
   Раздался выстрел, и мы увидали, что артиллерист упал подле пушки и закрыл лицо руками. Что сделалось с акулой и с мальчиками, мы не видали, потому что на минуту дым застлал нам глаза.
  </p>
  <p id="8165c873-f5fb-45f2-b9cb-d0b339fe8ce1" rend="left">
   Но когда дым разошелся над водою, со всех сторон послышался сначала тихий ропот, потом ропот этот стал сильнее, и, наконец, со всех сторон раздался громкий, радостный крик.
  </p>
  <p id="12977e8c-1fc0-4215-9b4f-187bc49be190" rend="left">
   Старый артиллерист открыл лицо, поднялся и посмотрел на море.
  </p>
  <p id="0625f488-efed-491e-9e83-99530184d38d" rend="left">
   <pb n="187"/>
   По волнам колыхалось желтое брюхо мертвой акулы. В несколько минут лодка подплыла к мальчикам и привезла их на корабль.
  </p>
 </div>
</TEI>