<?xml version="1.0" encoding="utf-8"?>
<TEI xmlns="http://www.tei-c.org/ns/1.0" xmlns:xi="http://www.w3.org/2001/XInclude">
 <teiHeader>
  <fileDesc>
   <titleStmt>
    <title>
     Произведения, написанные для «Азбуки» и не включенные в нее
    </title>
    <author>
     Толстой Л.Н.
    </author>
    <respStmt>
     <resp>
      подготовка TEI/XML
     </resp>
     <name>
      Мария Картышева, Евгений Можаев, Даниил Скоринкин, Елена Сидорова, Вероника Файнберг, Кирилл Милинцевич
     </name>
    </respStmt>
    <respStmt>
     <name>
      Анастасия Бонч-Осмоловская, Фёкла Толстая, Борис Орехов
     </name>
     <resp>
      Идея, постановка задач, руководство
     </resp>
    </respStmt>
   </titleStmt>
   <publicationStmt>
    <idno>
     Азбука  | Произведения, написанные для «Азбуки» и не включенные в нее
    </idno>
    <publisher>
     <orgName>
      Школа лингвистики НИУ ВШЭ
     </orgName>
    </publisher>
    <availability>
     <p>
      Тексты и метатекстовая разметка доступны для свободного использования и распространения по лицензии Creative Commons Attribution Share-Alike (cc by-sa)
     </p>
    </availability>
   </publicationStmt>
   <sourceDesc>
    <biblStruct>
     <analytic>
      <author>
       Толстой Л.Н.
      </author>
      <title level="a">
       Произведения, написанные для «Азбуки» и не включенные в нее
      </title>
     </analytic>
     <monogr>
      <title level="m">
       Полное собрание сочинений. Том 21
      </title>
      <imprint>
       <pubPlace>
        Москва
       </pubPlace>
       <publisher>
        Государственное издательство "Художественная литература"
       </publisher>
       <date when="1871-1872"/>
      </imprint>
     </monogr>
     <series>
      <title level="s">
       Л.Н. Толстой. Полное собрание сочинений
      </title>
      <biblScope unit="vol">
       21
      </biblScope>
     </series>
    </biblStruct>
   </sourceDesc>
  </fileDesc>
  <encodingDesc>
   <classDecl>
    <xi:include href="taxonomy.xml"/>
   </classDecl>
  </encodingDesc>
  <profileDesc>
   <creation>
    <date notAfter="1872" notBefore="1871">
     1871-1872
    </date>
    <rs/>
   </creation>
   <textClass>
    <catRef target="#fiction" type="sphere"/>
    <catRef target="#произведения для детей" type="type"/>
    <catRef target="#works" type="works_letters_diaries"/>
    <catRef target="#сборник" type="ninetyDef"/>
    <catRef target="#Неопубликованное, неотделанное, неоконченное" type="main_var"/>
    <catRef target="#сборник" type="type_short"/>
    <catRef target="None" type="translation"/>
    <catRef target="None" type="translation_origin"/>
    <catRef target="#да" type="tolstoy_or_not"/>
    <catRef target="None" type="name_status"/>
   </textClass>
   <preparedness>
    finished
   </preparedness>
   <settingDesc>
    <time>
     XIX век
    </time>
   </settingDesc>
  </profileDesc>
  <xenoData>
   <cyclusName/>
   <p>
    Проект
    <title>
     Толстой.Digital
    </title>
    разрабатывается сотрудниками и студентами
    <orgName>
     Высшей школы экономики
    </orgName>
    в сотрудничестве с
    <orgName>
     Государственным музеем Л.Н. Толстого
    </orgName>
    . Источник текстов –
    <bibl>
     90-томное собрание сочинений Л.Н.Толстого
    </bibl>
    . Разметка основана на стандарте
    <ref target="http://www.tei-c.org">
     TEI (Text Encoding Initiative)
    </ref>
    .
   </p>
   <versionNumber/>
   <isFinished/>
   <isEdited/>
   <fullBibliographicDescription/>
  </xenoData>
 </teiHeader>
 <p rend="left emptyline">
  <pb n="166"/>
 </p>
 <div type="section" xml:id="h000012039">
  <head rend="center">
   РОВНОЕ НАСЛЕДСТВО
  </head>
  <p id="e41bbfa2-d81d-4a07-93dc-38aa3ff4cbc7" rend="center">
   <hi rend="italic">
    (Басня)
   </hi>
  </p>
  <p id="2305f4e7-1522-4aa5-8017-ffb8b152c672" rend="left">
   У одного купца было два сына. Старший был любимец отца, и отец всё свое наследство хотел отдать ему. Мать жалела меньшого сына и просила мужа не объявлять до времени сыновьям, как их разделят: она хотела как-нибудь сравнять двух сыновей. Купец ее послушал и не объявлял своего решения.
  </p>
  <p id="275782ff-9ce7-43fa-bf7a-96a3e403280b" rend="left">
   Один раз мать сидела у окна и плакала; к окну подошел странник и спросил, о чем она плачет?
  </p>
  <p id="1c377fde-dce6-4cb3-81dc-530eebd36225" rend="left">
   Она сказала: «Как мне не плакать: оба сына мне равны, а отец хочет одному сыну всё отдать, а другому ничего. Я просила мужа не объявлять своего решения сыновьям, пока я не придумаю, как помочь меньшому. Но денег у меня своих нет, и я не знаю, как помочь горю».
  </p>
  <p id="281a6018-d9d2-432e-914f-f559dbd33e45" rend="left">
   Странник сказал: «Твоему горю легко помочь; поди объяви сыновьям, что старшему достанется всё богатство, а меньшому ничего; и у них будет поровну».
  </p>
  <p id="068397e1-5552-477c-badb-7c5fe0955ef5" rend="left">
   Меньшой сын, как узнал, что у него ничего не будет, ушел в чужие страны и выучился мастерствам и наукам, а старший жил при отце и ничему не учился, потому что знал, что будет богат.
  </p>
  <p id="094afccd-d1b3-44c8-b6bd-64294c59d034" rend="left">
   Когда отец умер, старший ничего не умел делать, прожил все свое имение, а младший выучился наживать на чужой стороне и стал богат.
  </p>
 </div>
</TEI>