<?xml version="1.0" encoding="utf-8"?>
<TEI xmlns="http://www.tei-c.org/ns/1.0" xmlns:xi="http://www.w3.org/2001/XInclude">
 <teiHeader>
  <fileDesc>
   <titleStmt>
    <title>
     Произведения, написанные для «Азбуки» и не включенные в нее
    </title>
    <author>
     Толстой Л.Н.
    </author>
    <respStmt>
     <resp>
      подготовка TEI/XML
     </resp>
     <name>
      Мария Картышева, Евгений Можаев, Даниил Скоринкин, Елена Сидорова, Вероника Файнберг, Кирилл Милинцевич
     </name>
    </respStmt>
    <respStmt>
     <name>
      Анастасия Бонч-Осмоловская, Фёкла Толстая, Борис Орехов
     </name>
     <resp>
      Идея, постановка задач, руководство
     </resp>
    </respStmt>
   </titleStmt>
   <publicationStmt>
    <idno>
     Азбука  | Произведения, написанные для «Азбуки» и не включенные в нее
    </idno>
    <publisher>
     <orgName>
      Школа лингвистики НИУ ВШЭ
     </orgName>
    </publisher>
    <availability>
     <p>
      Тексты и метатекстовая разметка доступны для свободного использования и распространения по лицензии Creative Commons Attribution Share-Alike (cc by-sa)
     </p>
    </availability>
   </publicationStmt>
   <sourceDesc>
    <biblStruct>
     <analytic>
      <author>
       Толстой Л.Н.
      </author>
      <title level="a">
       Произведения, написанные для «Азбуки» и не включенные в нее
      </title>
     </analytic>
     <monogr>
      <title level="m">
       Полное собрание сочинений. Том 21
      </title>
      <imprint>
       <pubPlace>
        Москва
       </pubPlace>
       <publisher>
        Государственное издательство "Художественная литература"
       </publisher>
       <date when="1871-1872"/>
      </imprint>
     </monogr>
     <series>
      <title level="s">
       Л.Н. Толстой. Полное собрание сочинений
      </title>
      <biblScope unit="vol">
       21
      </biblScope>
     </series>
    </biblStruct>
   </sourceDesc>
  </fileDesc>
  <encodingDesc>
   <classDecl>
    <xi:include href="taxonomy.xml"/>
   </classDecl>
  </encodingDesc>
  <profileDesc>
   <creation>
    <date notAfter="1872" notBefore="1871">
     1871-1872
    </date>
    <rs/>
   </creation>
   <textClass>
    <catRef target="#fiction" type="sphere"/>
    <catRef target="#произведения для детей" type="type"/>
    <catRef target="#works" type="works_letters_diaries"/>
    <catRef target="#сборник" type="ninetyDef"/>
    <catRef target="#Неопубликованное, неотделанное, неоконченное" type="main_var"/>
    <catRef target="#сборник" type="type_short"/>
    <catRef target="None" type="translation"/>
    <catRef target="None" type="translation_origin"/>
    <catRef target="#да" type="tolstoy_or_not"/>
    <catRef target="None" type="name_status"/>
   </textClass>
   <preparedness>
    finished
   </preparedness>
   <settingDesc>
    <time>
     XIX век
    </time>
   </settingDesc>
  </profileDesc>
  <xenoData>
   <cyclusName/>
   <p>
    Проект
    <title>
     Толстой.Digital
    </title>
    разрабатывается сотрудниками и студентами
    <orgName>
     Высшей школы экономики
    </orgName>
    в сотрудничестве с
    <orgName>
     Государственным музеем Л.Н. Толстого
    </orgName>
    . Источник текстов –
    <bibl>
     90-томное собрание сочинений Л.Н.Толстого
    </bibl>
    . Разметка основана на стандарте
    <ref target="http://www.tei-c.org">
     TEI (Text Encoding Initiative)
    </ref>
    .
   </p>
   <versionNumber/>
   <isFinished/>
   <isEdited/>
   <fullBibliographicDescription/>
  </xenoData>
 </teiHeader>
 <p rend="left emptyline">
  <pb n="209"/>
 </p>
 <div type="section" xml:id="h000013012">
  <head rend="center">
   РУСАК
  </head>
  <p rend="center" uuid="dcc130f3-383d-4d27-aa25-26f950668178">
   <hi rend="italic">
    (Описание)
   </hi>
  </p>
  <p rend="left" uuid="fb016375-83b6-4815-9b15-11af9add2d7c">
   Заяц русак жил зимою подле деревни. Когда пришла ночь, он поднял одно ухо, послушал; потом поднял другое, поводил усами, понюхал и сел на задние лапы. Потом он прыгнул раз-другой по глубокому снегу и опять сел на задние лапы и стал оглядываться. Со всех сторон ничего не было видно, кроме снега. Снег лежал волнами и блестел, как сахар. Над головой зайца стоял морозный пар, и сквозь этот пар виднелись большие яркие звезды.
  </p>
  <p rend="left" uuid="6b514d60-527e-4c58-b207-0c7d34e4a95c">
   Зайцу нужно было перейти через большую дорогу, чтобы придти на знакомое гумно. На большой дороге слышно было, как визжали полозья, фыркали лошади, скрипели кресла в санях.
  </p>
  <p rend="left" uuid="4bd2a58e-c1ba-4515-bf1c-70488bd5e4f7">
   Заяц опять остановился подле дороги. Мужики шли подле саней с поднятыми воротниками кафтанов. Лица их были чуть видны. Бороды, усы, ресницы их были белые. Из ртов и носов их шел пар. Лошади их были потные, и к поту пристал иней. Лошади толкались в хомутах, ныряли, выныривали в ухабах. Мужики догоняли, обгоняли, били кнутами лошадей. Два старика шли рядом, и один рассказывал другому, как у него украли лошадь.
  </p>
  <p rend="left" uuid="d7c0ca6b-7342-4843-b339-11b0d28a57a5">
   Когда обоз проехал, заяц перескочил дорогу и полегоньку пошел к гумну. Собачонка от обоза увидала зайца. Она залаяла и бросилась за ним. Заяц поскакал к гумну по субоям; зайца держали субои, а собака на десятом прыжке завязла в снегу и остановилась. Тогда заяц тоже остановился, посидел на задних лапах и потихоньку пошел к гумну. По дороге он, на зеленях, встретил двух зайцев. Они кормились и играли. Заяц поиграл с товарищами, покопал с ними морозный снег, поел
   <pb n="210"/>
   озими и пошел дальше. На деревне было всё тихо, огни были потушены. Только слышался плач ребенка в избе через стены да треск мороза в бревнах изб. Заяц прошел на гумно и там нашел товарищей. Он поиграл с ними на расчищенном току, поел овса из начатой кладушки, взобрался по крыше, занесенной снегом, на овин и через плетень пошел назад к своему оврагу. На востоке светилась заря, звезд стало меньше, и еще гуще морозный пар подымался над землею. В ближней деревне проснулись бабы и шли за водой; мужики несли корм с гумен, дети кричали и плакали. По дороге еще больше шло обозов, и мужики громче разговаривали.
  </p>
  <p rend="left" uuid="03aab635-0b1e-4beb-8118-cf1c5ba2568d">
   Заяц перескочил через дорогу, подошел к своей старой норе, выбрал местечко повыше, раскопал снег, лег задом в новую нору, уложил на спине уши и заснул с открытыми глазами
  </p>
 </div>
</TEI>