<?xml version="1.0" encoding="utf-8"?>
<TEI xmlns="http://www.tei-c.org/ns/1.0" xmlns:xi="http://www.w3.org/2001/XInclude">
 <teiHeader>
  <fileDesc>
   <titleStmt>
    <title>
     Азбука. Книга I
    </title>
    <author>
     Толстой Л.Н.
    </author>
    <respStmt>
     <resp>
      подготовка TEI/XML
     </resp>
     <name>
      Мария Картышева, Евгений Можаев, Даниил Скоринкин, Елена Сидорова, Вероника Файнберг, Кирилл Милинцевич
     </name>
    </respStmt>
    <respStmt>
     <name>
      Анастасия Бонч-Осмоловская, Фёкла Толстая, Борис Орехов
     </name>
     <resp>
      Идея, постановка задач, руководство
     </resp>
    </respStmt>
   </titleStmt>
   <publicationStmt>
    <idno>
     Азбука  | Книга I
    </idno>
    <publisher>
     <orgName>
      Школа лингвистики НИУ ВШЭ
     </orgName>
    </publisher>
    <availability>
     <p>
      Тексты и метатекстовая разметка доступны для свободного использования и распространения по лицензии Creative Commons Attribution Share-Alike (cc by-sa)
     </p>
    </availability>
   </publicationStmt>
   <sourceDesc>
    <biblStruct>
     <analytic>
      <author>
       Толстой Л.Н.
      </author>
      <title level="a">
       Азбука. Книга I
      </title>
     </analytic>
     <monogr>
      <title level="m">
       Полное собрание сочинений. Том 22
      </title>
      <imprint>
       <pubPlace>
        Москва
       </pubPlace>
       <publisher>
        Государственное издательство "Художественная литература"
       </publisher>
       <date when="1871-1872"/>
      </imprint>
     </monogr>
     <series>
      <title level="s">
       Л.Н. Толстой. Полное собрание сочинений
      </title>
      <biblScope unit="vol">
       22
      </biblScope>
     </series>
    </biblStruct>
   </sourceDesc>
  </fileDesc>
  <encodingDesc>
   <classDecl>
    <xi:include href="taxonomy.xml"/>
   </classDecl>
  </encodingDesc>
  <profileDesc>
   <creation>
    <date notAfter="1872" notBefore="1871">
     1871-1872
    </date>
    <rs/>
   </creation>
   <textClass>
    <catRef target="#fiction" type="sphere"/>
    <catRef target="#произведения для детей" type="type"/>
    <catRef target="#works" type="works_letters_diaries"/>
    <catRef target="#азбука" type="ninetyDef"/>
    <catRef target="#Основное" type="main_var"/>
    <catRef target="#азбука" type="type_short"/>
    <catRef target="None" type="translation"/>
    <catRef target="None" type="translation_origin"/>
    <catRef target="#да" type="tolstoy_or_not"/>
    <catRef target="None" type="name_status"/>
   </textClass>
   <preparedness>
    finished
   </preparedness>
   <settingDesc>
    <time>
     XIX век
    </time>
   </settingDesc>
  </profileDesc>
  <xenoData>
   <cyclusName/>
   <p>
    Проект
    <title>
     Толстой.Digital
    </title>
    разрабатывается сотрудниками и студентами
    <orgName>
     Высшей школы экономики
    </orgName>
    в сотрудничестве с
    <orgName>
     Государственным музеем Л.Н. Толстого
    </orgName>
    . Источник текстов –
    <bibl>
     90-томное собрание сочинений Л.Н.Толстого
    </bibl>
    . Разметка основана на стандарте
    <ref target="http://www.tei-c.org">
     TEI (Text Encoding Initiative)
    </ref>
    .
   </p>
   <versionNumber/>
   <isFinished/>
   <isEdited/>
   <fullBibliographicDescription/>
  </xenoData>
 </teiHeader>
 <p rend="left emptyline">
  <pb n="47"/>
 </p>
 <p rend="Azbuka left" uuid="dc8c1ce2-6508-4121-ad93-88ef8d990b3d">
  Плыли рыбаки на ло
  <hi rend="over">
   <hi rend="petit">
    т
   </hi>
   <lb/>
   д
  </hi>
  <choice>
   <reg>
    ке
   </reg>
   <orig>
    кѣ
   </orig>
  </choice>
  ; п
  <hi rend="over">
   <hi rend="petit">
    а
   </hi>
   <lb/>
   о
  </hi>
  днялась буря.
  <hi rend="over">
   <hi rend="petit">
    А
   </hi>
   <lb/>
   О
  </hi>
  ни бросили вёсла и стали крести
  <hi rend="over">
   <hi rend="petit">
    ца
   </hi>
   <lb/>
   ться
  </hi>
  , а ло
  <hi rend="over">
   <hi rend="petit">
    т
   </hi>
   <lb/>
   д
  </hi>
  ку п
  <hi rend="over">
   <hi rend="petit">
    а
   </hi>
   <lb/>
   о
  </hi>
  <hi rend="over">
   <hi rend="petit">
    т
   </hi>
   <lb/>
   д
  </hi>
  хватило в
  <hi rend="big">
   ѣ
  </hi>
  <choice>
   <reg>
    тром
   </reg>
   <orig>
    тромъ
   </orig>
  </choice>
  и
 </p>
 <p rend="left emptyline" uuid="742810bb-c22a-4505-b4ff-1bfd14191b4c">
  <pb n="48"/>
 </p>
 <p rend="centerline" uuid="afa456a3-d4e2-4c42-b465-c5574c732660">
  — 38 —
 </p>
 <p rend="Azbuka notindent" uuid="756c0b6b-ffbe-4be6-bdb9-bd563afb8465">
  <hi rend="over">
   <hi rend="petit">
    а
   </hi>
   <lb/>
   о
  </hi>
  тнесло дальше
  <hi rend="over">
   <hi rend="petit">
    а
   </hi>
   <lb/>
   о
  </hi>
  <choice>
   <reg>
    т
   </reg>
   <orig>
    тъ
   </orig>
  </choice>
  берега.
  <hi rend="italic">
   Богу молись, а
   <choice>
    <reg>
     к
    </reg>
    <orig>
     къ
    </orig>
   </choice>
   берегу гребись.
  </hi>
 </p>
</TEI>