<?xml version="1.0" encoding="utf-8"?>
<TEI xmlns="http://www.tei-c.org/ns/1.0" xmlns:xi="http://www.w3.org/2001/XInclude">
 <teiHeader>
  <fileDesc>
   <titleStmt>
    <title>
     Азбука. Книга I
    </title>
    <author>
     Толстой Л.Н.
    </author>
    <respStmt>
     <resp>
      подготовка TEI/XML
     </resp>
     <name>
      Мария Картышева, Евгений Можаев, Даниил Скоринкин, Елена Сидорова, Вероника Файнберг, Кирилл Милинцевич
     </name>
    </respStmt>
    <respStmt>
     <name>
      Анастасия Бонч-Осмоловская, Фёкла Толстая, Борис Орехов
     </name>
     <resp>
      Идея, постановка задач, руководство
     </resp>
    </respStmt>
   </titleStmt>
   <publicationStmt>
    <idno>
     Азбука  | Книга I
    </idno>
    <publisher>
     <orgName>
      Школа лингвистики НИУ ВШЭ
     </orgName>
    </publisher>
    <availability>
     <p>
      Тексты и метатекстовая разметка доступны для свободного использования и распространения по лицензии Creative Commons Attribution Share-Alike (cc by-sa)
     </p>
    </availability>
   </publicationStmt>
   <sourceDesc>
    <biblStruct>
     <analytic>
      <author>
       Толстой Л.Н.
      </author>
      <title level="a">
       Азбука. Книга I
      </title>
     </analytic>
     <monogr>
      <title level="m">
       Полное собрание сочинений. Том 22
      </title>
      <imprint>
       <pubPlace>
        Москва
       </pubPlace>
       <publisher>
        Государственное издательство "Художественная литература"
       </publisher>
       <date when="1871-1872"/>
      </imprint>
     </monogr>
     <series>
      <title level="s">
       Л.Н. Толстой. Полное собрание сочинений
      </title>
      <biblScope unit="vol">
       22
      </biblScope>
     </series>
    </biblStruct>
   </sourceDesc>
  </fileDesc>
  <encodingDesc>
   <classDecl>
    <xi:include href="taxonomy.xml"/>
   </classDecl>
  </encodingDesc>
  <profileDesc>
   <creation>
    <date notAfter="1872" notBefore="1871">
     1871-1872
    </date>
    <rs/>
   </creation>
   <textClass>
    <catRef target="#fiction" type="sphere"/>
    <catRef target="#произведения для детей" type="type"/>
    <catRef target="#works" type="works_letters_diaries"/>
    <catRef target="#азбука" type="ninetyDef"/>
    <catRef target="#Основное" type="main_var"/>
    <catRef target="#азбука" type="type_short"/>
    <catRef target="None" type="translation"/>
    <catRef target="None" type="translation_origin"/>
    <catRef target="#да" type="tolstoy_or_not"/>
    <catRef target="None" type="name_status"/>
   </textClass>
   <preparedness>
    finished
   </preparedness>
   <settingDesc>
    <time>
     XIX век
    </time>
   </settingDesc>
  </profileDesc>
  <xenoData>
   <cyclusName/>
   <p>
    Проект
    <title>
     Толстой.Digital
    </title>
    разрабатывается сотрудниками и студентами
    <orgName>
     Высшей школы экономики
    </orgName>
    в сотрудничестве с
    <orgName>
     Государственным музеем Л.Н. Толстого
    </orgName>
    . Источник текстов –
    <bibl>
     90-томное собрание сочинений Л.Н.Толстого
    </bibl>
    . Разметка основана на стандарте
    <ref target="http://www.tei-c.org">
     TEI (Text Encoding Initiative)
    </ref>
    .
   </p>
   <versionNumber/>
   <isFinished/>
   <isEdited/>
   <fullBibliographicDescription/>
  </xenoData>
 </teiHeader>
 <p rend="left emptyline">
  <pb n="53"/>
 </p>
 <p rend="Azbuka left" uuid="2ca22939-da2b-4536-8b1d-303a6cb1c92c">
  <hi rend="over">
   <lb/>
   О
  </hi>
  <choice>
   <reg>
    дин
   </reg>
  </choice>
  б
  <hi rend="big">
   ѣ
  </hi>
  <choice>
   <reg>
    дняк
   </reg>
  </choice>
  п
  <hi rend="over">
   <lb/>
   о
  </hi>
  <hi rend="big">
   ѣ
  </hi>
  <choice>
   <reg>
    хал
   </reg>
  </choice>
  <choice>
   <reg>
    в
   </reg>
  </choice>
  горо
  <hi rend="over">
   <lb/>
   д
  </hi>
  ъ и заш
  <hi rend="over">
   <lb/>
   е
  </hi>
  <choice>
   <reg>
    л
   </reg>
  </choice>
  <choice>
   <reg>
    в
   </reg>
  </choice>
  гости; лоша
  <hi rend="over">
   <lb/>
   д
  </hi>
  ь е
  <hi rend="over">
   <lb/>
   г
  </hi>
  о увели воры.
  <hi rend="italic">
   <choice>
    <reg>
     Из
    </reg>
   </choice>
   худ
  </hi>
  <hi rend="over">
   <lb/>
   ого
  </hi>
  <hi rend="italic">
   кармана п
  </hi>
  <hi rend="over">
   <lb/>
   о
  </hi>
  <hi rend="italic">
   <choice>
    <reg>
     следн
    </reg>
   </choice>
  </hi>
  <hi rend="over">
   <lb/>
   i
  </hi>
  <hi rend="italic">
   й
  </hi>
  <hi rend="italic">
   <choice>
    <reg>
     грош
    </reg>
   </choice>
   вали
  </hi>
  <hi rend="over">
   <lb/>
   тся
  </hi>
  .
 </p>
</TEI>