<?xml version="1.0" encoding="utf-8"?>
<TEI xmlns="http://www.tei-c.org/ns/1.0" xmlns:xi="http://www.w3.org/2001/XInclude">
 <teiHeader>
  <fileDesc>
   <titleStmt>
    <title>
     Азбука. Книга I
    </title>
    <author>
     Толстой Л.Н.
    </author>
    <respStmt>
     <resp>
      подготовка TEI/XML
     </resp>
     <name>
      Мария Картышева, Евгений Можаев, Даниил Скоринкин, Елена Сидорова, Вероника Файнберг, Кирилл Милинцевич
     </name>
    </respStmt>
    <respStmt>
     <name>
      Анастасия Бонч-Осмоловская, Фёкла Толстая, Борис Орехов
     </name>
     <resp>
      Идея, постановка задач, руководство
     </resp>
    </respStmt>
   </titleStmt>
   <publicationStmt>
    <idno>
     Азбука  | Книга I
    </idno>
    <publisher>
     <orgName>
      Школа лингвистики НИУ ВШЭ
     </orgName>
    </publisher>
    <availability>
     <p>
      Тексты и метатекстовая разметка доступны для свободного использования и распространения по лицензии Creative Commons Attribution Share-Alike (cc by-sa)
     </p>
    </availability>
   </publicationStmt>
   <sourceDesc>
    <biblStruct>
     <analytic>
      <author>
       Толстой Л.Н.
      </author>
      <title level="a">
       Азбука. Книга I
      </title>
     </analytic>
     <monogr>
      <title level="m">
       Полное собрание сочинений. Том 22
      </title>
      <imprint>
       <pubPlace>
        Москва
       </pubPlace>
       <publisher>
        Государственное издательство "Художественная литература"
       </publisher>
       <date when="1871-1872"/>
      </imprint>
     </monogr>
     <series>
      <title level="s">
       Л.Н. Толстой. Полное собрание сочинений
      </title>
      <biblScope unit="vol">
       22
      </biblScope>
     </series>
    </biblStruct>
   </sourceDesc>
  </fileDesc>
  <encodingDesc>
   <classDecl>
    <xi:include href="taxonomy.xml"/>
   </classDecl>
  </encodingDesc>
  <profileDesc>
   <creation>
    <date notAfter="1872" notBefore="1871">
     1871-1872
    </date>
    <rs/>
   </creation>
   <textClass>
    <catRef target="#fiction" type="sphere"/>
    <catRef target="#произведения для детей" type="type"/>
    <catRef target="#works" type="works_letters_diaries"/>
    <catRef target="#азбука" type="ninetyDef"/>
    <catRef target="#Основное" type="main_var"/>
    <catRef target="#азбука" type="type_short"/>
    <catRef target="None" type="translation"/>
    <catRef target="None" type="translation_origin"/>
    <catRef target="#да" type="tolstoy_or_not"/>
    <catRef target="None" type="name_status"/>
   </textClass>
   <preparedness>
    finished
   </preparedness>
   <settingDesc>
    <time>
     XIX век
    </time>
   </settingDesc>
  </profileDesc>
  <xenoData>
   <cyclusName/>
   <p>
    Проект
    <title>
     Толстой.Digital
    </title>
    разрабатывается сотрудниками и студентами
    <orgName>
     Высшей школы экономики
    </orgName>
    в сотрудничестве с
    <orgName>
     Государственным музеем Л.Н. Толстого
    </orgName>
    . Источник текстов –
    <bibl>
     90-томное собрание сочинений Л.Н.Толстого
    </bibl>
    . Разметка основана на стандарте
    <ref target="http://www.tei-c.org">
     TEI (Text Encoding Initiative)
    </ref>
    .
   </p>
   <versionNumber/>
   <isFinished/>
   <isEdited/>
   <fullBibliographicDescription/>
  </xenoData>
 </teiHeader>
 <p rend="left emptyline">
  <pb n="64"/>
 </p>
 <p rend="Azbuka left" uuid="a7d4fa7c-293f-44fa-93ab-e971dd738fd3">
  <choice>
   <reg>
    К
   </reg>
  </choice>
  б
  <hi rend="big">
   ѣ
  </hi>
  дн
  <hi rend="over">
   <lb/>
   о
  </hi>
  му мужику
  <choice>
   <reg>
    в
   </reg>
  </choice>
  <choice>
   <reg>
    дом
   </reg>
  </choice>
  приш
  <hi rend="over">
   <lb/>
   е
  </hi>
  <choice>
   <reg>
    л
   </reg>
  </choice>
  жалк
  <hi rend="over">
   <lb/>
   iй
  </hi>
  нищ
  <hi rend="over">
   <lb/>
   iй
  </hi>
  . У бабы
  <choice>
   <reg>
    был
   </reg>
  </choice>
 </p>
     <p rend="left emptyline" uuid="8dc49f8f-b784-4d82-a4ec-88608db941e5">
     <pb n="65"/>
    </p>
    <p rend="centerline" uuid="de6fb891-585e-4298-b985-4f69ab1d643a">
     — 55 —
    </p>
    <p rend="Azbuka notindent" uuid="24b64831-a569-44d6-84e8-330942a7c41b">
     только
     <hi rend="over">
      <hi rend="petit">
       а
      </hi>
      <lb/>
      о
     </hi>
     <choice>
      <reg>
       дин
      </reg>
      <orig>
       динъ
      </orig>
     </choice>
     хл
     <hi rend="big">
      ѣ
     </hi>
     <hi rend="over">
      <hi rend="petit">
       п
      </hi>
      <lb/>
      б
     </hi>
     ъ;
     <hi rend="over">
      <hi rend="petit">
       а
      </hi>
      <lb/>
      о
     </hi>
     на
     <hi rend="over">
      <hi rend="petit">
       а
      </hi>
      <lb/>
      о
     </hi>
     тдала  п
     <hi rend="over">
      <hi rend="petit">
       а
      </hi>
      <lb/>
      о
     </hi>
     л
     <hi rend="over">
      <hi rend="petit">
       а
      </hi>
      <lb/>
      о
     </hi>
     вину нищему. К
     <hi rend="over">
      <hi rend="petit">
       а
      </hi>
      <lb/>
      о
     </hi>
     <hi rend="over">
      <hi rend="petit">
       х
      </hi>
      <lb/>
      г
     </hi>
     да
     <hi rend="over">
      <hi rend="petit">
       а
      </hi>
      <lb/>
      о
     </hi>
     на вышла на
     <choice>
      <reg>
       двор
      </reg>
      <orig>
       дворъ
      </orig>
     </choice>
     , то увидала на
     <choice>
      <reg>
       верейке
      </reg>
      <orig>
       верейкѣ
      </orig>
     </choice>
     (
     <note n="n1">
      <div type="section" xml:id="n1">
       <head>
        <ref target="#backn1">
         1
        </ref>
       </head>
       <p uuid="9677bbe4-90fa-40e0-8fe7-b78dfb2de844">
        Воротный
        <choice>
         <reg>
          столб
         </reg>
         <orig>
          столбъ
         </orig>
        </choice>
        .
       </p>
      </div>
     </note>
     )
     <choice>
      <reg>
       сидит
      </reg>
      <orig>
       сидитъ
      </orig>
     </choice>
     рой; баба
     <hi rend="over">
      <hi rend="petit">
       а
      </hi>
      <lb/>
      о
     </hi>
     гребла е
     <hi rend="over">
      <hi rend="petit">
       в
      </hi>
      <lb/>
      г
     </hi>
     о и у ней п
     <hi rend="over">
      <hi rend="petit">
       а
      </hi>
      <lb/>
      о
     </hi>
     велись пчелы. Дай
     <choice>
      <reg>
       в
      </reg>
      <orig>
       въ
      </orig>
     </choice>
     <hi rend="over">
      <hi rend="petit">
       а
      </hi>
      <lb/>
      о
     </hi>
     кно, Бо
     <hi rend="over">
      <hi rend="petit">
       х
      </hi>
      <lb/>
      г
     </hi>
     ъ
     <choice>
      <reg>
       даст
      </reg>
      <orig>
       дастъ
      </orig>
     </choice>
     <choice>
      <reg>
       в
      </reg>
      <orig>
       въ
      </orig>
     </choice>
     п
     <hi rend="over">
      <hi rend="petit">
       а
      </hi>
      <lb/>
      о
     </hi>
     дв
     <hi rend="over">
      <hi rend="petit">
       а
      </hi>
      <lb/>
      о
     </hi>
     ротню.
    </p>
</TEI>