<?xml version="1.0" encoding="utf-8"?>
<TEI xmlns="http://www.tei-c.org/ns/1.0" xmlns:xi="http://www.w3.org/2001/XInclude">
 <teiHeader>
  <fileDesc>
   <titleStmt>
    <title>
     Азбука. Книга I
    </title>
    <author>
     Толстой Л.Н.
    </author>
    <respStmt>
     <resp>
      подготовка TEI/XML
     </resp>
     <name>
      Мария Картышева, Евгений Можаев, Даниил Скоринкин, Елена Сидорова, Вероника Файнберг, Кирилл Милинцевич
     </name>
    </respStmt>
    <respStmt>
     <name>
      Анастасия Бонч-Осмоловская, Фёкла Толстая, Борис Орехов
     </name>
     <resp>
      Идея, постановка задач, руководство
     </resp>
    </respStmt>
   </titleStmt>
   <publicationStmt>
    <idno>
     Азбука  | Книга I
    </idno>
    <publisher>
     <orgName>
      Школа лингвистики НИУ ВШЭ
     </orgName>
    </publisher>
    <availability>
     <p>
      Тексты и метатекстовая разметка доступны для свободного использования и распространения по лицензии Creative Commons Attribution Share-Alike (cc by-sa)
     </p>
    </availability>
   </publicationStmt>
   <sourceDesc>
    <biblStruct>
     <analytic>
      <author>
       Толстой Л.Н.
      </author>
      <title level="a">
       Азбука. Книга I
      </title>
     </analytic>
     <monogr>
      <title level="m">
       Полное собрание сочинений. Том 22
      </title>
      <imprint>
       <pubPlace>
        Москва
       </pubPlace>
       <publisher>
        Государственное издательство "Художественная литература"
       </publisher>
       <date when="1871-1872"/>
      </imprint>
     </monogr>
     <series>
      <title level="s">
       Л.Н. Толстой. Полное собрание сочинений
      </title>
      <biblScope unit="vol">
       22
      </biblScope>
     </series>
    </biblStruct>
   </sourceDesc>
  </fileDesc>
  <encodingDesc>
   <classDecl>
    <xi:include href="taxonomy.xml"/>
   </classDecl>
  </encodingDesc>
  <profileDesc>
   <creation>
    <date notAfter="1872" notBefore="1871">
     1871-1872
    </date>
    <rs/>
   </creation>
   <textClass>
    <catRef target="#fiction" type="sphere"/>
    <catRef target="#произведения для детей" type="type"/>
    <catRef target="#works" type="works_letters_diaries"/>
    <catRef target="#азбука" type="ninetyDef"/>
    <catRef target="#Основное" type="main_var"/>
    <catRef target="#азбука" type="type_short"/>
    <catRef target="None" type="translation"/>
    <catRef target="None" type="translation_origin"/>
    <catRef target="#да" type="tolstoy_or_not"/>
    <catRef target="None" type="name_status"/>
   </textClass>
   <preparedness>
    finished
   </preparedness>
   <settingDesc>
    <time>
     XIX век
    </time>
   </settingDesc>
  </profileDesc>
  <xenoData>
   <cyclusName/>
   <p>
    Проект
    <title>
     Толстой.Digital
    </title>
    разрабатывается сотрудниками и студентами
    <orgName>
     Высшей школы экономики
    </orgName>
    в сотрудничестве с
    <orgName>
     Государственным музеем Л.Н. Толстого
    </orgName>
    . Источник текстов –
    <bibl>
     90-томное собрание сочинений Л.Н.Толстого
    </bibl>
    . Разметка основана на стандарте
    <ref target="http://www.tei-c.org">
     TEI (Text Encoding Initiative)
    </ref>
    .
   </p>
   <versionNumber/>
   <isFinished/>
   <isEdited/>
   <fullBibliographicDescription/>
  </xenoData>
 </teiHeader>
 <p rend="left emptyline">
  <pb n="55"/>
 </p>
 <p rend="Azbuka left" uuid="e1b0c54e-f754-449c-827c-258b5ac01d1a">
  <hi rend="over">
   <lb/>
   о
  </hi>
  <choice>
   <reg>
    дин
   </reg>
  </choice>
  чел
  <hi rend="over">
   <lb/>
   о
  </hi>
  в
  <hi rend="big">
   ѣ
  </hi>
  <choice>
   <reg>
    к
   </reg>
  </choice>
  <choice>
   <reg>
    увидал
   </reg>
  </choice>
  в
  <hi rend="over">
   <lb/>
   о
  </hi>
  <choice>
   <reg>
    сне
   </reg>
  </choice>
  мног
  <hi rend="over">
   <lb/>
   о
  </hi>
  киселя, да
  <choice>
   <reg>
    нечем
   </reg>
  </choice>
  было е
  <hi rend="over">
   <lb/>
   г
  </hi>
  о
  <hi rend="big">
   ѣ
  </hi>
  сть. На другую ночь
  <choice>
   <reg>
    он
   </reg>
  </choice>
  лё
  <hi rend="over">
   <lb/>
   г
  </hi>
  ъ спать и п
  <hi rend="over">
   <lb/>
   о
  </hi>
  л
  <hi rend="over">
   <lb/>
   о
  </hi>
  <choice>
   <reg>
    жил
   </reg>
  </choice>
  <choice>
   <reg>
    с
   </reg>
  </choice>
  с
  <hi rend="over">
   <lb/>
   о
  </hi>
  бою ло
  <hi rend="over">
   <lb/>
   ж
  </hi>
  ку, но кисель уже ему не приснилс
  <hi rend="over">
   <lb/>
   я
  </hi>
  .
 </p>
</TEI>