<?xml version="1.0" encoding="utf-8"?>
<TEI xmlns="http://www.tei-c.org/ns/1.0" xmlns:xi="http://www.w3.org/2001/XInclude">
 <teiHeader>
  <fileDesc>
   <titleStmt>
    <title>
     Произведения, написанные для «Азбуки» и не включенные в нее
    </title>
    <author>
     Толстой Л.Н.
    </author>
    <respStmt>
     <resp>
      подготовка TEI/XML
     </resp>
     <name>
      Мария Картышева, Евгений Можаев, Даниил Скоринкин, Елена Сидорова, Вероника Файнберг, Кирилл Милинцевич
     </name>
    </respStmt>
    <respStmt>
     <name>
      Анастасия Бонч-Осмоловская, Фёкла Толстая, Борис Орехов
     </name>
     <resp>
      Идея, постановка задач, руководство
     </resp>
    </respStmt>
   </titleStmt>
   <publicationStmt>
    <idno>
     Азбука  | Произведения, написанные для «Азбуки» и не включенные в нее
    </idno>
    <publisher>
     <orgName>
      Школа лингвистики НИУ ВШЭ
     </orgName>
    </publisher>
    <availability>
     <p>
      Тексты и метатекстовая разметка доступны для свободного использования и распространения по лицензии Creative Commons Attribution Share-Alike (cc by-sa)
     </p>
    </availability>
   </publicationStmt>
   <sourceDesc>
    <biblStruct>
     <analytic>
      <author>
       Толстой Л.Н.
      </author>
      <title level="a">
       Произведения, написанные для «Азбуки» и не включенные в нее
      </title>
     </analytic>
     <monogr>
      <title level="m">
       Полное собрание сочинений. Том 21
      </title>
      <imprint>
       <pubPlace>
        Москва
       </pubPlace>
       <publisher>
        Государственное издательство "Художественная литература"
       </publisher>
       <date when="1871-1872"/>
      </imprint>
     </monogr>
     <series>
      <title level="s">
       Л.Н. Толстой. Полное собрание сочинений
      </title>
      <biblScope unit="vol">
       21
      </biblScope>
     </series>
    </biblStruct>
   </sourceDesc>
  </fileDesc>
  <encodingDesc>
   <classDecl>
    <xi:include href="taxonomy.xml"/>
   </classDecl>
  </encodingDesc>
  <profileDesc>
   <creation>
    <date notAfter="1872" notBefore="1871">
     1871-1872
    </date>
    <rs/>
   </creation>
   <textClass>
    <catRef target="#fiction" type="sphere"/>
    <catRef target="#произведения для детей" type="type"/>
    <catRef target="#works" type="works_letters_diaries"/>
    <catRef target="#сборник" type="ninetyDef"/>
    <catRef target="#Неопубликованное, неотделанное, неоконченное" type="main_var"/>
    <catRef target="#сборник" type="type_short"/>
    <catRef target="None" type="translation"/>
    <catRef target="None" type="translation_origin"/>
    <catRef target="#да" type="tolstoy_or_not"/>
    <catRef target="None" type="name_status"/>
   </textClass>
   <preparedness>
    finished
   </preparedness>
   <settingDesc>
    <time>
     XIX век
    </time>
   </settingDesc>
  </profileDesc>
  <xenoData>
   <cyclusName/>
   <p>
    Проект
    <title>
     Толстой.Digital
    </title>
    разрабатывается сотрудниками и студентами
    <orgName>
     Высшей школы экономики
    </orgName>
    в сотрудничестве с
    <orgName>
     Государственным музеем Л.Н. Толстого
    </orgName>
    . Источник текстов –
    <bibl>
     90-томное собрание сочинений Л.Н.Толстого
    </bibl>
    . Разметка основана на стандарте
    <ref target="http://www.tei-c.org">
     TEI (Text Encoding Initiative)
    </ref>
    .
   </p>
   <versionNumber/>
   <isFinished/>
   <isEdited/>
   <fullBibliographicDescription/>
  </xenoData>
 </teiHeader>
 <p rend="left emptyline">
  <pb n="82"/>
 </p>
 <p rend="centerline Azbuka1" uuid="3f2e3df8-47fc-4ff1-9bd6-7325a6e1a306">
  <hi rend="Razradka">
   Птичк
  </hi>
  а. (Быль.)
 </p>
 <p rend="left Azbuka1" uuid="4df48e79-d14d-4fc9-888f-7222140fc3ea">
  <choice>
   <reg>
    Был
   </reg>
   <orig>
    Былъ
   </orig>
  </choice>
  Сережа
  <choice>
   <reg>
    имянинник
   </reg>
   <orig>
    имянинникъ
   </orig>
  </choice>
  и много ему
  <choice>
   <reg>
    разных
   </reg>
   <orig>
    разныхъ
   </orig>
  </choice>
  подарили
  <choice>
   <reg>
    подарков
   </reg>
   <orig>
    подарковъ
   </orig>
  </choice>
  ; и волчки и кони и картинки. Но дороже
  <choice>
   <reg>
    всех
   </reg>
   <orig>
    всѣхъ
   </orig>
  </choice>
  <choice>
   <reg>
    подарков
   </reg>
   <orig>
    подарковъ
   </orig>
  </choice>
  ,
  <choice>
   <reg>
    подарил
   </reg>
   <orig>
    подарилъ
   </orig>
  </choice>
  дядя
  <choice>
   <reg>
    Сереже
   </reg>
   <orig>
    Сережѣ
   </orig>
  </choice>
  <choice>
   <reg>
    сетку
   </reg>
   <orig>
    сѣтку
   </orig>
  </choice>
  ,
  <choice>
   <reg>
    чтоб
   </reg>
   <orig>
    чтобъ
   </orig>
  </choice>
  <choice>
   <reg>
    птиц
   </reg>
   <orig>
    птицъ
   </orig>
  </choice>
  ловить.
  <choice>
   <reg>
    Сетка
   </reg>
   <orig>
    Сѣтка
   </orig>
  </choice>
  <choice>
   <reg>
    сделана
   </reg>
   <orig>
    сдѣлана
   </orig>
  </choice>
  <choice>
   <reg>
    так
   </reg>
   <orig>
    такъ
   </orig>
  </choice>
  , что на
  <choice>
   <reg>
    рамке
   </reg>
   <orig>
    рамкѣ
   </orig>
  </choice>
  <choice>
   <reg>
    приделана
   </reg>
   <orig>
    придѣлана
   </orig>
  </choice>
  дощечка и
  <choice>
   <reg>
    сетка
   </reg>
   <orig>
    сѣтка
   </orig>
  </choice>
  откинута. Насыпать
  <choice>
   <reg>
    семя
   </reg>
   <orig>
    сѣмя
   </orig>
  </choice>
  на дощечку и выставить на
  <choice>
   <reg>
    двор
   </reg>
   <orig>
    дворъ
   </orig>
  </choice>
  .
  <choice>
   <reg>
    Прилетит
   </reg>
   <orig>
    Прилетитъ
   </orig>
  </choice>
  птичка,
  <choice>
   <reg>
    сядет
   </reg>
   <orig>
    сядетъ
   </orig>
  </choice>
  на дощечку, дощечка подвернется и
  <choice>
   <reg>
    сетка
   </reg>
   <orig>
    сѣтка
   </orig>
  </choice>
  сама захлопнется. Обрадовался Сережа,
  <choice>
   <reg>
    прибежал
   </reg>
   <orig>
    прибѣжалъ
   </orig>
  </choice>
  <choice>
   <reg>
    к
   </reg>
   <orig>
    къ
   </orig>
  </choice>
  матери показать
  <choice>
   <reg>
    сетку
   </reg>
   <orig>
    сѣтку
   </orig>
  </choice>
  . Мать говорить: не хороша игрушка. На что
  <choice>
   <reg>
    тебе
   </reg>
   <orig>
    тебѣ
   </orig>
  </choice>
  птички?
  <choice>
   <reg>
    зачем
   </reg>
   <orig>
    зачѣмъ
   </orig>
  </choice>
  ты
  <choice>
   <reg>
    их
   </reg>
   <orig>
    ихъ
   </orig>
  </choice>
  мучить будешь! — Я
  <choice>
   <reg>
    их
   </reg>
   <orig>
    ихъ
   </orig>
  </choice>
  <choice>
   <reg>
    в
   </reg>
   <orig>
    въ
   </orig>
  </choice>
  <choice>
   <reg>
    клетки
   </reg>
   <orig>
    клѣтки
   </orig>
  </choice>
  посажу. Они
  <choice>
   <reg>
    будут
   </reg>
   <orig>
    будутъ
   </orig>
  </choice>
  <choice>
   <reg>
    петь
   </reg>
   <orig>
    пѣть
   </orig>
  </choice>
  , и я
  <choice>
   <reg>
    их
   </reg>
   <orig>
    ихъ
   </orig>
  </choice>
  буду кормить. —
  <choice>
   <reg>
    Достал
   </reg>
   <orig>
    Досталъ
   </orig>
  </choice>
  Сережа
  <choice>
   <reg>
    семя
   </reg>
   <orig>
    сѣмя
   </orig>
  </choice>
  ,
  <choice>
   <reg>
    насыпал
   </reg>
   <orig>
    насыпалъ
   </orig>
  </choice>
  на дощечку и
  <choice>
   <reg>
    выставил
   </reg>
   <orig>
    выставилъ
   </orig>
  </choice>
  <choice>
   <reg>
    сетку
   </reg>
   <orig>
    сѣтку
   </orig>
  </choice>
  <choice>
   <reg>
    в
   </reg>
   <orig>
    въ
   </orig>
  </choice>
  <choice>
   <reg>
    сад
   </reg>
   <orig>
    садъ
   </orig>
  </choice>
  . И все
  <choice>
   <reg>
    стоял
   </reg>
   <orig>
    стоялъ
   </orig>
  </choice>
  , ждаль, что птички
  <choice>
   <reg>
    прилетят
   </reg>
   <orig>
    прилетятъ
   </orig>
  </choice>
  . Но птицы его боялись и не
  <choice>
   <reg>
    летели
   </reg>
   <orig>
    летѣли
   </orig>
  </choice>
  на
  <choice>
   <reg>
    сетку
   </reg>
   <orig>
    сѣтку
   </orig>
  </choice>
  .
  <choice>
   <reg>
    Пошел
   </reg>
   <orig>
    Пошелъ
   </orig>
  </choice>
  Сережа
  <choice>
   <reg>
    обедать
   </reg>
   <orig>
    обѣдать
   </orig>
  </choice>
  и
  <choice>
   <reg>
    сетку
   </reg>
   <orig>
    сѣтку
   </orig>
  </choice>
  <choice>
   <reg>
    оставил
   </reg>
   <orig>
    оставилъ
   </orig>
  </choice>
  .
  <choice>
   <reg>
    Поглядел
   </reg>
   <orig>
    Поглядѣлъ
   </orig>
  </choice>
  <choice>
   <reg>
    после
   </reg>
   <orig>
    послѣ
   </orig>
  </choice>
  <choice>
   <reg>
    обеда
   </reg>
   <orig>
    обѣда
   </orig>
  </choice>
  ,
  <choice>
   <reg>
    сетка
   </reg>
   <orig>
    сѣтка
   </orig>
  </choice>
  захлопнулась и
  <choice>
   <reg>
    под
   </reg>
   <orig>
    подъ
   </orig>
  </choice>
  <choice>
   <reg>
    сеткой
   </reg>
   <orig>
    сѣткой
   </orig>
  </choice>
  бьется птичка. Сережа обрадовался,
  <choice>
   <reg>
    поймал
   </reg>
   <orig>
    поймалъ
   </orig>
  </choice>
  птичку и
  <choice>
   <reg>
    понес
   </reg>
   <orig>
    понесъ
   </orig>
  </choice>
  домой. Мама! посмотрите я птичку
  <choice>
   <reg>
    поймал
   </reg>
   <orig>
    поймалъ
   </orig>
  </choice>
  , это
  <choice>
   <reg>
    верно
   </reg>
   <orig>
    вѣрно
   </orig>
  </choice>
  соловей! и
  <choice>
   <reg>
    как
   </reg>
   <orig>
    какъ
   </orig>
  </choice>
  у него сердце бьется. Мать сказала: это
  <choice>
   <reg>
    чиж
   </reg>
   <orig>
    чижъ
   </orig>
  </choice>
  . Смотри — же не мучай его, а лучше пусти.
  <choice>
   <reg>
    Нет
   </reg>
   <orig>
    Нѣтъ
   </orig>
  </choice>
  я его кормить и поить буду.
  <choice>
   <reg>
    Посадил
   </reg>
   <orig>
    Посадилъ
   </orig>
  </choice>
  Сережа чижа
  <choice>
   <reg>
    в
   </reg>
   <orig>
    въ
   </orig>
  </choice>
  <choice>
   <reg>
    клетку
   </reg>
   <orig>
    клѣтку
   </orig>
  </choice>
  и два дня
  <choice>
   <reg>
    сыпал
   </reg>
   <orig>
    сыпалъ
   </orig>
  </choice>
  ему
  <choice>
   <reg>
    семя
   </reg>
   <orig>
    сѣмя
   </orig>
  </choice>
  и
  <choice>
   <reg>
    ставил
   </reg>
   <orig>
    ставилъ
   </orig>
  </choice>
  воду и
  <choice>
   <reg>
    чистил
   </reg>
   <orig>
    чистилъ
   </orig>
  </choice>
  <choice>
   <reg>
    клетку
   </reg>
   <orig>
    клѣтку
   </orig>
  </choice>
  . На
  <choice>
   <reg>
    третий
   </reg>
   <orig>
    третiй
   </orig>
  </choice>
  день
  <choice>
   <reg>
    он
   </reg>
   <orig>
    онъ
   </orig>
  </choice>
  <choice>
   <reg>
    забыл
   </reg>
   <orig>
    забылъ
   </orig>
  </choice>
  про чижа и не
  <choice>
   <reg>
    переменил
   </reg>
   <orig>
    перемѣнилъ
   </orig>
  </choice>
  ему воду. Мать ему и
  <choice>
   <reg>
    говорит
   </reg>
   <orig>
    говоритъ
   </orig>
  </choice>
  :
  <choice>
   <reg>
    вот
   </reg>
   <orig>
    вотъ
   </orig>
  </choice>
  видишь, ты
  <choice>
   <reg>
    забыл
   </reg>
   <orig>
    забылъ
   </orig>
  </choice>
  про свою птичку, лучше пусти ее.
  <choice>
   <reg>
    Нет
   </reg>
   <orig>
    Нѣтъ
   </orig>
  </choice>
  , я не забуду, я
  <choice>
   <reg>
    сейчас
   </reg>
   <orig>
    сейчасъ
   </orig>
  </choice>
  поставлю воды и вычищу
  <choice>
   <reg>
    клетку
   </reg>
   <orig>
    клѣтку
   </orig>
  </choice>
  .
  <choice>
   <reg>
    Засунул
   </reg>
   <orig>
    Засунулъ
   </orig>
  </choice>
  Сережа руку
  <choice>
   <reg>
    в
   </reg>
   <orig>
    въ
   </orig>
  </choice>
  <choice>
   <reg>
    клетку
   </reg>
   <orig>
    клѣтку
   </orig>
  </choice>
  <choice>
   <reg>
    стал
   </reg>
   <orig>
    сталъ
   </orig>
  </choice>
  чистить, а
  <choice>
   <reg>
    чижик
   </reg>
   <orig>
    чижикъ
   </orig>
  </choice>
  испугался, бьется
  <choice>
   <reg>
    об
   </reg>
   <orig>
    объ
   </orig>
  </choice>
  <choice>
   <reg>
    клетку
   </reg>
   <orig>
    клѣтку
   </orig>
  </choice>
  . Сережа
  <choice>
   <reg>
    вычистил
   </reg>
   <orig>
    вычистилъ
   </orig>
  </choice>
  <choice>
   <reg>
    клетку
   </reg>
   <orig>
    клѣтку
   </orig>
  </choice>
  и
  <choice>
   <reg>
    пошел
   </reg>
   <orig>
    пошелъ
   </orig>
  </choice>
  за водой. Мать увидала, что
  <choice>
   <reg>
    он
   </reg>
   <orig>
    онъ
   </orig>
  </choice>
  <choice>
   <reg>
    забыл
   </reg>
   <orig>
    забылъ
   </orig>
  </choice>
  закрыть
  <choice>
   <reg>
    клетку
   </reg>
   <orig>
    клѣтку
   </orig>
  </choice>
  и
  <choice>
   <reg>
    кричит
   </reg>
   <orig>
    кричитъ
   </orig>
  </choice>
  ему: Сережа закрой
  <choice>
   <reg>
    клетку
   </reg>
   <orig>
    клѣтку
   </orig>
  </choice>
  , а то
  <choice>
   <reg>
    вылетит
   </reg>
   <orig>
    вылетитъ
   </orig>
  </choice>
  и убьется твоя птичка! Не
  <choice>
   <reg>
    успела
   </reg>
   <orig>
    успѣла
   </orig>
  </choice>
  она сказать,
  <choice>
   <reg>
    чижик
   </reg>
   <orig>
    чижикъ
   </orig>
  </choice>
  <choice>
   <reg>
    нашел
   </reg>
   <orig>
    нашелъ
   </orig>
  </choice>
  дверку, обрадовался,
  <choice>
   <reg>
    распустил
   </reg>
   <orig>
    распустилъ
   </orig>
  </choice>
  крылушки и
  <choice>
   <reg>
    полетел
   </reg>
   <orig>
    полетѣлъ
   </orig>
  </choice>
  <choice>
   <reg>
    через
   </reg>
   <orig>
    черезъ
   </orig>
  </choice>
  горницу
  <choice>
   <reg>
    к
   </reg>
   <orig>
    къ
   </orig>
  </choice>
  окошку. Да не
  <choice>
   <reg>
    видал
   </reg>
   <orig>
    видалъ
   </orig>
  </choice>
  стекла, ударился о стекло и
  <choice>
   <reg>
    упал
   </reg>
   <orig>
    упалъ
   </orig>
  </choice>
  на
  <choice>
   <reg>
    подоконник
   </reg>
   <orig>
    подоконникъ
   </orig>
  </choice>
  .
 </p>
 <p rend="left Azbuka1" uuid="73c0b33e-d85a-4344-b843-9926904d1030">
  <choice>
   <reg>
    Прибежал
   </reg>
   <orig>
    Прибѣжалъ
   </orig>
  </choice>
  Сережа,
  <choice>
   <reg>
    взял
   </reg>
   <orig>
    взялъ
   </orig>
  </choice>
  птичку,
  <choice>
   <reg>
    понес
   </reg>
   <orig>
    понесъ
   </orig>
  </choice>
  ее
  <choice>
   <reg>
    в
   </reg>
   <orig>
    въ
   </orig>
  </choice>
  <choice>
   <reg>
    клетку
   </reg>
   <orig>
    клѣтку
   </orig>
  </choice>
  .
  <choice>
   <reg>
    Чижик
   </reg>
   <orig>
    Чижикъ
   </orig>
  </choice>
  <choice>
   <reg>
    был
   </reg>
   <orig>
    былъ
   </orig>
  </choice>
  еще
  <choice>
   <reg>
    жив
   </reg>
   <orig>
    живъ
   </orig>
  </choice>
  ; но
  <choice>
   <reg>
    лежал
   </reg>
   <orig>
    лежалъ
   </orig>
  </choice>
  на груди распустивши крылушки и тяжело
  <choice>
   <reg>
    дышал
   </reg>
   <orig>
    дышалъ
   </orig>
  </choice>
  , Сережа
  <choice>
   <reg>
    смотрел
   </reg>
   <orig>
    смотрѣлъ
   </orig>
  </choice>
  ,
  <choice>
   <reg>
    смотрел
   </reg>
   <orig>
    смотрѣлъ
   </orig>
  </choice>
  и
  <choice>
   <reg>
    начал
   </reg>
   <orig>
    началъ
   </orig>
  </choice>
  плакать. — Мама! что
  <choice>
   <reg>
    мне
   </reg>
   <orig>
    мнѣ
   </orig>
  </choice>
  теперь
  <choice>
   <reg>
    делать
   </reg>
   <orig>
    дѣлать
   </orig>
  </choice>
  ?
 </p>
 <p rend="left Azbuka1" uuid="5cca51e2-0849-4b16-8e27-470c0a31fe4d">
  <pb n="83"/>
  Теперь ничего не
  <choice>
   <reg>
    сделаешь
   </reg>
   <orig>
    сдѣлаешь
   </orig>
  </choice>
  . Сережа
  <choice>
   <reg>
    целый
   </reg>
   <orig>
    цѣлый
   </orig>
  </choice>
  день не
  <choice>
   <reg>
    отходил
   </reg>
   <orig>
    отходилъ
   </orig>
  </choice>
  <choice>
   <reg>
    от
   </reg>
   <orig>
    отъ
   </orig>
  </choice>
  <choice>
   <reg>
    клетки
   </reg>
   <orig>
    клѣтки
   </orig>
  </choice>
  и все
  <choice>
   <reg>
    смотрел
   </reg>
   <orig>
    смотрѣлъ
   </orig>
  </choice>
  на чижика, а
  <choice>
   <reg>
    чижик
   </reg>
   <orig>
    чижикъ
   </orig>
  </choice>
  все такъже
  <choice>
   <reg>
    лежал
   </reg>
   <orig>
    лежалъ
   </orig>
  </choice>
  на
  <choice>
   <reg>
    грудке
   </reg>
   <orig>
    грудкѣ
   </orig>
  </choice>
  и тяжело и скоро
  <choice>
   <reg>
    дышал
   </reg>
   <orig>
    дышалъ
   </orig>
  </choice>
  . Когда Сережа
  <choice>
   <reg>
    пошел
   </reg>
   <orig>
    пошелъ
   </orig>
  </choice>
  спать,
  <choice>
   <reg>
    чижик
   </reg>
   <orig>
    чижикъ
   </orig>
  </choice>
  еще
  <choice>
   <reg>
    был
   </reg>
   <orig>
    былъ
   </orig>
  </choice>
  <choice>
   <reg>
    жив
   </reg>
   <orig>
    живъ
   </orig>
  </choice>
  . Сережа долго не
  <choice>
   <reg>
    мог
   </reg>
   <orig>
    могъ
   </orig>
  </choice>
  заснуть,
  <choice>
   <reg>
    всякий
   </reg>
   <orig>
    всякiй
   </orig>
  </choice>
  <choice>
   <reg>
    раз
   </reg>
   <orig>
    разъ
   </orig>
  </choice>
  .
  <choice>
   <reg>
    как
   </reg>
   <orig>
    какъ
   </orig>
  </choice>
  <choice>
   <reg>
    закрывал
   </reg>
   <orig>
    закрывалъ
   </orig>
  </choice>
  глаза, ему представлялся
  <choice>
   <reg>
    чижик
   </reg>
   <orig>
    чижикъ
   </orig>
  </choice>
  ,
  <choice>
   <reg>
    как
   </reg>
   <orig>
    какъ
   </orig>
  </choice>
  <choice>
   <reg>
    он
   </reg>
   <orig>
    онъ
   </orig>
  </choice>
  <choice>
   <reg>
    лежит
   </reg>
   <orig>
    лежитъ
   </orig>
  </choice>
  и
  <choice>
   <reg>
    дышет
   </reg>
   <orig>
    дышетъ
   </orig>
  </choice>
  .
  <choice>
   <reg>
    Утром
   </reg>
   <orig>
    Утромъ
   </orig>
  </choice>
  , когда Сережа
  <choice>
   <reg>
    подошел
   </reg>
   <orig>
    подошелъ
   </orig>
  </choice>
  <choice>
   <reg>
    к
   </reg>
   <orig>
    къ
   </orig>
  </choice>
  <choice>
   <reg>
    клетке
   </reg>
   <orig>
    клѣткѣ
   </orig>
  </choice>
  ,
  <choice>
   <reg>
    он
   </reg>
   <orig>
    онъ
   </orig>
  </choice>
  <choice>
   <reg>
    увидел
   </reg>
   <orig>
    увидѣлъ
   </orig>
  </choice>
  , что
  <choice>
   <reg>
    чиж
   </reg>
   <orig>
    чижъ
   </orig>
  </choice>
  уже
  <choice>
   <reg>
    лежит
   </reg>
   <orig>
    лежитъ
   </orig>
  </choice>
  на
  <choice>
   <reg>
    спинке
   </reg>
   <orig>
    спинкѣ
   </orig>
  </choice>
  ,
  <choice>
   <reg>
    поджал
   </reg>
   <orig>
    поджалъ
   </orig>
  </choice>
  лапки и
  <choice>
   <reg>
    закостенел
   </reg>
   <orig>
    закостенѣлъ
   </orig>
  </choice>
  .
  <choice>
   <reg>
    С
   </reg>
   <orig>
    Съ
   </orig>
  </choice>
  <choice>
   <reg>
    тех
   </reg>
   <orig>
    тѣхъ
   </orig>
  </choice>
  <choice>
   <reg>
    пор
   </reg>
   <orig>
    поръ
   </orig>
  </choice>
  Сережа никогда не
  <choice>
   <reg>
    ловил
   </reg>
   <orig>
    ловилъ
   </orig>
  </choice>
  <choice>
   <reg>
    птиц
   </reg>
   <orig>
    птицъ
   </orig>
  </choice>
  .
 </p>
</TEI>