<?xml version="1.0" encoding="utf-8"?>
<TEI xmlns="http://www.tei-c.org/ns/1.0" xmlns:xi="http://www.w3.org/2001/XInclude">
 <teiHeader>
  <fileDesc>
   <titleStmt>
    <title>
     Произведения, написанные для «Азбуки» и не включенные в нее
    </title>
    <author>
     Толстой Л.Н.
    </author>
    <respStmt>
     <resp>
      подготовка TEI/XML
     </resp>
     <name>
      Мария Картышева, Евгений Можаев, Даниил Скоринкин, Елена Сидорова, Вероника Файнберг, Кирилл Милинцевич
     </name>
    </respStmt>
    <respStmt>
     <name>
      Анастасия Бонч-Осмоловская, Фёкла Толстая, Борис Орехов
     </name>
     <resp>
      Идея, постановка задач, руководство
     </resp>
    </respStmt>
   </titleStmt>
   <publicationStmt>
    <idno>
     Азбука  | Произведения, написанные для «Азбуки» и не включенные в нее
    </idno>
    <publisher>
     <orgName>
      Школа лингвистики НИУ ВШЭ
     </orgName>
    </publisher>
    <availability>
     <p>
      Тексты и метатекстовая разметка доступны для свободного использования и распространения по лицензии Creative Commons Attribution Share-Alike (cc by-sa)
     </p>
    </availability>
   </publicationStmt>
   <sourceDesc>
    <biblStruct>
     <analytic>
      <author>
       Толстой Л.Н.
      </author>
      <title level="a">
       Произведения, написанные для «Азбуки» и не включенные в нее
      </title>
     </analytic>
     <monogr>
      <title level="m">
       Полное собрание сочинений. Том 21
      </title>
      <imprint>
       <pubPlace>
        Москва
       </pubPlace>
       <publisher>
        Государственное издательство "Художественная литература"
       </publisher>
       <date when="1871-1872"/>
      </imprint>
     </monogr>
     <series>
      <title level="s">
       Л.Н. Толстой. Полное собрание сочинений
      </title>
      <biblScope unit="vol">
       21
      </biblScope>
     </series>
    </biblStruct>
   </sourceDesc>
  </fileDesc>
  <encodingDesc>
   <classDecl>
    <xi:include href="taxonomy.xml"/>
   </classDecl>
  </encodingDesc>
  <profileDesc>
   <creation>
    <date notAfter="1872" notBefore="1871">
     1871-1872
    </date>
    <rs/>
   </creation>
   <textClass>
    <catRef target="#fiction" type="sphere"/>
    <catRef target="#произведения для детей" type="type"/>
    <catRef target="#works" type="works_letters_diaries"/>
    <catRef target="#сборник" type="ninetyDef"/>
    <catRef target="#Неопубликованное, неотделанное, неоконченное" type="main_var"/>
    <catRef target="#сборник" type="type_short"/>
    <catRef target="None" type="translation"/>
    <catRef target="None" type="translation_origin"/>
    <catRef target="#да" type="tolstoy_or_not"/>
    <catRef target="None" type="name_status"/>
   </textClass>
   <preparedness>
    finished
   </preparedness>
   <settingDesc>
    <time>
     XIX век
    </time>
   </settingDesc>
  </profileDesc>
  <xenoData>
   <cyclusName/>
   <p>
    Проект
    <title>
     Толстой.Digital
    </title>
    разрабатывается сотрудниками и студентами
    <orgName>
     Высшей школы экономики
    </orgName>
    в сотрудничестве с
    <orgName>
     Государственным музеем Л.Н. Толстого
    </orgName>
    . Источник текстов –
    <bibl>
     90-томное собрание сочинений Л.Н.Толстого
    </bibl>
    . Разметка основана на стандарте
    <ref target="http://www.tei-c.org">
     TEI (Text Encoding Initiative)
    </ref>
    .
   </p>
   <versionNumber/>
   <isFinished/>
   <isEdited/>
   <fullBibliographicDescription/>
  </xenoData>
 </teiHeader>
 <p rend="left emptyline">
  <pb n="53"/>
 </p>
 <p rend="Azbuka2 centerline" uuid="bd3bc379-8e76-49a4-94fb-37744f712b3f">
  <hi rend="strong">
   КРАСНАЯ ШАПОЧКА.
  </hi>
 </p>
        <p rend="Azbuka2" uuid="49093182-6b59-4ef6-99b5-1879a5a638bb">
        <choice>
         <reg>
          В
         </reg>
         <orig>
          Въ
         </orig>
        </choice>
        <choice>
         <reg>
          деревне
         </reg>
         <orig>
          деревнѣ
         </orig>
        </choice>
        жила
        <choice>
         <reg>
          девочка
         </reg>
         <orig>
          дѣвочка
         </orig>
        </choice>
        . Мать сшила ей красную шапочку и
        <choice>
         <reg>
          девочка
         </reg>
         <orig>
          дѣвочка
         </orig>
        </choice>
        всегда носила её.
        <choice>
         <reg>
          Народ
         </reg>
         <orig>
          Народъ
         </orig>
        </choice>
        <choice>
         <reg>
          стал
         </reg>
         <orig>
          сталъ
         </orig>
        </choice>
        звать
        <choice>
         <reg>
          девочку
         </reg>
         <orig>
          дѣвочку
         </orig>
        </choice>
        —
        <choice>
         <reg>
          девочка
         </reg>
         <orig>
          дѣвочка
         </orig>
        </choice>
        Красная Шапочка.
        <choice>
         <reg>
          Раз
         </reg>
         <orig>
          Разъ
         </orig>
        </choice>
        мать сказала Красной
        <choice>
         <reg>
          Шапочке
         </reg>
         <orig>
          Шапочкѣ
         </orig>
        </choice>
        : поди,
        <choice>
         <reg>
          навести
         </reg>
         <orig>
          навѣсти
         </orig>
        </choice>
        бабушку и снеси ей
        <choice>
         <reg>
          от
         </reg>
         <orig>
          отъ
         </orig>
        </choice>
        меня лепёшки и
        <choice>
         <reg>
          горшок
         </reg>
         <orig>
          горшокъ
         </orig>
        </choice>
        масла. Красная Шапочка
       </p>
    <p rend="left" uuid="6896b40e-b9ab-43cc-9b88-ed9dc24f951d">
     <pb n="54"/>
    </p>
       <p rend="Azbuka2 notindent" uuid="151b4d00-246e-456d-b89b-b110f2b24571">
        взяла гостинцы и пошла. Шла она
        <choice>
         <reg>
          через
         </reg>
         <orig>
          черезъ
         </orig>
        </choice>
        <choice>
         <reg>
          лес
         </reg>
         <orig>
          лѣсъ
         </orig>
        </choice>
        .
        <choice>
         <reg>
          Вдруг
         </reg>
         <orig>
          Вдругъ
         </orig>
        </choice>
        <choice>
         <reg>
          в
         </reg>
         <orig>
          въ
         </orig>
        </choice>
        <choice>
         <reg>
          лесу
         </reg>
         <orig>
          лѣсу
         </orig>
        </choice>
        <choice>
         <reg>
          вышел
         </reg>
         <orig>
          вышелъ
         </orig>
        </choice>
        ей на
        <choice>
         <reg>
          встречу
         </reg>
         <orig>
          встрѣчу
         </orig>
        </choice>
        <choice>
         <reg>
          волк
         </reg>
         <orig>
          волкъ
         </orig>
        </choice>
        . «Здравствуй, Красная Шапочка?» «Здравствуй,
        <choice>
         <reg>
          волк
         </reg>
         <orig>
          волкъ
         </orig>
        </choice>
        . Куда идешь?» Я иду
        <choice>
         <reg>
          к
         </reg>
         <orig>
          къ
         </orig>
        </choice>
        <choice>
         <reg>
          бабушке
         </reg>
         <orig>
          бабушкѣ
         </orig>
        </choice>
        . Она стара, ходить не
        <choice>
         <reg>
          может
         </reg>
         <orig>
          можетъ
         </orig>
        </choice>
        ,
        <choice>
         <reg>
          так
         </reg>
         <orig>
          такъ
         </orig>
        </choice>
        я несу ей масла и лепёшки. — А
        <choice>
         <reg>
          где
         </reg>
         <orig>
          гдѣ
         </orig>
        </choice>
        <choice>
         <reg>
          живёт
         </reg>
         <orig>
          живётъ
         </orig>
        </choice>
        твоя бабушка? А
        <choice>
         <reg>
          вон
         </reg>
         <orig>
          вонъ
         </orig>
        </choice>
        <choice>
         <reg>
          там
         </reg>
         <orig>
          тамъ
         </orig>
        </choice>
        за
        <choice>
         <reg>
          лесом
         </reg>
         <orig>
          лѣсомъ
         </orig>
        </choice>
        деревня,
        <choice>
         <reg>
          так
         </reg>
         <orig>
          такъ
         </orig>
        </choice>
        <choice>
         <reg>
          в
         </reg>
         <orig>
          въ
         </orig>
        </choice>
        <choice>
         <reg>
          доме
         </reg>
         <orig>
          домѣ
         </orig>
        </choice>
        <choice>
         <reg>
          с
         </reg>
         <orig>
          съ
         </orig>
        </choice>
        краю; - Ну-ка, Красная Шапочка, кто прежде
        <choice>
         <reg>
          придёт
         </reg>
         <orig>
          придётъ
         </orig>
        </choice>
        ? И
        <choice>
         <reg>
          волк
         </reg>
         <orig>
          волкъ
         </orig>
        </choice>
        пустился
        <choice>
         <reg>
          бежать
         </reg>
         <orig>
          бѣжать
         </orig>
        </choice>
        ; а Красная Шапочка стала брать грибы и ягоды и забыла про волка.
        <choice>
         <reg>
          Волк
         </reg>
         <orig>
          Волкъ
         </orig>
        </choice>
        <choice>
         <reg>
          пришёл
         </reg>
         <orig>
          пришёлъ
         </orig>
        </choice>
        прежде Красной Шапочки,
        <choice>
         <reg>
          нашёл
         </reg>
         <orig>
          нашёлъ
         </orig>
        </choice>
        <choice>
         <reg>
          дом
         </reg>
         <orig>
          домъ
         </orig>
        </choice>
        бабушки и
        <choice>
         <reg>
          толкнул
         </reg>
         <orig>
          толкнулъ
         </orig>
        </choice>
        дверь. Бабушка спросила: кто
        <choice>
         <reg>
          там
         </reg>
         <orig>
          тамъ
         </orig>
        </choice>
        ?
        <choice>
         <reg>
          Волк
         </reg>
         <orig>
          Волкъ
         </orig>
        </choice>
        <choice>
         <reg>
          сказал
         </reg>
         <orig>
          сказалъ
         </orig>
        </choice>
        : это я,
       </p>
       <p rend="Azbuka2 notindent" uuid="5f457d47-ecb4-4a29-8649-1f6c2ed4974f">
        бабушка, Красная Шапочка. Бабушка сказала: подыми, внучка, щеколду. Волкъ вошёлъ, вскочилъ на постель бабушки, заѣлъ бабушку, а самъ надѣлъ ея платокъ на голову и лёгъ въ постель. Когда Красная Шапочка пришла, она тоже толкнула дверь и волкъ ей сказалъ: подыми, внучка, щеколду. Красная Шапочка вошла, подошла къ постели и сказала: здравствуй, бабушка! Отчего у тебя нынче такіе большіе глаза? А волкъ сказалъ: чтобы лучше глядѣть на тебя, внучка. — А за чѣмъ у тебя зубы велики, бабушка? - Чтобъ тебя загрызть, внучка!.. И волкъ схватилъ Красную Шапочку и заѣлъ её. А самъ раздѣлся и ушёлъ опять въ лѣсъ.
       </p>
</TEI>