<?xml version="1.0" encoding="utf-8"?>
<TEI xmlns="http://www.tei-c.org/ns/1.0" xmlns:xi="http://www.w3.org/2001/XInclude">
 <teiHeader>
  <fileDesc>
   <titleStmt>
    <title>
     Произведения, написанные для «Азбуки» и не включенные в нее
    </title>
    <author>
     Толстой Л.Н.
    </author>
    <respStmt>
     <resp>
      подготовка TEI/XML
     </resp>
     <name>
      Мария Картышева, Евгений Можаев, Даниил Скоринкин, Елена Сидорова, Вероника Файнберг, Кирилл Милинцевич
     </name>
    </respStmt>
    <respStmt>
     <name>
      Анастасия Бонч-Осмоловская, Фёкла Толстая, Борис Орехов
     </name>
     <resp>
      Идея, постановка задач, руководство
     </resp>
    </respStmt>
   </titleStmt>
   <publicationStmt>
    <idno>
     Азбука  | Произведения, написанные для «Азбуки» и не включенные в нее
    </idno>
    <publisher>
     <orgName>
      Школа лингвистики НИУ ВШЭ
     </orgName>
    </publisher>
    <availability>
     <p>
      Тексты и метатекстовая разметка доступны для свободного использования и распространения по лицензии Creative Commons Attribution Share-Alike (cc by-sa)
     </p>
    </availability>
   </publicationStmt>
   <sourceDesc>
    <biblStruct>
     <analytic>
      <author>
       Толстой Л.Н.
      </author>
      <title level="a">
       Произведения, написанные для «Азбуки» и не включенные в нее
      </title>
     </analytic>
     <monogr>
      <title level="m">
       Полное собрание сочинений. Том 21
      </title>
      <imprint>
       <pubPlace>
        Москва
       </pubPlace>
       <publisher>
        Государственное издательство "Художественная литература"
       </publisher>
       <date when="1871-1872"/>
      </imprint>
     </monogr>
     <series>
      <title level="s">
       Л.Н. Толстой. Полное собрание сочинений
      </title>
      <biblScope unit="vol">
       21
      </biblScope>
     </series>
    </biblStruct>
   </sourceDesc>
  </fileDesc>
  <encodingDesc>
   <classDecl>
    <xi:include href="taxonomy.xml"/>
   </classDecl>
  </encodingDesc>
  <profileDesc>
   <creation>
    <date notAfter="1872" notBefore="1871">
     1871-1872
    </date>
    <rs/>
   </creation>
   <textClass>
    <catRef target="#fiction" type="sphere"/>
    <catRef target="#произведения для детей" type="type"/>
    <catRef target="#works" type="works_letters_diaries"/>
    <catRef target="#сборник" type="ninetyDef"/>
    <catRef target="#Неопубликованное, неотделанное, неоконченное" type="main_var"/>
    <catRef target="#сборник" type="type_short"/>
    <catRef target="None" type="translation"/>
    <catRef target="None" type="translation_origin"/>
    <catRef target="#да" type="tolstoy_or_not"/>
    <catRef target="None" type="name_status"/>
   </textClass>
   <preparedness>
    finished
   </preparedness>
   <settingDesc>
    <time>
     XIX век
    </time>
   </settingDesc>
  </profileDesc>
  <xenoData>
   <cyclusName/>
   <p>
    Проект
    <title>
     Толстой.Digital
    </title>
    разрабатывается сотрудниками и студентами
    <orgName>
     Высшей школы экономики
    </orgName>
    в сотрудничестве с
    <orgName>
     Государственным музеем Л.Н. Толстого
    </orgName>
    . Источник текстов –
    <bibl>
     90-томное собрание сочинений Л.Н.Толстого
    </bibl>
    . Разметка основана на стандарте
    <ref target="http://www.tei-c.org">
     TEI (Text Encoding Initiative)
    </ref>
    .
   </p>
   <versionNumber/>
   <isFinished/>
   <isEdited/>
   <fullBibliographicDescription/>
  </xenoData>
 </teiHeader>
 <p rend="left emptyline">
  <pb n="79"/>
 </p>
    <p rend="centerline Azbuka1" uuid="14b1dbca-e707-40d4-80f6-bd1c6a72cac6">
     <hi rend="Razradka">
      <choice>
       <reg>
        Девочка
       </reg>
       <orig>
        Дѣвочка
       </orig>
      </choice>
      и разбойник
     </hi>
     и. (Сказка.)
    </p>
    <p rend="left Azbuka1" uuid="87712410-3101-4896-bfec-297c6a427320">
     Одна
     <choice>
      <reg>
       девочка
      </reg>
      <orig>
       дѣвочка
      </orig>
     </choice>
     стерегла
     <choice>
      <reg>
       в
      </reg>
      <orig>
       въ
      </orig>
     </choice>
     <choice>
      <reg>
       поле
      </reg>
      <orig>
       полѣ
      </orig>
     </choice>
     корову. Пришли разбойники и увезли
     <choice>
      <reg>
       девочку
      </reg>
      <orig>
       дѣвочку
      </orig>
     </choice>
     . Разбойники привезли
     <choice>
      <reg>
       девочку
      </reg>
      <orig>
       дѣвочку
      </orig>
     </choice>
     <choice>
      <reg>
       в
      </reg>
      <orig>
       въ
      </orig>
     </choice>
     <choice>
      <reg>
       лес
      </reg>
      <orig>
       лѣсъ
      </orig>
     </choice>
     <choice>
      <reg>
       в
      </reg>
      <orig>
       въ
      </orig>
     </choice>
     <choice>
      <reg>
       дом
      </reg>
      <orig>
       домъ
      </orig>
     </choice>
     и
     <choice>
      <reg>
       велели
      </reg>
      <orig>
       велѣли
      </orig>
     </choice>
     ей стряпать, убирать и шить.
     <choice>
      <reg>
       Девочка
      </reg>
      <orig>
       Дѣвочка
      </orig>
     </choice>
     жила у
     <choice>
      <reg>
       разбойников
      </reg>
      <orig>
       разбойниковъ
      </orig>
     </choice>
     , работала на
     <choice>
      <reg>
       них
      </reg>
      <orig>
       нихъ
      </orig>
     </choice>
     и не знала
     <choice>
      <reg>
       как
      </reg>
      <orig>
       какъ
      </orig>
     </choice>
     уйти. Когда
     <pb n="80"/>
     разбойники уходили, они запирали
     <choice>
      <reg>
       девочку
      </reg>
      <orig>
       дѣвочку
      </orig>
     </choice>
     .
     <choice>
      <reg>
       Раз
      </reg>
      <orig>
       Разъ
      </orig>
     </choice>
     ушли
     <choice>
      <reg>
       все
      </reg>
      <orig>
       всѣ
      </orig>
     </choice>
     разбойники и оставили
     <choice>
      <reg>
       девочку
      </reg>
      <orig>
       дѣвочку
      </orig>
     </choice>
     одну. Она принесла соломы,
     <choice>
      <reg>
       сделала
      </reg>
      <orig>
       сдѣлала
      </orig>
     </choice>
     <choice>
      <reg>
       из
      </reg>
      <orig>
       изъ
      </orig>
     </choice>
     соломы куклу,
     <choice>
      <reg>
       надела
      </reg>
      <orig>
       надѣла
      </orig>
     </choice>
     на нее свои платья и посадила у окна. А сама вымазалась
     <choice>
      <reg>
       мёдом
      </reg>
      <orig>
       мёдомъ
      </orig>
     </choice>
     , вывалялась
     <choice>
      <reg>
       в
      </reg>
      <orig>
       въ
      </orig>
     </choice>
     <choice>
      <reg>
       перьях
      </reg>
      <orig>
       перьяхъ
      </orig>
     </choice>
     , и стала похожа на страшную птицу. Она выскочила
     <choice>
      <reg>
       в
      </reg>
      <orig>
       въ
      </orig>
     </choice>
     окно и
     <choice>
      <reg>
       побежала
      </reg>
      <orig>
       побѣжала
      </orig>
     </choice>
     . Только что она вышла на дорогу,
     <choice>
      <reg>
       видит
      </reg>
      <orig>
       видитъ
      </orig>
     </choice>
     на
     <choice>
      <reg>
       встречу
      </reg>
      <orig>
       встрѣчу
      </orig>
     </choice>
     ей идуть разбойники. Разбойники не узнали ее и спросили: «чучело, что наша
     <choice>
      <reg>
       девочка
      </reg>
      <orig>
       дѣвочка
      </orig>
     </choice>
     <choice>
      <reg>
       делает
      </reg>
      <orig>
       дѣлаетъ
      </orig>
     </choice>
     ? A
     <choice>
      <reg>
       девочка
      </reg>
      <orig>
       дѣвочка
      </orig>
     </choice>
     и
     <choice>
      <reg>
       говорит
      </reg>
      <orig>
       говоритъ
      </orig>
     </choice>
     :
    </p>
    <p rend="left Azbuka1" uuid="919a6a1a-308d-412f-9a1f-23867150854c">
     «Она
     <choice>
      <reg>
       моет
      </reg>
      <orig>
       моетъ
      </orig>
     </choice>
     , готовить и
     <choice>
      <reg>
       шьет
      </reg>
      <orig>
       шьетъ
      </orig>
     </choice>
     , у окна
     <choice>
      <reg>
       разбойничков
      </reg>
      <orig>
       разбойничковъ
      </orig>
     </choice>
     <choice>
      <reg>
       ждет
      </reg>
      <orig>
       ждетъ
      </orig>
     </choice>
     . И сама еще
     <choice>
      <reg>
       скорее
      </reg>
      <orig>
       скорѣе
      </orig>
     </choice>
     <choice>
      <reg>
       побежала
      </reg>
      <orig>
       побѣжала
      </orig>
     </choice>
     .
    </p>
    <p rend="left Azbuka1" uuid="44e72482-f8ba-49a1-accf-659f7df696a1">
     Разбойники пришли домой и
     <choice>
      <reg>
       видят
      </reg>
      <orig>
       видятъ
      </orig>
     </choice>
     у окна кто-то
     <choice>
      <reg>
       сидит
      </reg>
      <orig>
       сидитъ
      </orig>
     </choice>
     . Они поклонились и говорять: здравствуй, наша
     <choice>
      <reg>
       девочка
      </reg>
      <orig>
       дѣвочка
      </orig>
     </choice>
     , отопри
     <choice>
      <reg>
       нам
      </reg>
      <orig>
       намъ
      </orig>
     </choice>
     ; и
     <choice>
      <reg>
       видят
      </reg>
      <orig>
       видятъ
      </orig>
     </choice>
     , что
     <choice>
      <reg>
       девочка
      </reg>
      <orig>
       дѣвочка
      </orig>
     </choice>
     не кланяется и
     <choice>
      <reg>
       молчит
      </reg>
      <orig>
       молчитъ
      </orig>
     </choice>
     . Они стали бранить куклу, а она все недвигается и
     <choice>
      <reg>
       молчит
      </reg>
      <orig>
       молчитъ
      </orig>
     </choice>
     . Тогда они сломали дверь и
     <choice>
      <reg>
       хотели
      </reg>
      <orig>
       хотѣли
      </orig>
     </choice>
     убить
     <choice>
      <reg>
       девочку
      </reg>
      <orig>
       дѣвочку
      </orig>
     </choice>
     — и
     <choice>
      <reg>
       тут
      </reg>
      <orig>
       тутъ
      </orig>
     </choice>
     увидали, что это не
     <choice>
      <reg>
       девочка
      </reg>
      <orig>
       дѣвочка
      </orig>
     </choice>
     . а соломенная кукла. Разбойники ее бросили и
     <choice>
      <reg>
       говорят
      </reg>
      <orig>
       говорятъ
      </orig>
     </choice>
     : обманула
     <choice>
      <reg>
       нас
      </reg>
      <orig>
       насъ
      </orig>
     </choice>
     <choice>
      <reg>
       девочка
      </reg>
      <orig>
       дѣвочка
      </orig>
     </choice>
     !
    </p>
    <p rend="left Azbuka1" uuid="71ee3f38-b7ec-4fd7-989c-44ee31009845">
     A
     <choice>
      <reg>
       девочка
      </reg>
      <orig>
       дѣвочка
      </orig>
     </choice>
     пришла
     <choice>
      <reg>
       к
      </reg>
      <orig>
       къ
      </orig>
     </choice>
     <choice>
      <reg>
       реке
      </reg>
      <orig>
       рѣкѣ
      </orig>
     </choice>
     , обмылась и пришла домой.
    </p>
</TEI>