<?xml version="1.0" encoding="utf-8"?>
<TEI xmlns="http://www.tei-c.org/ns/1.0" xmlns:xi="http://www.w3.org/2001/XInclude">
 <teiHeader>
  <fileDesc>
   <titleStmt>
    <title>
     Произведения, написанные для «Азбуки» и не включенные в нее
    </title>
    <author>
     Толстой Л.Н.
    </author>
    <respStmt>
     <resp>
      подготовка TEI/XML
     </resp>
     <name>
      Мария Картышева, Евгений Можаев, Даниил Скоринкин, Елена Сидорова, Вероника Файнберг, Кирилл Милинцевич
     </name>
    </respStmt>
    <respStmt>
     <name>
      Анастасия Бонч-Осмоловская, Фёкла Толстая, Борис Орехов
     </name>
     <resp>
      Идея, постановка задач, руководство
     </resp>
    </respStmt>
   </titleStmt>
   <publicationStmt>
    <idno>
     Азбука  | Произведения, написанные для «Азбуки» и не включенные в нее
    </idno>
    <publisher>
     <orgName>
      Школа лингвистики НИУ ВШЭ
     </orgName>
    </publisher>
    <availability>
     <p>
      Тексты и метатекстовая разметка доступны для свободного использования и распространения по лицензии Creative Commons Attribution Share-Alike (cc by-sa)
     </p>
    </availability>
   </publicationStmt>
   <sourceDesc>
    <biblStruct>
     <analytic>
      <author>
       Толстой Л.Н.
      </author>
      <title level="a">
       Произведения, написанные для «Азбуки» и не включенные в нее
      </title>
     </analytic>
     <monogr>
      <title level="m">
       Полное собрание сочинений. Том 21
      </title>
      <imprint>
       <pubPlace>
        Москва
       </pubPlace>
       <publisher>
        Государственное издательство "Художественная литература"
       </publisher>
       <date when="1871-1872"/>
      </imprint>
     </monogr>
     <series>
      <title level="s">
       Л.Н. Толстой. Полное собрание сочинений
      </title>
      <biblScope unit="vol">
       21
      </biblScope>
     </series>
    </biblStruct>
   </sourceDesc>
  </fileDesc>
  <encodingDesc>
   <classDecl>
    <xi:include href="taxonomy.xml"/>
   </classDecl>
  </encodingDesc>
  <profileDesc>
   <creation>
    <date notAfter="1872" notBefore="1871">
     1871-1872
    </date>
    <rs/>
   </creation>
   <textClass>
    <catRef target="#fiction" type="sphere"/>
    <catRef target="#произведения для детей" type="type"/>
    <catRef target="#works" type="works_letters_diaries"/>
    <catRef target="#сборник" type="ninetyDef"/>
    <catRef target="#Неопубликованное, неотделанное, неоконченное" type="main_var"/>
    <catRef target="#сборник" type="type_short"/>
    <catRef target="None" type="translation"/>
    <catRef target="None" type="translation_origin"/>
    <catRef target="#да" type="tolstoy_or_not"/>
    <catRef target="None" type="name_status"/>
   </textClass>
   <preparedness>
    finished
   </preparedness>
   <settingDesc>
    <time>
     XIX век
    </time>
   </settingDesc>
  </profileDesc>
  <xenoData>
   <cyclusName/>
   <p>
    Проект
    <title>
     Толстой.Digital
    </title>
    разрабатывается сотрудниками и студентами
    <orgName>
     Высшей школы экономики
    </orgName>
    в сотрудничестве с
    <orgName>
     Государственным музеем Л.Н. Толстого
    </orgName>
    . Источник текстов –
    <bibl>
     90-томное собрание сочинений Л.Н.Толстого
    </bibl>
    . Разметка основана на стандарте
    <ref target="http://www.tei-c.org">
     TEI (Text Encoding Initiative)
    </ref>
    .
   </p>
   <versionNumber/>
   <isFinished/>
   <isEdited/>
   <fullBibliographicDescription/>
  </xenoData>
 </teiHeader>
 <p rend="left emptyline">
  <pb n="53"/>
 </p>
 <p rend="Azbuka2" uuid="cf6069bb-00de-4456-b63f-2603f9501a86">
  Шли по
  <choice>
   <reg>
    дороге
   </reg>
  </choice>
  <choice>
   <reg>
    старик
   </reg>
  </choice>
  и молодой.
  <choice>
   <reg>
    Видят
   </reg>
  </choice>
  они: на
  <choice>
   <reg>
    дороге
   </reg>
  </choice>
  <choice>
   <reg>
    лежит
   </reg>
  </choice>
  <choice>
   <reg>
    мешок
   </reg>
  </choice>
  <choice>
   <reg>
    денег
   </reg>
  </choice>
  . Молодой
  <choice>
   <reg>
    поднял
   </reg>
  </choice>
  и
  <choice>
   <reg>
    сказал
   </reg>
  </choice>
  :
  <choice>
   <reg>
    вот
   </reg>
  </choice>
  <choice>
   <reg>
    Бог
   </reg>
  </choice>
  <choice>
   <reg>
    мне
   </reg>
  </choice>
  находку
  <choice>
   <reg>
    послал
   </reg>
  </choice>
  . А старики
  <choice>
   <reg>
    сказал
   </reg>
  </choice>
  :
  <choice>
   <reg>
    чур
   </reg>
  </choice>
  <choice>
   <reg>
    вместе
   </reg>
  </choice>
  . Молодой
  <choice>
   <reg>
    сказал
   </reg>
  </choice>
  :
  <choice>
   <reg>
    нет
   </reg>
  </choice>
  мы не
  <choice>
   <reg>
    вместе
   </reg>
  </choice>
  нашли, я
  <choice>
   <reg>
    один
   </reg>
  </choice>
  <choice>
   <reg>
    поднял
   </reg>
  </choice>
  .
  <choice>
   <reg>
    Старик
   </reg>
  </choice>
  ничего не
  <choice>
   <reg>
    сказал
   </reg>
  </choice>
  .-Прошли они ещё немного.
  <choice>
   <reg>
    Вдруг
   </reg>
  </choice>
 </p>
</TEI>